User-ID,SVD1,SVD2,Cluster
44,0.15761529283257777,-0.13187759779933253,3
99,0.7067618712777278,0.49791632952927417,16
114,1.5718814849893397,0.2835090030504559,3
165,1.1162981153313545,0.48311981919647523,20
242,0.43326903034068676,0.11306805328826565,3
243,11.91496794368233,1.1155672297234622,22
244,1.0924991757376536,0.7197013359352227,24
254,17.172158578170517,5.876916342088166,21
383,1.2595461618607964,1.3544789473255727,16
388,3.4886229948803287,0.8893098463548057,30
408,0.8988902522498222,-1.7244345908861183,3
424,1.8940710897676425,0.980860559762009,3
446,1.5993814164071634,1.5960286463288835,8
486,1.3817176574363363,1.2037359107597945,20
487,0.8327052095576859,0.2936140513621168,3
503,2.0023941340082563,0.6260667869027686,24
505,0.46500483245937196,-0.5559073796153091,3
507,3.118571776202099,3.1785763324526357,28
595,1.8902584880921796,1.432474481189981,3
626,0.43326903034068676,0.11306805328826565,3
638,5.745617302492082,5.602793971118024,1
651,0.525132892355438,0.5097956871210644,3
709,0.5872514191662485,0.9147779227349948,3
728,0.9437000483204948,-1.983562477807763,3
735,1.0829188075707976,-1.4456520289587058,3
741,1.128516904785937,-1.449915777087959,3
805,4.2427497953781375,3.591376133108335,22
819,1.2903143990926742,-1.4973907636678128,3
843,0.37019647795084004,0.38503437389853845,3
853,0.44355473592136535,0.17151302134865193,3
876,1.38068398416869,-1.7674607489034047,5
882,14.585690394937961,4.316545363628667,21
899,0.19735735525514622,0.05150336257191873,3
900,1.350743303499173,0.5219683494914096,3
901,0.43326903034068676,0.11306805328826565,3
915,0.8014425650725411,0.809589541998122,26
929,1.3689268483230494,-2.1588238316466484,3
1025,2.4510866445976016,0.8737593600151556,3
1075,4.724771013011096,5.88559678806267,16
1083,0.5059439840225974,0.09354054173994522,3
1113,0.6685074291478196,0.1260251223563859,3
1129,1.2150774616469022,0.836453551264002,18
1131,4.199728417905622,2.887944098683628,20
1161,0.22348272412860626,0.22438207665628626,3
1167,1.4256414005224118,-0.3762644316406839,24
1211,1.30002259925513,1.2674108268463538,1
1249,0.5133232180577075,0.007437518706608482,17
1254,1.1752851177470955,1.0930898802387934,3
1261,1.1621136787184203,1.1984716671275466,22
1343,0.43326903034068676,0.11306805328826565,3
1412,1.0866131032230992,0.9227846851747703,26
1424,4.691082549906656,1.0441818285624842,22
1435,7.989645076190658,-4.913616657346818,5
1436,1.0667455413931817,-1.6204008126959564,3
1548,1.4162281339704808,0.6676845025317774,22
1585,0.5893754740879763,0.07376696961984498,3
1608,1.9133619448830756,-0.3886998343239665,3
1652,1.9252393354461752,1.835944994399559,1
1674,1.2148433494411726,0.3556149674231059,3
1725,0.6436363962861337,0.6501792118259254,26
1733,2.8073805276863077,-1.907535023243352,3
1790,0.40140908626847155,-0.8291421408849449,3
1797,0.44665858152198995,0.10932458162221542,3
1805,1.2019116905170184,1.4059084493872438,3
1812,0.5339821939742341,-1.035829811464595,11
1848,6.043014984966431,-1.7340891091219137,26
1903,3.351395426420969,-2.4178253292453498,13
1928,1.9575047305541615,3.049259742449983,30
2012,1.2404640267584173,-1.4611087512044458,3
2030,0.4292843211676549,0.3622049060598062,3
2033,4.553807183315187,-5.696909461412395,26
2110,2.6881002069365305,0.3880891765498649,16
2179,2.288376524688016,1.3506726908429065,1
2197,0.46573196898382213,0.3379117144146472,3
2255,0.3207762983148859,-0.4197487514832505,3
2276,5.952115629482411,-4.864605520152223,12
2287,0.388125125735918,-0.466165218023538,3
2288,0.9793755555014697,0.7091401158725547,3
2295,0.20032404519095234,0.24990371015564466,3
2313,1.885500346773524,1.6693685013434814,3
2326,1.0980308073713272,1.0212384600162234,3
2333,1.2019116905170184,1.4059084493872438,3
2337,2.9893153723973755,2.0727073138080154,16
2358,3.4935375799858823,3.078031654046744,30
2375,1.0858029470842798,0.7242844422794098,3
2399,0.8401865182934531,-0.9729656904752798,3
2411,0.29603603288271935,0.0772550438578781,3
2439,0.5241877698270302,-0.07266246564252289,12
2559,1.0505781249438013,0.40597538293776303,3
2589,0.5193541294285713,0.4018801308918289,3
2630,1.190948320573205,-2.304948067936328,11
2719,0.5676533470795285,0.02393757948510981,3
2766,12.909996867103713,3.3423715572940242,0
2770,0.35023965497358145,-0.13917096249547656,3
2790,3.429687200503405,3.603533988460844,30
2793,2.8434870202505684,-1.2699147730192077,3
2799,0.26964252432052,0.33637832732061373,3
2854,1.6373708380198067,2.374607158524973,30
2855,1.8026838694230916,0.5155145250690052,3
2891,7.577333302645471,4.8870279883319485,0
2907,0.49271948107523034,-0.5322642339826262,3
2977,5.745690331563623,-1.1528808855992012,13
2996,0.7406593139871607,0.25306805771017266,3
3079,0.8844505602539136,1.0039592853215051,3
3100,1.1018899840786363,0.5617340468314831,3
3104,0.40977758806424563,0.3495662127635269,3
3145,2.6860359575471375,-2.592475647656211,3
3167,3.36309687740302,-3.5750336602383626,5
3168,0.5074082461864566,0.05528243956084408,3
3192,0.3341960868444237,0.08088099581424428,3
3282,1.073381421272152,-1.7224933942160345,26
3329,0.6612136189622293,-1.0322477334503481,3
3331,0.64136343019289,0.28152613739898347,3
3344,1.5656876947718348,1.1700382521762227,18
3346,2.6778068009545515,2.8081915125379515,30
3350,2.5221870494482044,1.3369464372949704,6
3363,23.280658374113013,6.7046110817664335,21
3371,6.604760911104893,-0.6049114229678239,17
3373,2.202094353163985,1.1237302910050173,3
3374,0.42680109345958595,-0.2622375201471743,3
3418,1.213972466425373,-0.6236733754833408,3
3427,0.18879577867162015,-0.158975733605367,3
3481,0.5955631804402978,-0.5509597272211421,3
3538,0.6436363962861337,0.6501792118259254,26
3542,1.5661636732464999,-0.017926686190320725,3
3556,5.261004235047811,0.9738989085034732,1
3569,0.511328053725901,0.02156237779976558,3
3640,0.8457275449776495,0.4278765150703082,3
3643,0.8617549678715565,0.20222056628810867,3
3659,0.5696307367239399,0.37257703864285063,3
3669,1.2701256116174489,0.7727761407920163,3
3675,0.4258465267462017,-0.21353187502533633,3
3739,0.6295120059285191,0.3795962219752148,0
3761,1.1033144719615484,0.9758281333576156,3
3814,0.4535197766666105,0.3002507778307115,3
3817,1.726001828527565,-1.7312512600449617,8
3827,1.6699988146539892,-0.9562408273396608,3
3840,1.5771400615708564,-1.2976344007750888,3
3923,0.5022653720021542,0.19849989041843275,3
3965,0.48517514073166634,-0.7855462171647809,3
3977,0.5015931200465583,0.408185299763727,3
4017,20.442618524815835,13.663203777243115,21
4066,0.5380101636018675,-0.8097227054560197,3
4090,0.9197340183969633,0.4675189915074487,3
4091,0.5216919661047348,0.017109021843680988,3
4092,3.759952907462815,-0.6589365129202606,12
4098,2.271490962969858,1.7937529920893514,1
4131,0.09867867762757311,0.025751681285959366,3
4144,1.218550049734586,-0.006775190747722398,0
4149,0.058373275828930246,-0.023195160415912762,3
4157,3.763945130197815,1.8737365080189272,13
4179,0.4392860937278754,-0.8279438688738066,3
4221,0.8918236612488863,0.2533229054831343,3
4225,1.7593388506222587,0.04044225714889029,6
4228,1.8099271809678528,1.270636832007143,3
4285,0.43326903034068676,0.11306805328826565,3
4334,3.0941635223619626,3.9302057466297273,1
4365,1.2064072277917421,0.07948947667495655,3
4370,1.3450314025635122,1.2437978635213407,3
4385,1.4029256014453997,-1.0647019663109472,16
4514,1.6517250736306874,1.300958465491054,1
4570,1.1266060397150781,0.7542490617570994,3
4571,1.153229180134872,0.8552297903941801,18
4622,2.3849637096759206,0.8215988255538577,26
4781,0.43326903034068676,0.11306805328826565,3
4785,1.8422107490446906,0.9102606291937179,3
4795,4.337634275829774,4.86397625406149,22
4802,1.7617542574987453,2.7443337682049846,30
4845,0.34567632949901,-0.19323112743456283,3
4864,0.24563528535947515,-0.12487362025064348,3
4896,2.429374945947775,-0.9153311136304071,3
4938,3.537659572124982,-1.5447340494596553,3
4973,0.6804453717618555,0.49337398915924047,3
5037,5.333009163058355,-8.112745297799593,29
5048,1.0487632315294941,0.9697531202658595,13
5091,1.3598725122651445,1.6114518515390095,3
5163,0.20295266369878456,0.10786338743136685,3
5207,1.517118291870103,-1.245074349309629,3
5268,1.3701890377870398,0.18403071349260197,3
5287,0.360124454604894,-0.14855279814474465,3
5331,1.9608190259808933,-3.182375824039264,26
5333,1.0965983827275918,-2.0407234487219883,26
5375,0.34910473362751127,0.3630972484701345,3
5385,0.9577943559871767,-1.4598477596563395,5
5416,0.4727012527303581,-0.23083743057150574,3
5439,6.661538769564551,2.752662054930848,20
5476,4.589911049779085,4.033275006670925,1
5479,0.2834378025722289,-0.010891947669131255,3
5483,5.108435628717474,-2.2215939545434704,29
5490,1.257572417331647,0.860918053456406,3
5506,0.43326903034068676,0.11306805328826565,3
5539,5.36243647503361,2.669929457826929,16
5543,1.1851375997906204,-1.0329124380419608,5
5582,6.179067876874009,2.32551344613678,27
5585,0.906682591201162,-0.03562289921924056,3
5600,0.5074082461864566,0.05528243956084408,3
5604,0.5920720657654387,0.1545100877157562,3
5609,5.096862498491735,-3.6138765002430566,3
5638,0.7182071211504514,-0.47109809450259393,3
5694,0.40979438775570054,-0.23271480764425262,3
5709,0.9437000483204948,-1.983562477807763,3
5722,1.8029702628629631,1.6843374449525133,1
5737,3.094087209229513,0.5420830645624265,3
5746,0.3069374119703565,-0.3656017485901795,3
5783,0.4120571092241805,-0.6257512478029538,3
5792,0.42680109345958595,-0.2622375201471743,3
5815,1.4099576927540771,-0.11608403065774751,3
5850,1.0184517288971775,0.8382408818518216,3
5899,0.4981742860472194,0.19263321984530413,3
5903,15.091261964948439,7.704545481719274,21
5932,0.25873998276879007,0.18772873023035955,3
5942,0.5323303579851336,-0.009534594817800432,3
5956,0.29186637914465124,-0.11597580207956382,3
5975,1.4588868228691823,-0.3095846584967398,3
6007,1.694137593120519,-1.4114588243993758,3
6011,0.46697219207206925,-0.8801252051473658,3
6073,2.425290504353088,-2.749064542640661,12
6102,0.949466632909972,0.17997895238108103,28
6115,1.1902778839117443,-0.8067084709538743,11
6120,0.43326903034068676,0.11306805328826565,3
6238,1.2391347185011006,0.32113631449357755,3
6242,6.99397437274216,5.966289900124188,0
6251,36.08603061733423,2.0435063734959154,19
6285,0.9831207030086794,0.5928225372878551,0
6318,0.2086618668478403,-0.10607744194167926,3
6323,5.47242705447038,-3.375255480974756,6
6333,1.322579165687404,1.3952345285902346,16
6336,0.39442694440682247,0.13630864423931083,3
6345,1.2848810314145347,0.17884226760532596,3
6347,0.7048429508358518,-0.1338742127208081,3
6368,1.0210559160614467,0.9240158506529649,26
6431,1.0762491438955117,0.07686640433737137,3
6450,0.4535197766666105,0.3002507778307115,3
6492,0.7969248696077322,0.2722928410997576,3
6501,2.0767922743372607,0.7960507102125376,20
6507,0.43326903034068676,0.11306805328826565,3
6535,1.444469554727922,1.4082342520515043,1
6537,1.979389872637124,1.415761431826985,3
6543,16.52877615724944,5.86251017267599,27
6563,22.783253063707694,3.816264234773191,21
6566,1.1271680849729457,0.617203163163172,18
6575,47.001208032573864,19.374329441348987,7
6577,4.498418191685549,0.09399385265121145,0
6582,0.4182002319501911,0.03070754493945672,3
6592,0.7577627656072463,-0.6078462225930473,3
6611,0.5253594824603722,-0.20875644374321486,3
6642,0.6258795856587406,0.07833586976521827,3
6679,2.826340262443236,2.080823289462509,3
6689,0.09548459624126392,0.023108855946926937,3
6772,1.6430150143811533,-0.6651154894346357,3
6789,3.0381580968339383,1.232066583125466,3
6866,0.8612201964040129,-1.2444659117733687,3
6871,0.9461039491287381,-1.6074131554580833,3
6884,0.8683289508519254,-0.4678828520087087,3
6894,0.6226771036288674,-1.16343863676212,3
6900,7.921491157063889,-0.05944783814537094,9
6906,0.29396353676028464,-0.3304624113119367,3
7033,1.350743303499173,0.5219683494914096,3
7056,0.37338961186864866,-0.15402472931787986,3
7072,0.8497807264977613,-0.4365713628383386,3
7082,3.7645022059669646,-1.4323979510549576,27
7105,1.7025617142878626,1.5214303398538562,16
7107,1.2006607142214871,0.4639718662145863,3
7125,9.834543850236313,6.647685541520893,18
7134,1.761880695912496,1.9831453560251773,18
7158,15.41857283781666,5.810938796321947,21
7210,0.9412673372078324,0.761127196370095,28
7248,1.3885359679355371,-1.8253914258394786,26
7283,13.934554600085823,11.551744329449933,21
7286,5.43618448741423,2.4468559744046248,8
7312,1.212759886373935,-1.4251090533610393,3
7318,0.7008795846809384,0.5256556556408312,20
7338,0.33555507885849445,-0.012894710323992729,3
7341,0.771303386231508,0.6774266162945677,3
7346,43.35211890222673,-7.569497102400482,7
7348,0.5764394610020009,-0.867560041560021,3
7352,1.2501294858876721,-1.9718566194466942,3
7371,0.3488977029225111,0.3633014745462307,3
7378,1.8162524014211117,1.4268630695791333,3
7426,0.7874965859290681,0.2354843297094213,3
7482,0.9711779731402985,-0.49893870038667265,3
7509,1.4593183206897038,1.0411799449189827,3
7569,2.215834045101871,-0.9806850630343291,3
7620,7.034432741342346,-5.420687420491738,5
7651,0.17431161987662241,0.04266467880224574,3
7809,0.9711779731402985,-0.49893870038667265,3
7841,2.097422179457578,1.2184534124556647,24
7860,3.5773219456898984,-2.520249401181737,29
7864,1.0813459300794523,0.33450260378466673,3
7887,3.276156993789299,-3.5871303789044386,5
7890,0.863948970831244,0.5414611160198544,3
7898,0.6487803334489557,-1.4616076138634333,26
7915,21.485224996704776,9.055800429463684,27
7930,0.5850546378710157,-0.6254302436340224,3
7954,0.4120894702809136,0.21109480320089652,3
7958,5.50900026030488,0.04857970934055016,6
7982,0.32126782039264246,-0.2755690137626702,3
8018,1.0743748868610328,-0.6961132757437671,3
8019,2.9534137472413144,-2.521982451071144,3
8027,0.4966038747221635,0.3041592038790471,3
8040,1.6934089648068844,1.2300112419331026,1
8066,9.242302405650117,4.931217234814136,18
8067,6.126480100757879,-1.483067745044853,27
8089,1.8349227236827594,-1.721610398397809,3
8141,1.019433824827656,-1.4130329576064442,3
8187,3.6625949769073607,-1.5287165303278647,27
8188,1.1400138250168077,0.5035490727235542,28
8234,1.8803409903872985,0.3971323286140656,3
8245,14.465669471657964,2.1668548591978696,21
8250,1.7442675892088106,0.8398572028956564,3
8253,25.14737069288761,10.473575537576815,21
8255,0.6411540520580329,0.6476716335984977,26
8284,1.8198893962071347,-2.284913354615497,11
8290,1.2590240118570382,0.7591924439504296,0
8314,0.4182002319501911,0.03070754493945672,3
8362,11.31073729423435,-2.9017137732162337,25
8454,10.805068747343249,9.494956466561002,24
8487,5.4300838504744435,-0.855972037147561,0
8529,3.3414911401932454,1.574832060462336,1
8660,1.259829284238886,-0.8246067979731978,3
8672,1.6611000801560676,-1.3346154633623666,3
8681,12.382386550325203,9.19125327560281,22
8687,0.49210908952739174,-0.6446208174977749,3
8734,3.635249885393652,2.1490528198037038,1
8782,5.286490851353226,0.35016538964405103,13
8801,5.883141433757278,4.36654119424048,30
8839,0.40979438775570054,-0.23271480764425262,3
8864,1.0815098083204835,0.1633312918197088,18
8870,4.655126827680306,2.3001022069696173,12
8872,1.089270434392784,-0.6011252520946849,3
8930,0.4888407639866431,0.16261841427449034,3
8935,1.0624182178630828,-0.5560259892349344,3
8936,4.96286439150355,-4.477758044614934,3
8937,2.6285629129365713,1.5480093782035689,0
8961,0.9239817925038736,0.013387533671895269,17
9080,0.43326903034068676,0.11306805328826565,3
9094,0.7904041134173558,-0.06319484422697799,3
9138,1.020773667606322,1.0840872865085383,3
9141,2.783157839334911,2.053475908174827,8
9174,0.31287581378004875,0.3141349073188008,3
9177,0.9627214179145223,-1.3871348002245258,3
9224,0.43326903034068676,0.11306805328826565,3
9226,1.6649800082701576,0.8352082894074385,3
9227,3.8072853776618647,0.53014143381673,30
9289,1.04971395267971,-0.2640329079972228,3
9343,1.4813645885225615,1.1505093842157614,1
9354,1.3793550753525667,-0.9599233635445968,3
9357,2.644177291297038,3.5464180305726516,22
9381,2.9894634853277573,1.2044461904774177,3
9408,1.4836370009027975,-0.2777019846839917,26
9414,0.6907507433930118,0.18026176900171556,3
9417,4.92801911207014,-5.379891342122556,29
9454,1.9756445006658216,-2.040768421392764,3
9568,0.6945651757595573,-0.33785029777298187,3
9571,1.0301468890529357,-1.119830260549348,3
9574,1.2352964707516265,-0.6016167878912291,3
9613,1.7250280299200842,-0.8510466638669386,3
9718,1.6372688300769551,-1.6941405292089298,5
9747,15.581860801897658,-2.3353246529240295,6
9856,17.66597488573063,-13.437963237284688,25
9893,0.6196941046579318,0.3759648135622032,3
9908,3.6751406972248146,-1.5084342546719762,3
10001,1.947879371976676,-0.11900625419887231,3
10030,7.32560334058321,-7.900640743862068,29
10067,0.9831207030086794,0.5928225372878551,0
10118,4.193290568209312,2.3028172678646963,16
10199,3.07150649423564,3.918029048938013,22
10215,0.47719547410483587,-0.5263662997347538,3
10234,1.1644865852523245,-0.5253666997649743,3
10241,0.8626733141306077,0.438513907015948,3
10314,15.057876017224642,7.308564686536475,21
10315,0.5074082461864566,0.05528243956084408,3
10338,0.9687513919473504,0.6426706792150829,3
10354,1.06277410948,-1.1971287591399564,3
10433,0.8626733141306077,0.438513907015948,3
10447,22.728905463744724,9.627004307211482,19
10532,0.43326903034068676,0.11306805328826565,3
10560,9.419018006416692,4.717287185003777,1
10570,0.29603603288271935,0.0772550438578781,3
10590,2.6203795241038494,1.361518338859324,0
10607,1.945366508844187,1.0355176048244086,26
10619,1.9707063193889338,1.2312936148688363,3
10649,0.43326903034068676,0.11306805328826565,3
10654,0.6653078078447382,0.6458766075876433,3
10681,0.228680227539739,0.24070395165182157,3
10697,1.9539915773180279,-0.08904049689596175,8
10699,0.2635611436146628,-0.06032115494989612,3
10819,3.694227364181117,2.490871481435476,28
10829,0.34567632949901,-0.19323112743456283,3
10946,0.7969248696077322,0.2722928410997576,3
10949,1.6264537040610851,-2.917139444726163,26
10951,0.3198673879323408,-0.07320794714373756,3
10959,0.8303414187939779,0.6227512863006026,20
10985,0.4535197766666105,0.3002507778307115,3
11036,0.9674150900158583,-1.286704072552687,3
11070,0.5748337614981021,0.29219936969215543,3
11104,0.34567632949901,-0.19323112743456283,3
11120,3.0534960690572417,-0.30910592103407064,3
11124,1.6688717716216173,1.0089135615096807,1
11179,0.5909838384351361,0.57586245957337,3
11224,6.793086634594482,-0.24706350208463287,1
11245,3.274550127286789,-3.564215728919245,3
11266,0.2768158002751208,0.2948569892153322,3
11285,0.2001785832931765,0.16530216927701674,3
11325,0.491380398166943,0.2517119604563536,3
11362,0.9258241424839508,0.31633507213771583,3
11400,6.393645262046577,0.27768927886993994,16
11451,0.5890380438060671,-0.38637141272293724,3
11517,0.8014425650725411,0.809589541998122,26
11529,0.30875327282375425,0.030989979143424107,3
11532,0.7231228256064947,-0.7811593241794842,3
11601,25.901899079819696,-5.10278928955955,23
11621,0.33333074630261683,-0.1863300157404713,3
11629,0.4060125789251457,-0.20358655481867682,3
11638,0.8249704672626678,0.9210048316524199,3
11657,1.7204990206555495,0.5306886251093172,6
11676,100.94738461106726,-4.873836582380403,15
11687,4.062934582819069,2.5697715311968925,0
11690,0.43326903034068676,0.11306805328826565,3
11708,1.2019116905170184,1.4059084493872438,3
11718,1.897991759064355,-0.3293440234437456,3
11724,5.092155802725811,3.366052859623199,20
11788,1.711633912694517,-2.8012377831427813,5
11808,0.43326903034068676,0.11306805328826565,3
11832,1.1514991601403761,0.8904824806091501,22
11844,0.6244801611032841,-0.1748233934030036,3
11855,0.94573853978634,-0.35963177128023155,3
11916,1.7168433294140555,-0.2739050893321608,3
11933,1.0417176314996826,-0.054563799298272264,3
11944,2.4939885868553615,-3.6416499597757257,5
11993,11.87705788455923,-5.495568647671337,25
12080,1.161320418886306,1.3880571209913921,18
12100,0.8813168082999266,0.5314347107653008,0
12112,4.132551311184134,1.9402492397365698,16
12123,1.0273814842049085,1.0916783129501595,3
12137,0.9072237230045014,0.8147225460200778,3
12154,3.1140776594206767,1.8449372836546742,16
12189,0.43326903034068676,0.11306805328826565,3
12194,3.9691333369157027,-3.155353486376103,3
12209,1.7853769184377781,1.7102018359724624,3
12220,0.4419645791909649,0.248197547856006,3
12238,0.387729666765326,0.08139668534774858,3
12272,4.450508670803097,-0.08482452797592582,3
12316,1.2720310407712017,0.922683495835562,3
12331,3.647347380246672,2.205499541362223,28
12333,0.6898072735053224,-0.7451699275756767,3
12348,0.3257889447402238,0.02392198257455805,3
12362,0.40033937515232726,-0.19548405394577836,3
12390,0.5354823616066636,0.5296026259268173,3
12457,0.3987690535643785,0.3003104160438482,3
12488,0.3525414836999639,-0.4613147804450659,3
12512,0.43326903034068676,0.11306805328826565,3
12524,0.8626733141306077,0.438513907015948,3
12538,18.68162458634407,-7.374665180762789,25
12569,5.063578470686529,-3.3028705085627705,11
12589,1.1028265843593292,-0.047275371247338195,3
12619,2.0425266907288644,-1.3009215532738523,3
12641,0.4350068963295919,0.01222435956177148,3
12685,1.3153577876894298,-1.1276912525384448,3
12692,1.0855360623074037,-1.5706524224971858,3
12698,1.8874350989805526,-2.338116910517832,3
12702,1.2869497074441705,1.1135884069416253,8
12707,3.348104056627147,-0.17238409333122492,3
12734,0.2814943365719592,-0.21669622676401876,3
12754,1.6022743812895237,2.495907514788975,30
12784,0.5419411782816503,0.40072337575347866,3
12811,2.305351464226775,0.5272147471102848,22
12824,8.101811643663126,-7.810223189532198,29
12835,0.7889051163805032,0.43355417313384575,13
12863,0.863948970831244,0.5414611160198544,3
12917,2.5665995130220933,2.054000219694071,3
12951,1.0323821358038885,0.5846266826696046,3
12965,0.5506140304637801,-0.24962835838186556,3
12982,2.6931555001535603,-2.414270321150058,5
12990,0.5757578220759276,-0.5136230539450952,3
13057,0.43326903034068676,0.11306805328826565,3
13082,4.995293350070937,-4.861396612744502,29
13093,3.345169268986269,2.4606691431437304,22
13104,0.4120571092241805,-0.6257512478029538,3
13126,0.3410468803242227,-0.09427586390523085,3
13164,0.5782216960258256,0.10690347627422311,3
13173,0.9514434880998557,0.48136107945409673,3
13221,1.4414355223490967,0.400661451780555,3
13256,0.5354823616066636,0.5296026259268173,3
13273,24.39419350267126,13.029649197114331,21
13279,1.444469554727922,1.4082342520515043,1
13280,0.4458605511524963,0.36283137756775735,3
13331,0.23791788092810395,-0.5000794291029318,3
13354,1.6022743812895237,2.495907514788975,30
13380,0.3383942114920715,-0.03741541330676097,3
13387,1.4289289849204472,1.0337357282508512,0
13393,0.4227742652976265,0.3606532008549074,3
13518,0.9516715237124158,-2.000317716411727,3
13528,0.32865348248031834,0.2824591926055972,3
13540,1.2465181370017853,-1.5274215683060137,3
13552,36.05599561408093,-10.872491952997228,23
13582,10.47122718202873,-10.899009945596545,25
13600,1.3316060997493744,-0.26805091810527854,3
13664,1.4601211758207862,-0.35999633962273947,3
13666,0.24830063896398605,-0.3656449153430054,3
13709,1.5471485043144833,-0.4550630816828753,3
13722,0.43326903034068676,0.11306805328826565,3
13733,0.5335013668244825,-0.32779690018396784,3
13735,0.4462512822725111,-0.38443050846953764,3
13850,4.9040404052422435,0.8642424690963975,16
13863,1.0927737853438746,1.2782469046648166,3
13915,0.7784080186660471,-0.42328848106543887,3
13935,2.003269777100679,-2.7650566328810786,3
13968,1.3834924065274363,-2.664475970102854,11
13973,1.553832360923242,0.6118897041011255,3
13995,6.492029673201044,2.776251725242802,22
14014,0.46697219207206925,-0.8801252051473658,3
14049,1.7908080258893566,1.4903500654074482,3
14079,2.371573567850836,2.080124615270976,1
14180,0.4392860937278754,-0.8279438688738066,3
14183,0.7662354847897414,-1.1678782077250716,5
14201,0.5464201409653736,-0.15297046922762814,3
14232,0.4816371858266568,0.5349139127944263,3
14281,0.5890380438060671,-0.38637141272293724,3
14283,0.35722856416432414,-0.018816261765569234,3
14326,1.2185975764761143,0.3122731591748833,20
14336,0.43326903034068676,0.11306805328826565,3
14357,0.3295543452549766,-0.25369314352860733,3
14363,1.831837033336698,1.1643641234769688,1
14374,2.601453510070007,-1.7843181005688178,29
14387,7.469520322855962,3.733246398451901,0
14393,0.9571629086782598,-0.0701883102726881,6
14422,25.759482601350644,6.637785268714247,21
14423,0.47291237979778,0.4062352425405186,28
14428,0.4683549574100524,0.35489195382957633,3
14449,0.9831207030086794,0.5928225372878551,0
14451,0.2613776657004183,0.11023113846834227,3
14456,2.2294441473044913,-0.4176301544392834,3
14461,0.7894294210205849,0.20601345028767493,3
14521,27.246622101390532,-22.14507569616455,23
14638,3.1811386678500946,-5.514594153792787,29
14667,5.138212427569637,5.462976852605429,1
14698,0.9641057208895499,-1.153784464492413,3
14744,0.9951932957634434,-1.4336742561959952,3
14768,14.482270414883955,4.50671425832519,21
14808,0.6574217833618726,0.027723057171127177,3
14849,0.7331179940107083,0.5907937594590772,3
14897,7.05344938359139,-2.1191545936010514,6
14965,0.4535197766666105,0.3002507778307115,3
14966,1.5453504004949012,-0.9613615062317143,3
15049,1.3144296304082694,-0.24319922721179474,3
15053,0.43326903034068676,0.11306805328826565,3
15076,0.5316390460736878,-0.21701746325034518,3
15081,0.7999057221014957,-1.6591243369921818,29
15093,1.2285779300414352,-2.272667172671009,3
15135,0.38020948310072245,0.12648098888015916,3
15184,0.41340716137178546,-0.16880582478606174,3
15185,0.2905193664610374,0.0711077980037429,3
15208,0.39379305843684254,-0.41417951117644786,3
15268,1.007062692913916,0.10404730951761854,3
15361,0.46697219207206925,-0.8801252051473658,3
15367,1.0361253769636123,1.3259079607494537,16
15408,20.505560121786537,-2.012166684769343,21
15418,8.589215589964516,1.8479188420918071,1
15497,3.754366521357432,2.423732210106336,18
15500,0.9004955356661153,0.34797889966093976,3
15589,0.31884206154228945,-0.027757831355387282,3
15602,13.18396956633658,10.09990103247746,9
15651,2.7914499329230478,-2.598605793275145,11
15670,2.4385548545817337,-2.20715012412001,24
15686,0.916373834801504,0.40209686022050833,3
15775,0.7069863334224207,-0.05652537790835231,3
15819,4.121230056652334,0.7232854515217112,18
15822,1.0828126533451725,-1.4826501314970693,3
15845,2.8499559896715594,1.700707833868922,3
15918,1.2184560432900007,1.1878904122027882,1
15945,0.839871788738679,1.0486453937777895,3
15957,5.9817481927746705,1.76362101881418,6
15964,0.46230941604347964,-0.06894695054641753,3
16005,0.5074082461864566,0.05528243956084408,3
16009,3.8309281078610704,2.487912934022974,24
16010,0.4771887224464413,-0.377219653340647,3
16034,0.3670605845241769,-0.3002835888948393,3
16036,3.2632468909100396,2.291687266611663,30
16046,1.0062393027255758,-0.27067233999711093,3
16086,0.43326903034068676,0.11306805328826565,3
16090,0.4816371858266568,0.5349139127944263,3
16106,10.052563335607898,5.611071137722204,18
16110,0.35391873367026455,0.3181552963047916,3
16121,0.8341227886476055,0.34172212300588034,3
16130,0.6652951807046669,0.14273949155847193,3
16141,0.3101312914866765,0.32293464404109395,3
16151,0.43326903034068676,0.11306805328826565,3
16155,6.061773756265711,0.5262125289893756,9
16161,0.6436363962861337,0.6501792118259254,26
16220,0.5525893647824386,-0.2931372986735412,3
16231,0.5456750085187563,-0.15084138224836935,3
16246,5.318459851079978,0.8837656921377792,17
16263,4.650994792015149,1.8163432502042738,3
16319,0.43326903034068676,0.11306805328826565,3
16412,1.3702533113879132,2.134481819714988,30
16413,0.9645824195486044,0.9724168052462032,26
16417,0.7720019531902576,0.4884434999280989,3
16418,0.6226771036288674,-1.16343863676212,3
16479,0.6569661265989709,-1.269118256471733,3
16488,8.121642708406526,-1.6855001642406462,22
16492,0.29827118120755064,-0.011461964732437982,3
16504,2.585779715794358,-0.7770348853496598,8
16510,0.8524831113081521,-0.6838270004171783,3
16517,0.33267867920221544,-0.39957018687731827,3
16532,1.7584193438973692,-2.3937927393332026,29
16538,0.5647964062215541,-1.0644992599806085,3
16551,3.7311595868741803,-2.6140115648426985,3
16585,0.425507363254397,-0.6391123807600901,3
16599,3.0973688675377016,-1.0157368788425047,3
16601,1.1880869463059212,0.3843039569712447,26
16634,21.90221358799992,-1.183650404387898,21
16637,0.8461937478669994,0.4546755041940591,3
16643,0.6820792100497562,0.6929982574956342,24
16666,0.9425301563832557,-1.25633994115509,3
16695,0.3205094744044199,-0.3817678123033507,3
16699,0.9372759293691098,0.876118351505725,24
16708,1.8483328704229645,2.7580026163137146,30
16713,0.4254017583346805,0.3282746799585053,3
16718,8.211662928865337,3.1702527614239666,16
16721,0.7414415349877105,-0.7443866607178792,3
16730,2.3662663203727154,2.2077089538313994,30
16749,0.3670605845241769,-0.3002835888948393,3
16755,1.174502838332497,1.8295558454699896,30
16769,0.5650521992494383,-0.7895019119589033,3
16777,0.3808297790917049,-0.40300259218328227,3
16781,3.8238326741040622,0.4562581536193991,16
16795,67.1779297753991,-2.9337917170731718,14
16803,0.6321677883753113,0.7010282728395815,28
16818,2.5683138692077714,0.7759075694633704,3
16835,0.3447495497258076,-0.6613688904197528,3
16854,0.4333831103553182,0.3526775143895552,3
16867,0.7261322131531341,-0.8408867730725968,3
16877,0.6917048005760473,0.7163465546179344,16
16908,0.5964183561799318,-0.4217979211634769,3
16916,11.54126074631493,-11.011509546443353,25
16919,0.37653093748103605,-0.7096661733204056,3
16943,6.434845746906986,0.35001977252231525,22
16949,2.7303847829633376,-1.7279176671942988,3
16966,5.840223145356069,-4.435335841026413,29
16982,0.4078077399583974,-0.24884894631903992,3
16996,4.053406698084747,2.190019213242147,3
16999,4.402298815990511,3.0086851350991193,3
17003,8.988559729143397,6.918170138343151,13
17058,0.37019647795084004,0.38503437389853845,3
17065,1.3702533113879132,2.134481819714988,30
17068,0.416160130231528,0.26104638557960974,8
17159,2.0863371159302035,0.5141802196914089,16
17172,0.48013683745849645,-0.4118265163330009,3
17177,0.38746888914783734,0.14982583765745877,3
17183,2.7059484848044475,2.085868334105906,22
17190,1.676506543633177,1.046295300505689,3
17233,1.2025804623637837,0.4509875817832763,16
17277,0.2834378025722289,-0.010891947669131255,3
17282,3.1084090830473112,-0.008888450343095083,6
17340,0.7036606692276074,-0.04533038259095226,3
17353,0.4892315260844249,-0.4196272798690277,3
17391,0.3946575969431148,0.10159746679248706,3
17402,1.269208706319135,1.130020719984027,3
17448,0.5650521992494383,-0.7895019119589033,3
17453,0.9516715237124158,-2.000317716411727,3
17460,1.0980308073713272,1.0212384600162234,3
17507,0.7259954384456792,0.4211856546295149,3
17531,1.5149644001599123,-0.08258585566302397,3
17569,0.25458583947186303,0.23313377708569727,8
17589,0.6288154147187563,-0.6214802575731782,3
17596,0.6204609774794722,0.6880462677869966,28
17661,0.46627609739755116,-0.6020993371736779,3
17667,2.71529467020583,0.9957589808445916,0
17703,1.2184560432900007,1.1878904122027882,1
17761,6.988944517433814,-0.021110835260764366,18
17842,1.0529631349986186,0.4890328668504688,3
17859,4.704129579921388,-4.586688016302194,17
17890,0.43326903034068676,0.11306805328826565,3
17894,3.5337369330826975,-7.20700013952344,29
17905,0.7874695394021968,0.648130041327258,3
17906,3.996529390797146,-0.17703772732390563,3
17917,0.5138907838529082,-0.0019360885716575604,3
17950,28.260782384986005,7.490000845255969,19
17970,4.9110352909388,3.93914215175253,30
18012,2.820640454014914,1.7057695359141698,3
18016,0.4241623140145506,-0.7294730950249191,3
18067,10.230732363820355,0.6212335510501682,18
18082,6.722254419867068,-2.920970036957859,17
18095,0.952339935938596,0.6473711079291593,3
18096,1.8000407921743389,0.24074545598653008,3
18097,0.43326903034068676,0.11306805328826565,3
18155,1.8253669260699559,-0.8669052919437114,3
18167,2.06418358826765,1.6157669272730963,1
18170,0.588915866925443,-0.9396088859963461,3
18172,6.774253803411662,-5.45285171838389,5
18176,1.5658105412133256,1.5320747058268045,26
18196,0.4182002319501911,0.03070754493945672,3
18203,2.0193541090530505,-2.040277394074593,3
18250,2.335208859848894,1.613501455594921,3
18254,1.051073231793863,-0.07707471052585751,6
18309,0.3507840234044385,-0.6032773275311567,3
18311,1.0072192094856305,0.6073539551603437,0
18316,1.2433630221551275,1.287210114441949,22
18323,0.43326903034068676,0.11306805328826565,3
18333,0.2066881280680505,-0.17293711373685555,3
18395,0.688643713631784,0.1941080331614236,3
18401,1.1112940138127732,-1.0990760309706542,3
18407,1.6022743812895237,2.495907514788975,30
18411,0.6815344333852192,-0.026140320806466093,3
18439,2.935422634955469,1.9045315764063961,3
18476,0.874830655706596,0.8067455056422859,3
18519,0.7056665754717482,-0.5660567947897753,3
18629,0.9342613138584384,-0.18981905037421193,3
18689,0.9993511142152992,0.7142966252719015,3
18714,1.5552767523934643,0.1515448629666678,3
18722,0.8580475665105214,1.0980255135455015,16
18747,0.2334114798293661,0.216851136923312,3
18758,1.336124197587482,0.8881455916301725,3
18908,0.5192863117672564,0.13368087735853562,3
18913,3.676840134747053,1.8610790788938443,30
18979,0.6685074291478196,0.1260251223563859,3
19011,1.0011259559411574,-1.8873765312391848,3
19018,0.5647110395974064,0.2496662685045033,3
19022,0.5890380438060671,-0.38637141272293724,3
19031,0.9283972954373934,0.05506269421744425,3
19078,0.360124454604894,-0.14855279814474465,3
19085,4.914102198971485,-0.9714675132202483,1
19107,3.3066650767102796,3.8436867028264463,30
19145,0.3645774637099172,0.3285437595172857,13
19164,0.43326903034068676,0.11306805328826565,3
19200,0.8668929007996505,-1.7980657839324137,29
19206,1.3702533113879132,2.134481819714988,30
19233,0.5074082461864566,0.05528243956084408,3
19259,0.5846400390073975,-1.005462212551928,3
19336,5.08652865401514,0.8553726922839525,12
19362,0.8248123996542277,-0.8722435652237714,3
19422,0.3158266349342361,-0.17935222344105892,3
19429,0.41242666926199617,-0.5396769661927506,3
19487,1.1868219403485991,1.1052655276484435,3
19493,4.317192236556196,4.207524163977649,30
19503,0.4048314921010072,0.13990431590989216,3
19522,0.3820426059739037,-0.02012328912281061,3
19570,0.08858062631487879,-0.0741159058872238,3
19571,3.2384341280469187,2.364098936791529,3
19573,3.4650673847852533,1.0448836623096,22
19605,1.583756384114097,1.8433993365435402,18
19609,0.45040181240964716,0.37192988087328765,3
19659,2.2677117936301774,0.707746251268076,20
19664,10.685959996363996,4.671113321228002,20
19681,2.4579398438536804,0.38811686977901927,3
19711,4.534321692613073,0.09402578891875696,1
19725,1.2257822378721732,1.5686078764935734,16
19760,0.676788422984143,-0.07483082661352194,3
19803,1.0852060578460685,-0.5575201612148203,3
19842,7.6137357388814175,1.7583367003235877,9
19874,0.47291237979778,0.4062352425405186,28
19935,1.3668950114863079,-1.8733079405381075,3
19969,0.15769601827500732,-0.25923620871055664,3
19972,0.39032471973535016,0.024345313081232833,3
19974,1.2156553000630337,0.6765360556655404,3
20005,1.3458985989077263,0.12660619905565149,3
20022,0.5036096047428152,0.30367697758017187,3
20032,0.0911443659274793,0.08213593987932143,3
20034,2.0422469853459764,0.8855164713217587,22
20060,3.86598774484203,-4.89913067767334,11
20106,3.1628426664248686,1.4936415714796614,17
20115,12.690716194964919,-1.2242021043088114,12
20119,12.128354804777562,-6.1243328584949275,9
20120,1.594804693343034,-2.892956805043483,29
20147,0.19735735525514622,0.05150336257191873,3
20150,1.6978260956742084,0.8047785720658147,3
20164,0.5764394610020009,-0.867560041560021,3
20172,4.785829900474812,3.014280164291931,22
20180,11.80735281162648,6.997981100207313,9
20201,7.601252967454284,-10.27031678047787,29
20245,0.9028361509461156,-0.9982513078007982,3
20250,0.8299822060448306,-0.2454372507677861,3
20265,0.535063024583393,0.33563106717378394,8
20288,0.3366418963268659,-0.35624198606735946,3
20294,1.677824885833357,1.6092581191952335,1
20336,4.932897524127984,0.5102915647863635,17
20347,0.47291237979778,0.4062352425405186,28
20350,1.0434229554895242,1.051559371579813,26
20401,0.5920720657654387,0.1545100877157562,3
20409,0.7107852448465016,-0.1506405708201558,3
20418,0.8447245570004037,-0.3255633446388206,3
20428,0.2635611436146628,-0.06032115494989612,3
20448,1.4796270138086085,-0.2913372224750617,3
20456,1.2006607142214871,0.4639718662145863,3
20462,4.097352962452751,-1.5702524768035413,8
20484,0.35722856416432414,-0.018816261765569234,3
20561,1.2825493895926476,-0.534733061668208,3
20605,0.5810387329220748,0.1422155960074858,3
20622,0.8668929007996505,-1.7980657839324137,29
20627,1.6899386627638182,1.3065383113530968,3
20629,0.6321677883753113,0.7010282728395815,28
20680,1.3858937272879335,-0.18279324008147269,18
20703,2.0049014262236087,2.081597276737744,18
20751,0.3572015961025544,-0.19725614037390693,3
20754,0.7331179940107083,0.5907937594590772,3
20755,0.9571629086782598,-0.0701883102726881,6
20768,0.8208826208560085,-1.8493290053245883,26
20794,0.39080828631014786,0.2889723498391283,3
20801,2.263488000251753,1.4636597813386267,30
20804,2.497260742869137,3.580238168177427,30
20858,0.43326903034068676,0.11306805328826565,3
20866,1.6022743812895237,2.495907514788975,30
20911,0.43326903034068676,0.11306805328826565,3
20916,1.7001554855315253,-2.1500522976446406,3
20961,0.4428215875975284,0.17122952875138145,3
20971,3.806326840756338,-0.8182767778347733,30
20983,0.43326903034068676,0.11306805328826565,3
21011,6.429884995023785,6.770484096481703,30
21014,58.97751944584762,3.0485598519709423,31
21031,7.474852819847087,0.45055447671659843,17
21079,2.1564150091942227,1.9805531668471072,3
21083,0.4918465988452788,0.15013006240615176,3
21155,0.44665858152198995,0.10932458162221542,3
21188,0.9601439595603537,0.2434238994855642,3
21202,0.7362237514879475,-0.5900521437998605,3
21207,0.2635611436146628,-0.06032115494989612,3
21213,0.5938811809150633,0.5239301013873452,3
21229,2.3687234772653443,0.9045971782857674,3
21231,0.15761529283257777,-0.13187759779933253,3
21252,3.592187537292764,1.248703859399076,16
21257,1.139136783400776,-1.26945334418955,3
21261,0.26964252432052,0.33637832732061373,3
21264,1.568432843171032,0.0927949745502761,3
21268,0.43326903034068676,0.11306805328826565,3
21333,0.4120894702809136,0.21109480320089652,3
21356,5.870660885458018,3.4483441722840955,8
21364,6.423895182584283,1.370996863568507,9
21368,0.43326903034068676,0.11306805328826565,3
21370,0.9086826937084486,-0.04188577942831788,3
21404,11.483055558683816,-0.5694196275169888,9
21406,0.8012744603446789,0.9372722995914959,3
21462,0.5322462462757905,0.5167012860701147,3
21484,9.852752411340557,0.12259788147275995,12
21515,0.3977289398715827,0.3069200770530413,3
21540,0.7830860349410216,-0.036357716511902984,3
21550,0.44398221541314953,0.04837213461573857,3
21576,10.187242377605918,2.5199706811713964,18
21593,0.3222263829802241,0.1712538705064163,3
21618,2.7909716899794237,0.9146560895583412,3
21659,22.6251244943637,0.5349351742456872,21
21660,3.1340617472918684,0.7883885120397524,1
21708,0.6165381305587602,0.700696657794009,3
21750,0.5074082461864566,0.05528243956084408,3
21774,2.1292779235365504,2.7999982579837948,30
21860,0.43326903034068676,0.11306805328826565,3
21870,2.087294026211774,0.2863575481783593,20
21875,2.116343406071211,-1.0466044816700062,8
21895,0.5601243455289687,-0.6486437936501865,3
21903,1.887716020441498,0.8835538989821001,17
21930,0.77259170760246,-0.9045469930722884,3
21937,0.6630474083489734,0.0829878408223256,3
22012,1.3362750595508786,0.8452936460872245,24
22045,1.5969783697559918,-1.589062567801537,3
22062,2.7653220200096023,1.787282949410474,1
22074,12.533120591087762,1.1257685412551233,18
22082,0.43326903034068676,0.11306805328826565,3
22088,1.7639876999364548,-2.338125298979413,3
22089,2.4900228180343014,2.6523360162419385,30
22107,0.6570895114544735,0.24333543460398552,3
22121,0.43326903034068676,0.11306805328826565,3
22145,0.4816371858266568,0.5349139127944263,3
22154,1.0927737853438746,1.2782469046648166,3
22167,0.6908894583566244,0.5452794149281006,3
22200,1.3255936832847206,-0.7960288015928194,8
22252,1.7735041329781482,0.7783573055679667,3
22284,0.33859022751883594,0.06186363571388728,3
22338,2.736683112150962,2.059626995727071,1
22343,0.43326903034068676,0.11306805328826565,3
22362,1.4543249464021335,1.0370839039412305,26
22365,3.007098457329043,0.2353129309266224,3
22464,0.7198484942201484,0.7791661497799222,22
22495,0.43375732328643707,-0.42717329066554416,3
22504,2.2738007034731935,1.7531665070977758,28
22517,0.5357209400203852,0.6127860535489724,3
22521,1.6028257255662248,0.8301742110903876,22
22532,1.5275485550781567,0.8195818437946976,0
22605,0.7003505032176194,0.5643876021530994,3
22624,1.6557794355195652,-0.6107648727361333,3
22625,29.472520156963995,17.079113575237315,21
22648,0.43326903034068676,0.11306805328826565,3
22695,2.152772629548126,1.465740503038163,17
22710,1.7109582702329913,0.5001018699915071,28
22773,2.329785011632848,1.5056879879122167,20
22780,1.7738096803296246,-0.4227596005195912,17
22809,1.2841410861741482,-1.281915229700577,3
22813,1.8652588154282426,-3.8626334778674463,29
22818,4.433473169639074,1.0446135183090552,3
22824,0.7182301297996894,0.7774144273208845,22
22830,1.6022743812895237,2.495907514788975,30
22888,1.8119117181785873,1.3894247062638023,3
22900,0.58393635275766,-0.06456440223056925,3
22912,0.9913911372904499,-1.3469070977966584,3
22936,3.298096789063981,-4.08738770007076,3
22981,0.43326903034068676,0.11306805328826565,3
23124,1.1837764229277474,0.4574472618459437,3
23128,1.3181883708694098,1.0701169779307327,20
23181,1.213972466425373,-0.6236733754833408,3
23188,0.15233191163668197,-0.16120103687331291,3
23280,0.9258241424839508,0.31633507213771583,3
23288,2.3721984816361696,-2.671760884561272,29
23303,0.7056665754717482,-0.5660567947897753,3
23341,1.107812616764519,0.9752617245646493,3
23366,0.43326903034068676,0.11306805328826565,3
23408,1.9834001636528202,-0.14495584826215813,1
23508,0.4241623140145506,-0.7294730950249191,3
23511,15.380991235118405,-3.579587260855665,27
23547,2.5494915683641173,-1.0892266642254829,27
23571,7.564572914298622,2.495731196634833,13
23576,1.4804965380461204,1.413099486575573,1
23619,1.9637799098272735,1.6793093616907349,18
23642,0.2435431964385415,0.12943606491764023,3
23652,1.8725804304220617,-0.505826703612923,3
23659,0.3946575969431148,0.10159746679248706,3
23664,2.0314738689317107,-0.6836203725590078,6
23666,1.8594579539098612,-0.7045775488360131,3
23680,4.202113044612848,-0.8253263543604331,3
23699,7.806725679979053,5.50183341643211,30
23703,1.7953461112904634,-0.4732910148178317,3
23768,55.29885145939874,1.379444440198714,14
23771,0.4089188845224961,-0.43008839306269553,3
23816,0.8668929007996505,-1.7980657839324137,29
23848,2.4382082540012116,0.1915847190906504,3
23871,1.3487943120305208,0.9596819892219199,16
23872,7.519256682787517,-5.588690700180726,3
23881,0.5745825828763461,-1.1022814840329214,3
23885,0.4535197766666105,0.3002507778307115,3
23902,8.546163767474752,-3.0179374860832437,5
23933,1.8257265334084782,-0.017738248156252065,3
24052,0.4462512822725111,-0.38443050846953764,3
24064,0.790268128945173,-0.08889187229190693,3
24082,1.30002259925513,1.2674108268463538,1
24090,2.1891445853998093,2.151081276858207,0
24105,0.35630694328141543,-0.10933875219989961,3
24145,0.582777603479465,-0.26735666988554385,3
24182,0.3933638467762398,0.33790246254527706,28
24186,4.700138738296481,1.052456504147583,13
24188,0.6349175690857357,0.3722209291045858,3
24191,0.26964252432052,0.33637832732061373,3
24193,0.7040041278690818,0.6537110083959577,3
24194,7.653241940808033,1.9063535546124284,9
24325,1.543044532930175,1.2764132392986622,1
24348,0.8095490409568485,0.7141952375945233,3
24379,0.6582510823050257,0.3993571079275231,3
24401,0.7936694205903078,0.4455567154581893,3
24427,0.7362843406524826,-1.1181343184366772,3
24433,7.826652608951997,6.558938775742056,30
24440,0.7182301297996894,0.7774144273208845,22
24462,0.3967101578062343,-0.6423127188783251,3
24515,0.7184663601128937,-0.5678477982334508,3
24525,1.8094889179060099,0.18444658788812396,3
24539,3.6018173979111037,1.0779467160190876,0
24544,0.43326903034068676,0.11306805328826565,3
24558,0.8589445270823531,0.5383246903873012,3
24570,0.8722260066336491,0.8643457461856101,28
24590,0.7327546097160481,0.5313021145758571,3
24627,1.6587843458284899,-0.02402723244244094,3
24641,2.122610311898964,0.7959479484413707,3
24642,0.5341829735631193,0.6248481997276639,3
24694,0.42460108782319633,-0.26088578035260124,3
24699,0.26964252432052,0.33637832732061373,3
24733,0.5899474816095137,-0.14161047441297425,3
24771,0.6115394076055312,-0.5245340998362846,3
24778,0.3525414836999639,-0.4613147804450659,3
24838,0.5619483525374855,0.4827178036361101,28
24846,0.31287581378004875,0.3141349073188008,3
24921,17.111305115937057,-0.952893920642867,9
24926,2.8552113417058123,1.5080532566114346,8
24932,1.0736806588529415,0.6729058629841266,3
24933,0.8943476236818743,0.695714494969627,3
24934,3.273193204945417,1.499877028743741,17
24960,0.38429297400133394,-0.578373361040014,3
24982,0.863948970831244,0.5414611160198544,3
24995,2.9629853247081535,1.4329464339662885,1
25103,1.7953036439732106,1.2307942381202246,3
25109,1.7617542574987453,2.7443337682049846,30
25122,0.44620750728036623,-0.2936864219238273,3
25131,12.669770096277674,4.925392950926465,13
25153,0.7526497010447876,-0.8058646261418921,3
25178,0.3946575969431148,0.10159746679248706,3
25216,2.2348901185549304,1.666568934498115,24
25225,1.0284803360220849,-0.09981909079135438,3
25253,4.797806697135102,3.700626878085466,3
25261,1.2418654899399133,-0.2621117298266969,3
25281,1.0230229943143092,0.18817448196906167,3
25395,5.853177645906224,-7.5879070035375396,29
25403,1.0569283779576342,-0.06439626368163809,3
25405,0.49368831172876926,0.2995178309456423,3
25409,4.207636640122084,1.1515743067005173,3
25410,2.3762925095851393,0.24378724985187306,0
25411,0.6398219720740158,-0.29352650265211827,3
25436,2.6016241442973387,0.4832606909232896,12
25453,1.0278929584519723,-0.39480292428335906,3
25533,2.9990782088214254,-0.3568307763536065,3
25545,0.7003505032176194,0.5643876021530994,3
25561,0.8563384388969788,0.43324485424637627,3
25583,2.10272521381572,-1.5981424503908133,3
25601,3.5026233097750934,-2.657681072268249,29
25636,0.43326903034068676,0.11306805328826565,3
25674,0.58393635275766,-0.06456440223056925,3
25695,1.6517250736306874,1.300958465491054,1
25711,1.6092754283161492,0.9283631995326098,3
25722,0.5318658933626833,0.34364381052754694,3
25792,1.5800682583725685,-0.9972029414285581,5
25827,1.89725685363494,2.438572562909808,30
25850,1.9910822378221964,1.261344245697923,3
25890,1.0232165119502006,-0.0285424211247086,3
25893,0.7894294210205849,0.20601345028767493,3
25916,2.1668971259364267,1.0502697991337988,0
25919,3.9949475951955544,-3.3819811815489187,5
25930,1.0892884032472239,0.016762588814990875,3
25966,3.788182087059124,2.347782236315304,6
25976,0.5315234931922955,-0.21703606043922222,3
25981,12.32984587636209,-2.3241183551903064,27
25996,1.7236095487731566,1.3531300341943275,8
26057,7.0182972990233115,3.543467920507506,22
26084,4.693596772113168,0.64343375384242,28
26124,0.9254847414892045,0.7059782053732332,3
26129,0.8563384388969788,0.43324485424637627,3
26151,1.0161004892939591,0.618220912633613,3
26182,2.2590285187525385,-0.6583488960807605,3
26190,2.827922495655301,-1.2529649403688432,3
26196,1.0305949342796499,0.04476017939164618,3
26206,0.3184015503991878,0.14391817440716323,3
26209,1.5660037844433292,2.4394077939599863,30
26231,0.7695796936522473,-0.708154534836962,3
26240,7.865543035401103,0.33948491215384324,18
26284,0.4481821301499268,-0.21884547248050737,3
26350,0.9831207030086794,0.5928225372878551,0
26371,3.449362910145457,-2.8647500913279993,3
26374,2.037692742904567,0.5095776357510982,3
26411,0.2841337291782984,0.1510087424039136,3
26412,0.643898786063652,0.663754850489989,18
26416,0.588915866925443,-0.9396088859963461,3
26443,0.43326903034068676,0.11306805328826565,3
26487,2.609424103441418,1.0168870674849506,20
26509,0.7461448441207356,0.4272029606070664,3
26516,2.0816471888621666,1.6223058732258886,18
26517,4.169056173256362,0.7720689778204113,0
26518,1.156675768231815,-0.4605806235767012,3
26521,0.5983431471662718,-0.31922394692693,3
26535,4.007869674792728,1.784253144793243,1
26536,0.5757664517744476,0.3532999130375085,3
26538,5.179201589388986,4.229551329170689,30
26543,0.3366418963268659,-0.35624198606735946,3
26544,36.64463401089429,-19.788145992972403,23
26548,1.7617542574987453,2.7443337682049846,30
26579,0.7025401812411946,-0.19667631757837906,3
26583,1.523677708821052,0.35746790971006,3
26593,11.276696359785657,-7.882674957607097,25
26598,5.653763083324782,3.63165770579865,20
26611,2.0919501901937934,0.9590069162360586,3
26615,1.5209051742699389,0.9711549176621986,3
26616,0.818182859288906,0.681242938401465,28
26620,2.20183975956732,-0.99757374429454,27
26621,6.412594340399716,1.2393317430725141,9
26624,0.4333831103553182,0.3526775143895552,3
26628,1.6369020070283473,1.1005811518846886,1
26659,1.9509219911420133,1.7120394592515558,3
26706,1.51449207617272,1.2651454560606663,1
26711,1.0781919186260152,-0.7299660308177292,3
26713,1.0927737853438746,1.2782469046648166,3
26730,0.8613321691118505,-0.14848873530930048,3
26751,1.0852060578460685,-0.5575201612148203,3
26756,0.5619727207758601,-1.1607989972389228,3
26774,0.24789305960020347,-0.16315912329101517,3
26813,3.4851485303149907,3.6050121849393966,20
26823,0.9733183439228811,0.041434571624984276,16
26831,1.8136574932551504,-1.6570171104467046,3
26883,6.2524711276033385,3.0968337471349354,1
26910,1.0571594312220618,0.5348456438378852,3
27140,5.263231698371343,2.9686118492444695,1
27168,0.6534784031171301,-0.7567510925918842,3
27169,0.6455214515169931,-0.31399445613634,3
27172,0.6099947186879733,-0.7906751654491951,3
27193,2.2109648718809676,0.8358038975842496,8
27222,1.6022743812895237,2.495907514788975,30
27265,1.677370104824058,1.5027737883074876,22
27287,0.3222263829802241,0.1712538705064163,3
27313,0.6138843845836008,-0.16969655502941552,3
27317,2.186576052305881,1.7874212939839254,3
27352,1.3774660825501177,1.2768851406969426,3
27448,0.19805022546500795,0.18136200038114933,8
27462,4.180772232746564,2.0739836881924223,30
27472,11.375734318576468,0.07708225597169899,9
27499,0.35194101180961435,0.08517556196367318,3
27538,2.0390199037071683,-2.851314623684632,29
27539,0.10180198379469012,-0.031239643485685604,3
27551,1.3102284781417561,-1.0357675236591959,3
27617,3.3925185862079825,-1.528725526978544,3
27621,0.2524420820119026,0.26889473859259855,3
27647,3.7357505138940987,1.4817535201608114,18
27650,1.8654737164235489,1.826033392792317,26
27664,1.0852060578460685,-0.5575201612148203,3
27684,1.2476017034368108,-0.7054823103331355,3
27736,0.5676533470795285,0.02393757948510981,3
27740,2.814044930875057,-1.3125297089100774,27
27788,4.240964934107696,1.0840026675509278,3
27812,6.215598245911739,2.5840020602717884,28
27813,0.802863485031541,-0.2649760519335976,3
27838,1.2184560432900007,1.1878904122027882,1
27875,1.9417066882767178,0.3179621542441985,3
27891,1.799875293697683,0.7085011684140774,3
27947,4.2326461540091165,-0.608111962131805,17
27956,0.49033765691359454,0.5572695999816283,3
27964,0.4241623140145506,-0.7294730950249191,3
28004,0.4117037600244763,0.05621933800999738,3
28016,4.68607444004124,1.6810531021850215,20
28056,0.804767266097343,0.4090791175690176,3
28069,0.525132892355438,0.5097956871210644,3
28082,0.4537039463378909,0.5144717681893662,3
28091,0.9857085249755148,-0.8001194118002832,3
28096,1.96418510130521,-2.6968555964816785,3
28139,0.7640515079790161,-0.46730274606720185,3
28144,1.2925467237287933,-1.494149232388044,3
28150,2.427453083955859,1.9833512037373071,26
28177,10.307387897910179,4.381270512490992,0
28204,19.680133510889807,2.582368200939504,21
28222,2.4536608133557865,0.8683072703639558,16
28255,1.7213700535524468,-1.157736577948394,28
28257,1.144520251462604,0.28625507513711385,3
28269,2.53744743209388,3.422117548356115,24
28289,3.4905503792776367,4.087494289462055,1
28315,0.5647110395974064,0.2496662685045033,3
28360,4.819305482192042,-3.785312520116655,11
28372,0.7904041134173558,-0.06319484422697799,3
28395,1.3078224681251307,1.3767591208038605,28
28448,0.40826121618779904,-0.021504299160650553,3
28451,1.2396993477976532,-1.1806520659469557,3
28454,0.9175357072964002,0.7573958895750863,3
28477,0.8837329167780259,-0.0706567223854404,3
28481,1.0670317303550392,-0.051178061166534894,3
28492,0.8578701181638831,-0.14781772706433557,3
28523,14.075825974595226,0.4458640607349256,9
28539,1.3862986951633893,0.9771244556930343,16
28543,0.2640669672866773,0.2418160005081991,8
28591,2.2348822751785398,1.1699786357879163,3
28592,1.5660037844433292,2.4394077939599863,30
28594,1.5361299557042012,-0.3897930165863548,3
28619,9.327592364063305,5.100550348954878,22
28632,0.43326903034068676,0.11306805328826565,3
28634,17.864345719735717,-15.27959767969565,25
28647,2.0643434003389745,1.6268537367019373,3
28663,0.43326903034068676,0.11306805328826565,3
28666,0.9729531179191447,0.4869520272681784,16
28667,0.569683265320895,-0.26249014553982275,3
28694,0.4693704985070483,-0.23718026950979731,3
28700,0.42209142271939065,0.14041349023700972,3
28709,1.4054582199042056,0.47395150922950635,3
28731,0.8321346970949756,-0.20164092325147148,3
28735,1.3783189210065414,-0.013954663322311905,3
28763,1.4300861512658918,1.0415866906004276,0
28790,0.14322689436189587,0.034663283920390406,3
28865,3.4948874187402827,2.48634503947673,1
28877,0.34567632949901,-0.19323112743456283,3
28884,0.47880474743363427,-0.31406539633506264,3
28899,0.6812807296261171,-0.7282970600211971,3
28938,2.956522551688348,0.8201074896993104,3
28945,0.7866934377974479,0.7431503568224475,3
29000,0.5747730880903149,-0.45427823858676064,3
29056,0.29827118120755064,-0.011461964732437982,3
29067,0.49835315220614856,-0.428273842490348,3
29070,0.37019647795084004,0.38503437389853845,3
29094,0.45868943233189696,-0.6408897873548745,3
29101,0.9792142750745079,-1.0313094209359481,3
29168,1.1834656245911728,0.8816027391052972,3
29204,0.3809494243458478,-0.2129485894176815,3
29209,7.272549503744561,3.061099178708113,22
29232,0.37741951977531296,0.27383663882703946,3
29246,0.5890380438060671,-0.38637141272293724,3
29259,28.266687580362525,3.31507334330176,21
29279,0.49033765691359454,0.5572695999816283,3
29306,0.4435715722696206,-0.5327602491697577,3
29394,2.1344061268072836,0.21392028586719616,3
29408,0.44667238533022335,-0.4132197954158565,3
29419,4.675505814207348,-8.468959401024831,29
29424,0.600300431329388,0.48376080184551373,3
29486,0.607846735271638,0.39273578346005367,3
29497,1.237791932001579,-1.0834023084965698,3
29526,4.665211593489661,4.591667972507967,30
29539,1.6037640909272197,-2.666378300333117,5
29570,1.3661389120320115,-0.22053720103671287,13
29654,0.9070380114527793,-1.392080788217455,3
29694,0.19735735525514622,0.05150336257191873,3
29700,0.5033202638854024,0.22252458927765484,3
29702,1.0060964570063522,0.5148717984861731,3
29789,0.9898243106790888,0.6528350275651534,3
29795,0.6165381305587602,0.700696657794009,3
29806,3.5536093323349265,-7.060346756592474,29
29846,0.3778022865782271,0.3418472923488796,3
29848,0.3205094744044199,-0.3817678123033507,3
29855,10.348003671569417,-0.21108567260910313,30
29867,1.3354574339077983,1.5621204993191597,3
29905,0.5456750085187563,-0.15084138224836935,3
29907,0.4269941134290472,-0.06368016960189953,3
29915,2.4957925129691505,-0.46633378842161255,3
30029,0.8911567368764683,-0.4388680763869835,3
30035,6.438973377362802,-4.889878054346471,27
30052,1.2102321757021077,0.07934030123989702,3
30081,3.2884224144106633,2.272022253255869,28
30094,1.423583072390325,0.7474233952388656,3
30104,0.596877858712249,-1.2328983138376137,3
30116,1.4853853072990493,0.17687266941698632,8
30120,0.41167103043167236,0.041319972191232145,3
30125,1.7674689865335953,-2.5988637099471137,3
30131,1.1618688320599302,0.13564661418850937,3
30144,1.022307074146754,-0.2733033594346716,3
30210,0.642962872984598,-0.3550610526730325,3
30261,11.24177263247767,8.04133469030476,16
30273,3.0708191100870685,0.17885308371808428,28
30276,13.352823661686918,2.1756936349419242,9
30290,0.5037864161937979,0.5595132000374523,3
30291,0.4269941134290472,-0.06368016960189953,3
30316,0.8788619784859206,0.9498742735924489,22
30319,1.7132757608419238,0.40352854344342026,28
30321,0.43327395634470345,-0.28517377201299177,3
30324,3.606416204024556,4.455160045079155,30
30333,2.948986473144138,0.5633982058668604,6
30336,0.6942072886869536,0.4781691784824876,3
30341,1.7975234459155978,1.1070638433291566,0
30426,1.8336688575633402,0.767562075607355,3
30445,2.791633405919351,0.42098432508494943,3
30461,0.8280404060849467,-1.6002187176858829,11
30471,1.8538569056593515,1.4783200934422414,22
30487,16.968816568431436,-2.7750703826161693,25
30493,0.3258938426577621,0.10841227618299357,3
30495,0.3765055448557062,0.2010396436444506,3
30509,0.43326903034068676,0.11306805328826565,3
30511,5.813054932983999,3.3353545450188427,0
30527,0.43326903034068676,0.11306805328826565,3
30531,7.044638463652116,-9.970959447173598,25
30533,25.865575949763063,2.582640525139819,21
30554,0.6133634514405178,0.35392200022378356,3
30555,0.818165224016079,0.12281696346291203,3
30590,0.4101496466736569,0.3696117294569464,13
30594,1.3783099756003971,-1.5827873619270414,3
30598,0.44667238533022335,-0.4132197954158565,3
30642,1.0896512777127245,0.5804104424410068,3
30667,0.7901843969970745,-0.7809668641721996,3
30677,1.5423036506728967,1.2454973521703805,3
30711,14.089465788887592,4.639823601542711,18
30712,2.4771015648880046,1.4787658780558977,3
30716,11.330294232428411,4.282532135932639,30
30727,0.43326903034068676,0.11306805328826565,3
30735,17.046467001160103,4.095562570050739,27
30744,0.8641542128283263,-0.796348286880931,3
30746,2.505380544086024,-0.6341579625624456,3
30749,1.046880588075633,-0.19419642040121082,3
30770,5.212592100741517,5.380798807264723,22
30771,0.7874695394021968,0.648130041327258,3
30787,0.545663368039805,0.5543986059965074,24
30791,0.31884206154228945,-0.027757831355387282,3
30795,1.0485786971418796,-0.4146461471005029,3
30806,5.646463032296481,-1.5524052732860687,29
30810,0.4241623140145506,-0.7294730950249191,3
30824,1.48737223530822,-1.6343842897750287,3
30838,0.7231228256064947,-0.7811593241794842,3
30854,1.575967413847479,-0.6566265047948199,3
30857,0.40979438775570054,-0.23271480764425262,3
30887,3.9397016921156394,4.30277603896494,16
30898,5.502235995626399,1.4593175075548082,9
30899,0.28252609962471914,-0.39475095597945165,3
30925,1.5905552418693776,0.524895039132334,16
30939,0.8028181725369431,-1.6582842817698897,3
30968,2.259312659172862,-0.3717307439436166,3
30971,1.2406007112504887,-0.08108025794181936,6
30972,24.853466900525127,-17.182924169460573,23
30985,2.675741534496425,-3.1820627832898065,29
30989,0.9169321306583298,-1.1562769140393747,3
30994,11.120058021222821,-2.5651235568605135,0
31006,1.3193988845545659,0.19263191204981525,6
31008,0.4495586820299884,0.3861742429088881,28
31010,0.6436363962861337,0.6501792118259254,26
31013,0.21819045851719454,0.22693578029383407,3
31021,0.7999057221014957,-1.6591243369921818,29
31040,7.7296121466963505,-1.2778708952759288,3
31050,0.49210908952739174,-0.6446208174977749,3
31053,1.0616876202584158,-0.5313719694740269,3
31078,3.5489884185513314,2.5852726279078864,30
31080,0.7231228256064947,-0.7811593241794842,3
31094,0.5138907838529082,-0.0019360885716575604,3
31134,2.501194138167446,1.683799575280784,20
31139,0.5059439840225974,0.09354054173994522,3
31144,0.3207762983148859,-0.4197487514832505,3
31158,6.047126793188588,4.475956555945378,16
31172,1.6336565526068805,-1.5621608367278719,3
31226,8.449112135761203,3.3615292726624655,6
31235,1.6582095444414255,0.9047059985413456,3
31250,0.9147765734166332,0.6273471696850373,3
31261,0.43039688954188926,-0.36917499621538674,3
31308,2.026721468611531,-0.2505832620559256,17
31315,33.49389624373624,2.390522312119362,21
31343,2.5014419164074932,1.7521605853917257,30
31355,0.3967101578062343,-0.6423127188783251,3
31362,0.9297626255119346,-0.5870759874652673,3
31386,0.26679359879636216,0.28082127692712516,3
31391,6.536844598086544,4.185643348253264,24
31393,11.19352576145777,3.759664147161024,16
31395,0.9878038744151276,1.0215143926851615,13
31412,2.8275532513125383,0.16857431705463452,3
31446,1.705382585539942,0.5151485412557999,3
31466,3.3867491226336566,0.6660673359105211,3
31467,0.3366418963268659,-0.35624198606735946,3
31471,2.292834382175952,-2.583828086533319,3
31541,1.409926393904446,0.8297403085476458,3
31551,3.1776459233931194,1.2520014667144932,3
31556,25.444310556715628,-10.599867601978415,23
31586,0.4683549574100524,0.35489195382957633,3
31594,0.3929536249108067,-0.09432424237849292,3
31609,0.41635636538934495,0.4721219580030464,3
31614,0.6685074291478196,0.1260251223563859,3
31652,2.535681585684868,-1.18073226669173,3
31660,1.0976008308888732,0.971064685368352,3
31681,0.9831207030086794,0.5928225372878551,0
31683,1.9106150336542091,-1.5060272974998477,3
31688,2.8676104727294027,-0.9090955002288262,6
31694,1.293726579179461,-2.263191147708681,3
31695,0.659141729623433,0.2762181253074391,3
31712,1.0927737853438746,1.2782469046648166,3
31714,0.30540595138407034,-0.09371893045705681,3
31740,1.7910998164841392,1.1096527640459273,3
31779,0.7156712118927355,0.5712187061229739,3
31816,4.335773229332381,3.480342856224364,30
31826,4.080833146391229,0.019332455378681238,1
31841,0.6630474083489734,0.0829878408223256,3
31846,9.466465723473856,3.159918432569761,18
31860,4.312459990484851,2.28622274279188,24
31900,0.46882724561525774,-0.23690575530897579,3
31919,10.937075671501445,-0.11028506569480293,6
31948,2.506281402629374,-3.2766297619085774,26
31950,0.7073165248394521,-0.16978363628128726,3
31987,6.887428716631627,-3.124152560283935,30
32003,1.0791790076939387,-0.561237754282002,3
32022,0.35225288197985694,-0.10809469560091213,3
32028,1.0975794636485479,-0.12259938898411042,22
32032,1.8084355296587462,0.4821657615931879,3
32034,3.367447147725195,0.1913742373452446,20
32036,0.7826694980982645,-0.9488324447214856,3
32039,0.4117037600244763,0.05621933800999738,3
32049,1.0111286883095454,0.985763976436053,1
32087,2.8852524191026627,2.2095256052821513,0
32108,0.4575307144598026,-0.22341034736660384,3
32122,4.40741380510516,0.6717701366263645,3
32148,6.360611403860263,1.7958775914603247,18
32154,0.41065857444616605,0.005950014965286786,3
32179,0.2324154931688299,0.05688623840299432,3
32184,0.5481526572498419,0.430004756578627,3
32188,2.3375761118268694,0.06782367208141186,3
32195,7.549936028802501,-4.667988433966884,11
32250,7.228255622888597,2.329625040687955,20
32252,0.2786628444703102,0.22676961097984835,3
32275,1.2635518158389432,0.9667873077093447,16
32289,0.5545071541807982,0.5742612875862779,16
32329,2.274226631224352,-1.106814215381025,3
32402,2.1765668177432693,-2.5120849633370055,3
32417,1.115123597443614,0.6516647810538161,8
32440,13.198066452246053,-2.186387748740655,22
32467,1.0090354821151344,0.46636796632577415,3
32483,0.43326903034068676,0.11306805328826565,3
32516,5.173718375525141,-4.415456224535296,17
32530,0.7554144071142228,0.4555154663702578,0
32541,2.8359875548079314,2.832448355949368,22
32569,0.8159115762716552,-0.5359072618963939,3
32575,0.6487803334489557,-1.4616076138634333,26
32599,2.259241377627174,-1.3844209690087377,3
32627,2.0413930224821355,-0.31935031947739134,3
32641,1.7312210280771763,-2.648124676220262,26
32721,3.872458614686727,1.2040084057779907,20
32773,24.28092327366247,-14.538091173974436,23
32793,3.2860888580874117,4.109054324089587,22
32802,2.066854467468437,-1.8491870254906808,3
32817,0.43326903034068676,0.11306805328826565,3
32958,0.6288154147187563,-0.6214802575731782,3
32963,1.2953160338269185,0.10680655763089188,3
32991,0.880556724991259,0.3170703850974229,3
32992,0.8563384388969788,0.43324485424637627,3
33004,0.5471675828148092,0.35468628904164606,3
33030,0.8563384388969788,0.43324485424637627,3
33036,0.9398658538415299,-0.6649269966075547,3
33088,2.076185654735083,-1.9537933582718892,3
33114,0.6436363962861337,0.6501792118259254,26
33124,1.361307432381453,-0.9880279322939747,3
33163,1.6676908479465034,-0.003314453931928474,3
33178,0.27475811193912375,-0.231360429332066,3
33179,0.5075157236564322,-0.25448319352334603,3
33193,1.315008232025046,-0.09474254872228632,3
33200,0.42006331335222974,-0.17327782048261484,3
33264,2.778835434265763,3.2105621519864083,30
33270,1.6241166865916068,-0.29086926842317606,3
33281,1.0067048764942077,-1.4329878843275201,3
33283,0.2814943365719592,-0.21669622676401876,3
33307,1.2867037017288268,0.9344081646220237,18
33319,10.551147122194664,4.307765973736934,20
33336,0.43326903034068676,0.11306805328826565,3
33345,0.5867472780982539,-0.5428040733642502,3
33386,0.7190289484077178,0.31789227039664975,3
33422,0.49347203015982194,0.17897118543510976,3
33432,0.46573196898382213,0.3379117144146472,3
33474,0.9854389621504607,-1.0645284679652525,3
33487,1.06453701928205,-0.06365559439085756,3
33505,1.3702533113879132,2.134481819714988,30
33517,1.9575047305541615,3.049259742449983,30
33576,2.621790107313548,1.0557756846630078,1
33580,3.1780087337501595,1.3659006442238166,3
33614,0.6569661265989709,-1.269118256471733,3
33681,4.517281673425577,4.464678475159382,30
33816,8.558892647568507,2.043884507064722,30
33818,8.548732423223312,-2.992545513936835,3
33822,1.6022743812895237,2.495907514788975,30
33832,1.0553441255662586,-0.9756819913567538,3
33834,0.6399645775948314,0.6596993218719239,18
33862,2.1272108633211757,0.6553849708648939,3
33888,0.6907507433930118,0.18026176900171556,3
33933,3.440819218620746,-5.015785329473189,29
33943,2.0355434116302105,2.6089755680772404,30
33958,0.4758358461592514,0.5395679520034816,3
33974,21.125670745313318,4.2605080405013425,21
33980,2.1159770409185135,1.1578225936618107,1
33981,0.49271948107523034,-0.5322642339826262,3
33999,1.928143015932662,0.8027018600413999,24
34075,2.1662834812187004,0.5921885960508055,1
34087,0.627883480105108,-0.7391318950515522,3
34215,2.112201527222058,-0.01789169138750744,3
34216,1.5509342858329682,-0.8964463023809524,3
34230,0.23809339021615486,-0.13309286838605094,3
34277,0.7969248696077322,0.2722928410997576,3
34300,7.998418252512156,1.0407647606811967,16
34377,2.5771988352120934,3.425224556012186,30
34397,0.9437000483204948,-1.983562477807763,3
34412,0.5189257654762083,0.7264078003575118,3
34501,1.3890307545486096,-0.7845698702721705,3
34523,1.4453152690438384,0.8169321242197507,3
34539,2.2128530937027078,1.642424249255284,0
34581,3.0137876510556536,0.6579335324979992,30
34588,9.7124396383809,4.397295061540241,13
34597,0.5708342769597637,0.062192744505949596,3
34600,0.4780066243690472,0.2617047636618162,8
34608,0.7742518960637929,-0.1470573876211928,3
34636,0.9504711538971194,-0.38610057856916496,3
34726,0.47291237979778,0.4062352425405186,28
34752,2.1164576359604452,1.1419596127374914,20
34761,1.5660037844433292,2.4394077939599863,30
34762,0.8828408296492407,-0.6564308475251546,3
34801,0.8445333210813768,0.09152330267272302,8
34823,0.43326903034068676,0.11306805328826565,3
34837,1.444469554727922,1.4082342520515043,1
34840,0.5978633560191925,-0.7147380595053974,3
34864,1.9416543848999408,1.4015726108229458,18
34932,1.4808186000002628,0.25842146084337264,3
34987,3.3178510053764403,1.7716845186578143,9
34988,0.40861471409466216,0.46439133331802357,3
35050,25.432224968011283,-16.523224457819722,23
35055,0.43326903034068676,0.11306805328826565,3
35072,1.026646436115415,0.014875037413216965,17
35081,0.6744369090062923,0.34598559550444735,12
35124,1.127098658218184,0.10626112034046975,3
35144,1.0599846924156202,0.00012730709477945824,3
35148,3.0751598112088323,-1.2402269957053924,3
35182,3.132789848301257,4.142349622688776,30
35185,0.41167103043167236,0.041319972191232145,3
35188,0.9999035877586543,0.5024458024423624,3
35233,1.3823385249912818,1.0923285080812866,3
35243,0.8098295559976669,0.8765619185024124,22
35270,1.8941351980273888,-0.16878229629436758,3
35320,0.7217247575185601,-0.1864008534483239,3
35334,0.47026818727253017,-0.6072542972522197,3
35424,3.999461225141749,4.079312684649039,30
35445,4.929086587403248,-0.43049610246822306,9
35467,1.1555756437823377,1.1265874016412034,1
35518,0.6582510823050257,0.3993571079275231,3
35532,1.4569044647316844,-2.2722556140038437,3
35599,0.8460819853225209,-0.5311817142394073,3
35631,0.7723058066099605,-0.2890642301529423,3
35698,0.3863558890508894,0.3259844154538256,3
35704,2.2679664139728333,2.1150482921973697,13
35707,1.3409405345028071,-1.144760073045743,3
35718,2.0494394185756075,-0.5064209630006279,3
35789,0.5193541294285713,0.4018801308918289,3
35793,2.086467741692757,2.997350103021529,30
35826,2.0394550039343557,-1.7039250633238354,3
35836,6.692416913144808,-6.540231595111726,5
35841,0.8242798288950302,-0.3826563287091988,3
35845,0.39442694440682247,0.13630864423931083,3
35857,33.68766582614074,-2.4491635387019586,2
35859,68.13718406159646,-3.4568320905263312,14
35865,0.41242666926199617,-0.5396769661927506,3
35909,0.8213171488923321,0.011900029930573573,17
35910,0.9290551495410937,-0.21325019329376468,3
35918,3.5191313601951797,1.4230343954930262,17
35922,0.3525414836999639,-0.4613147804450659,3
35925,1.0513554008385801,0.600726676292606,3
35926,1.1919380037912848,0.6314838544838782,3
35953,0.5074082461864566,0.05528243956084408,3
35962,0.7518685694499336,-1.1459804913302265,5
35963,1.142722460144994,-2.3701776242745454,29
35966,1.143541672805787,1.0047874009888291,3
35996,1.2246676243954095,-0.3260342383143003,3
35998,3.031066147356582,1.875417201310519,17
36003,13.182218922333897,8.872391262627843,21
36043,1.7194745721424272,-1.3142627071170396,16
36103,1.562882472936555,1.436661770674597,3
36121,0.3765055448557062,0.2010396436444506,3
36135,1.7334170530109818,-0.723503280926261,3
36141,1.233104550916451,1.0485795065620922,3
36157,0.8398810240754154,-0.0666301255856578,3
36229,0.8047753489652267,0.242689540556315,3
36256,6.7865016269303196,-1.9604583379624891,1
36286,1.7063281880233079,-0.12341929431111293,1
36288,2.406608049069344,1.6614555524370367,20
36299,0.47291237979778,0.4062352425405186,28
36304,1.0305314139202437,-0.9192108803503781,5
36307,0.3643909274769022,-0.031723235834728324,3
36326,1.1705345501913997,0.6673766341213576,3
36327,8.714387236286546,2.058932210546249,20
36357,1.7446200136250811,1.3590794922984715,3
36441,2.707130995035663,0.21385438353818298,3
36502,1.1024393408522746,-1.911111396059951,3
36540,2.184194842465197,0.6061984890295292,6
36554,1.006218231783802,0.42914274598086843,8
36562,1.2192838026487383,-1.6127792726625005,3
36606,33.31277901295633,10.939750893087863,19
36609,15.310910709721686,7.264217837176261,21
36621,0.36641532151844053,-0.031899476033810145,3
36635,0.5270035422470268,0.30409074319482,3
36638,0.5099463242843041,0.3864074555210059,3
36673,5.894482326517848,3.200536118938867,1
36677,0.5839295732188127,-0.04281928362547639,6
36704,1.0196810085803978,0.7196703965412377,3
36708,0.7670891749473732,0.36530250544399023,8
36709,0.9335405758816145,-1.0810729894169775,3
36715,8.95151861361744,4.1169130488152295,6
36722,0.5375483096195739,-0.39053266508921586,3
36724,2.1268424147350298,1.3667269771025234,0
36741,1.2400151793896552,-1.5377911781378883,3
36749,1.3172727006497913,1.3858862747786267,18
36771,1.0341836335949532,0.6292231492143807,3
36798,1.1552253704558586,0.5209641101599605,3
36807,5.079700737601791,4.246514661868061,30
36811,0.6907507433930118,0.18026176900171556,3
36817,5.904004200808794,4.229363409206849,30
36836,35.93086401561096,9.045509159025823,2
36839,1.6173849367998985,1.4231185909080524,3
36879,0.7980622291394756,0.7108218225098979,3
36907,12.40367866987655,8.253380526206236,12
36938,1.1938642082647024,0.25227792165565355,3
36961,0.4021989468772218,0.21315564927788297,3
36964,0.8524831113081521,-0.6838270004171783,3
36965,0.8191428177222171,-0.823062769663777,3
36973,2.057487081093123,-0.5346476382699764,6
36978,1.9856305324356236,-0.13548527496377058,3
37019,4.831662683390299,1.2885278305884174,9
37022,1.0927737853438746,1.2782469046648166,3
37030,0.31631144403441824,0.3293699358607534,3
37083,0.8401865182934531,-0.9729656904752798,3
37147,2.0385451462495037,2.4611327698280085,16
37159,0.31631144403441824,0.3293699358607534,3
37164,0.2768158002751208,0.2948569892153322,3
37185,0.3556360860398164,0.3204861198455801,13
37197,0.5281823121941118,-0.6314352553672392,3
37208,2.412170264792825,-0.8183384558635327,27
37227,4.404552976697371,1.669987844523141,9
37239,0.550385466844978,-0.47208068985265617,3
37244,0.8092644487650824,0.4624159539446926,8
37288,1.1837764229277474,0.4574472618459437,3
37293,0.9528619359097888,-0.2068457472358559,3
37310,2.770056940166449,0.4843998274435852,3
37311,8.343515641954522,1.496888967985367,0
37377,0.6812807296261171,-0.7282970600211971,3
37400,3.550884683390541,1.436967970343797,28
37426,0.45208223319804014,-0.5227791807689377,3
37454,5.217577550916557,1.7247344504634403,27
37493,3.9483730422216876,1.575553581686728,6
37504,0.5456750085187563,-0.15084138224836935,3
37511,0.8932261593884152,-1.5696068284784652,3
37512,1.2850915858264558,0.2220665195400895,12
37536,0.9437000483204948,-1.983562477807763,3
37538,12.04268311209778,6.530745538239718,9
37546,0.43326903034068676,0.11306805328826565,3
37548,0.3338734086515872,0.4165061835927411,3
37556,4.353032560267694,3.0525227669971335,22
37560,2.217960056522701,1.0866704110603245,3
37567,3.5813874176326816,1.339443037621373,3
37573,0.22559045352445434,-0.1281087310293278,3
37584,1.0383558512640965,1.088665549927951,18
37586,0.2778094931231141,-0.004982162824382049,3
37605,0.908321393784073,-0.1517496603932008,3
37623,1.6702850493566197,-0.09915699055617601,3
37644,3.2795561364422743,2.474291510161145,12
37688,0.7400116018554432,0.3743919506865197,3
37691,2.6928746385528792,3.32363817647201,30
37693,1.501578562974985,0.34930714012420666,3
37712,21.914160716922723,10.566998410249614,21
37736,0.7742518960637929,-0.1470573876211928,3
37790,5.428636373327638,0.5624773967001412,1
37794,1.0518280539166651,0.8597350026359462,3
37798,0.43207328411701806,0.1822188207333821,3
37822,3.512334778040533,1.1025495776969372,30
37841,0.4858083035469551,0.1482869478007191,3
37874,2.983308856603073,-4.263218286698364,3
37905,0.3321161906981463,0.1284221465635361,3
37950,25.39740264139021,-8.465893275191434,23
37968,2.831017909115202,1.5412526715593098,3
37974,2.8265373320179186,1.6939367674732722,18
37979,0.9004506469940821,0.7256412027682706,3
37989,3.6659069018341217,3.7692971873779606,16
38005,0.4227742652976265,0.3606532008549074,3
38023,14.297176427559783,-3.303077602951161,18
38034,1.1570839125154257,0.21385105987437647,3
38074,1.4871396464623916,-2.774049649201965,29
38176,0.6165381305587602,0.700696657794009,3
38191,0.6570895114544735,0.24333543460398552,3
38213,0.6226771036288674,-1.16343863676212,3
38217,0.6258795856587406,0.07833586976521827,3
38219,0.43326903034068676,0.11306805328826565,3
38229,2.6054421780099126,1.7699016055490122,3
38250,1.0152081335544616,-1.1208814316098008,3
38262,0.3101312914866765,0.32293464404109395,3
38273,4.310816794732213,-1.6016202153870984,20
38281,3.7788005927194233,0.6511624574364355,13
38308,1.2184560432900007,1.1878904122027882,1
38335,1.5716295407914804,0.05841739318906316,3
38345,0.8749491893215553,-0.3376024829515876,3
38457,0.36641733065155996,0.02285416265500732,3
38464,7.407177468571212,4.111840752817903,6
38482,0.3929536249108067,-0.09432424237849292,3
38508,1.6022743812895237,2.495907514788975,30
38544,0.9889546102387888,-0.2844780729053021,3
38549,0.3205094744044199,-0.3817678123033507,3
38556,3.0878921923492624,-2.2407058436249527,3
38559,0.5281823121941118,-0.6314352553672392,3
38590,0.4876451297727679,-0.10174775064817378,3
38626,0.8563384388969788,0.43324485424637627,3
38672,1.5238590273986214,-3.0671840404041464,29
38679,2.115287375372969,2.6108669198963637,30
38703,4.311443574801259,2.8244701409704946,16
38718,5.885590536430801,-1.9352921800731258,5
38725,0.15761529283257777,-0.13187759779933253,3
38762,2.3081214414526894,-1.5865285168744856,3
38763,1.9424444707747042,-0.9578692128402706,3
38781,0.81652914917985,-0.07473718573631183,3
38789,0.3932430374114051,0.3535058847831018,3
38802,6.580702795865776,4.332842460154809,1
38818,0.8095490409568485,0.7141952375945233,3
38887,2.1200978338901524,-0.8611786434396204,3
38899,4.060377234186742,-4.303203126353216,6
38904,0.914177968115995,-1.8961420994196363,29
38933,4.80059792833468,3.7092411870754463,24
38946,0.3679573759750171,-0.6048844869912988,3
38950,4.209913318157556,3.886256370858607,30
38991,1.0567501584368362,-1.5848990718215805,3
38995,5.605799421378305,2.4396297676131122,18
39077,0.7231228256064947,-0.7811593241794842,3
39087,2.336947832239284,0.883970152582039,17
39133,0.5369187627827567,0.5455140129516916,24
39134,0.7225363552832488,-1.492455853592901,3
39147,0.5119605710670693,-0.21195528196137628,3
39195,0.6685074291478196,0.1260251223563859,3
39227,1.3212641703773622,-1.5762166088223732,3
39281,18.03979006223309,11.137077528931872,21
39284,2.001890222047124,-1.8460989648998072,3
39345,10.704532614762286,-9.276009910140342,25
39372,1.4890023132681949,-1.0015024017571437,3
39374,2.4515615310040677,1.999163840629308,30
39385,3.2781401115451376,0.4910937380982874,3
39396,1.4044470034809853,-0.385870647098407,3
39440,1.5515739512272837,0.5176959443446402,6
39441,3.1541597191083817,-1.0628366851890685,17
39453,0.545663368039805,0.5543986059965074,24
39464,1.1331216106713342,0.6832731995553867,0
39467,5.086127859837316,-2.25230566537097,26
39502,1.3130580490143036,0.22318334915420948,3
39513,3.0811152716379127,-5.112855351579294,3
39523,0.3679573759750171,-0.6048844869912988,3
39572,0.5119605710670693,-0.21195528196137628,3
39584,10.89806461771979,5.348645882194155,9
39602,1.0591486159994274,0.19140392305348392,3
39616,10.936955247634,-0.5585640797407075,18
39646,42.74015496408059,1.597168540397431,7
39662,1.5563426455645561,1.0700939374352147,1
39664,0.8890879281322143,0.5409432985544114,3
39700,1.8995457695442677,-3.1328925267157866,3
39705,2.646689407414407,-0.45939439040509467,3
39723,0.8268043039637417,0.5957786371908662,3
39739,0.44665858152198995,0.10932458162221542,3
39773,15.09399571165961,-0.8887216504597327,25
39928,0.8668929007996505,-1.7980657839324137,29
40004,1.6022743812895237,2.495907514788975,30
40012,1.6541874541107402,-1.5492826723005932,3
40052,4.1803826036159135,1.9268707022393565,0
40110,2.907866223225391,-0.7236720089503431,8
40134,2.227437577702342,-2.442238609923225,3
40136,0.9197340183969633,0.4675189915074487,3
40190,1.2029800120561014,1.0707400831431797,3
40199,0.588915866925443,-0.9396088859963461,3
40222,1.145681110826788,0.2507661994769825,28
40278,1.421426426077316,0.5996567760564931,20
40299,2.8006773633208026,3.251084011139298,30
40316,0.5759696970168975,0.3494374694365827,3
40318,0.8375312653200314,-0.05977733391622102,3
40330,7.053834072266014,-0.9756645627402288,5
40362,3.137544232696377,-1.0883366229250409,27
40367,0.4631299092356314,0.04648496871513616,3
40415,6.505500487808022,2.169021369997297,20
40417,1.792234814511708,0.40246457635350835,0
40435,0.4182002319501911,0.03070754493945672,3
40446,1.0718189786833385,0.7322921389614564,3
40450,0.8642175372861159,0.7862504895016482,3
40466,1.1312001496527182,-0.22524468389933427,3
40476,0.8904406678285521,-0.26050641877106523,3
40504,0.9870154950234244,-1.374459518494618,3
40505,0.3395046991387475,0.32374867818421493,3
40546,0.4499053088875927,0.48697884361245136,22
40553,10.087492601069874,3.2560148528516395,6
40559,0.43326903034068676,0.11306805328826565,3
40612,1.7895834637983294,0.8889221982153511,3
40617,0.9571629086782598,-0.0701883102726881,6
40640,0.8510210355541663,0.7935793436199626,24
40647,0.5707543782885978,-0.31518561784475885,3
40680,3.08646316553145,2.7839293058674683,3
40772,1.4061377043126022,1.3946001967865014,16
40790,1.9839570865220881,1.7429361500069338,1
40795,1.9424444707747042,-0.9578692128402706,3
40796,0.7069863334224207,-0.05652537790835231,3
40798,2.1196940356728406,-0.8575231322443148,3
40838,4.175715839176336,3.076323108397819,16
40888,0.5006070486872054,-0.6557524171719907,3
40889,27.438603966031266,-6.490387339796503,23
40914,10.019948841857822,6.631089827631939,20
40934,1.0521067389712853,-0.7801767416297802,3
40937,0.5757664517744476,0.3532999130375085,3
40943,30.99621116007525,4.686212725701267,19
40958,0.43326903034068676,0.11306805328826565,3
41013,1.1270105632224208,-1.5337539528069632,3
41057,1.7421384005648317,-0.9915283369151987,3
41058,1.4383174665470875,0.056195009604449106,17
41080,3.7519554402759487,-2.282556199409677,3
41084,12.218480438206207,-9.996437366058249,25
41086,2.2236998673704487,0.18798385899966932,18
41103,0.7170406301204177,-0.11042632507191205,3
41105,0.58393635275766,-0.06456440223056925,3
41111,0.9239817925038736,0.013387533671895269,17
41115,0.6122049064874864,0.2671413703514359,3
41117,1.842590300570317,-3.7079970686938815,3
41123,0.4182002319501911,0.03070754493945672,3
41135,0.5920720657654387,0.1545100877157562,3
41157,1.7250280299200842,-0.8510466638669386,3
41177,3.044741664012477,2.5530340452092566,18
41183,0.43326903034068676,0.11306805328826565,3
41220,0.31224008055164204,-0.0874116967015018,3
41245,1.1803531495637525,0.8493674382536701,3
41312,0.7231228256064947,-0.7811593241794842,3
41324,0.6830208860654716,0.49666413773133833,3
41343,0.3488977029225111,0.3633014745462307,3
41359,0.31631144403441824,0.3293699358607534,3
41364,2.34531919850693,2.005510046820892,3
41385,1.2573763054894251,-0.9433200493743438,3
41392,1.1486586592898538,-0.16899208780918512,3
41395,2.2640916433429745,2.3790354412562857,13
41403,1.3350061362025203,1.042243114935305,3
41425,0.7381760003936721,0.4340066554906944,3
41447,1.1837764229277474,0.4574472618459437,3
41449,4.3328477394342375,5.45838212451779,22
41455,6.777158597113265,1.5672402736115303,22
41536,0.643898786063652,0.663754850489989,18
41578,0.2545049594867253,-0.07809910871421401,3
41580,1.5115174433631962,-0.24766301232900992,20
41586,0.43326903034068676,0.11306805328826565,3
41589,2.844362333644603,-3.396372663926123,6
41596,0.9492259247050798,-1.0944771287583077,5
41634,1.6753507652221333,-2.135362349265248,3
41646,2.1644297045221075,2.1503959891574187,1
41667,1.8567529941315937,-3.471920934742433,29
41698,0.6398219720740158,-0.29352650265211827,3
41701,0.9406772765271434,0.16835049284910975,3
41738,0.44186645838901295,-0.0353283611927202,3
41751,0.8401865182934531,-0.9729656904752798,3
41757,2.000341566917881,1.2362993139218552,3
41760,1.032783544200349,-0.3964951446178487,3
41781,10.286379206978266,0.9286303469625009,30
41841,16.64200797771412,4.69937689472729,21
41842,1.8128991227150655,-0.5466841950909033,3
41892,1.2645505175149427,1.1411676961719017,3
41911,2.105509836741935,-2.1333147451739625,3
41985,0.47380968574618004,0.5531043936735145,3
42024,0.48232557059145725,0.513098709198417,3
42025,1.0980308073713272,1.0212384600162234,3
42093,6.96150026278143,0.999091157879312,27
42099,2.4780277768527537,-1.6601007803290966,3
42112,0.46677028794080727,-0.5405364947084887,3
42113,0.4971469027433282,-0.6794497753004672,3
42123,0.43326903034068676,0.11306805328826565,3
42145,1.1481695441473276,-0.2196001266813493,3
42162,1.7153892928710743,-2.498219208073047,5
42180,0.39943617921699914,0.18054599807385116,3
42246,1.143113050455704,0.6954985267128146,3
42274,0.7757417229900122,0.011239689484659735,17
42309,1.2184560432900007,1.1878904122027882,1
42323,3.137269027654746,1.1491889625326002,3
42333,0.42807758532387175,-0.36717386988539924,3
42372,1.261675414655272,-1.6520531362547675,3
42400,0.5867472780982539,-0.5428040733642502,3
42408,4.093825395376559,0.8881666014615816,3
42410,2.1941593775979533,0.31825283286865064,3
42419,5.885475160265104,0.5438806330115127,5
42428,0.5867472780982539,-0.5428040733642502,3
42430,0.39442694440682247,0.13630864423931083,3
42458,2.7793517336259193,-2.626079540579535,3
42459,3.096167240275976,-1.516932911598164,3
42466,5.408059680024744,5.2284088213593405,30
42482,1.0305854295170112,-1.0147494860527075,3
42520,0.6312679889413633,-0.1767236476791232,3
42522,1.5217487779230061,-0.7639922451622256,3
42597,3.9325040520649632,0.13239233030147485,16
42601,0.7904041134173558,-0.06319484422697799,3
42611,0.2768158002751208,0.2948569892153322,3
42651,2.399198873953889,1.633252031184815,3
42662,1.6022743812895237,2.495907514788975,30
42714,0.3371690115224913,0.28963068218166604,28
42718,1.2104093465746608,0.5696042308530033,3
42724,2.060794603710072,-0.8205377591993827,3
42725,0.39379305843684254,-0.41417951117644786,3
42730,0.49368831172876926,0.2995178309456423,3
42739,0.7518685694499336,-1.1459804913302265,5
42759,0.95626728449293,-0.7477046708396444,3
42762,0.4582518547355513,-0.5996410735475007,3
42780,1.0205995610805183,-0.9034921516503411,3
42831,0.47026818727253017,-0.6072542972522197,3
42852,2.018058434081993,-2.9430850091347702,11
42883,1.3947805589921236,-2.104622912936976,11
42887,0.8434023801118966,0.8555839185554863,28
42898,0.4258465267462017,-0.21353187502533633,3
42902,0.8890879281322143,0.5409432985544114,3
42914,4.412452876541411,-2.33053900754946,8
42923,1.0341836335949532,0.6292231492143807,3
42939,0.41167103043167236,0.041319972191232145,3
42944,0.6505528159116764,0.04941052786467572,3
42948,1.527102045363886,-0.8019951112857832,3
42952,0.3901161038182143,-0.08139820051853902,3
42999,0.6455214515169931,-0.31399445613634,3
43004,0.6278499174780592,-0.038996574330449424,3
43006,0.2635538813989943,0.14072775055111542,3
43021,1.5044222624597638,-1.704789230984472,3
43052,0.2575705927005929,0.21732294363588373,3
43093,0.8327125832483638,-1.7502780018602613,3
43163,9.402397834983677,7.228781184588965,30
43173,0.27668192023041893,0.28653862184717377,3
43190,0.6295120059285191,0.3795962219752148,0
43206,1.309946566869872,-2.106998095998757,29
43246,55.48460178141126,15.359707785488041,7
43282,1.2702264223375714,0.5984653545646522,3
43323,3.2798825131272595,0.7085145719173918,0
43337,0.9571629086782598,-0.0701883102726881,6
43359,3.562925722555599,-5.849985407257685,5
43392,0.3004990248173584,0.2535434342418643,3
43397,2.1764823392431403,-3.7300331106396047,29
43404,1.1163802759975936,-0.2729135748884789,3
43418,1.5260428156845613,1.3913149579530824,3
43426,1.1481161653923901,0.8117201347005377,3
43436,1.22026334922237,-0.09167754876967252,3
43466,1.30002259925513,1.2674108268463538,1
43481,5.060141888709132,1.1832092298932926,3
43486,0.3004860677864285,0.37485556523346697,3
43595,2.958456009706138,1.5392225961608208,8
43619,24.55030361286162,-6.977301111474845,23
43626,1.5212847078145948,-2.2015168198898034,3
43639,2.927146952840884,-0.42369083341488134,3
43642,0.30466382327336394,-0.32240207374662583,3
43687,13.711518096237887,-3.785211284028109,25
43698,0.5322462462757905,0.5167012860701147,3
43714,0.20032404519095234,0.24990371015564466,3
43786,1.5081171274823015,0.6652726211961375,1
43806,14.216235340361584,-5.531306263848833,25
43807,0.8379816803281878,0.30782166558796276,3
43824,0.986657639415748,-0.7839231932912993,3
43842,21.594214510060837,5.648564348996778,21
43852,0.7381219827256938,-0.48325425700128893,3
43873,0.9686230479817073,0.836336270380176,18
43878,1.1837764229277474,0.4574472618459437,3
43893,0.8658973675106575,-0.7658483612976169,3
43898,0.4146668231416959,0.3122829243246661,3
43901,2.516324776069723,-1.3441071076473643,3
43907,1.2590240118570382,0.7591924439504296,0
43909,1.7383604671931487,-0.6207788870352685,3
43910,9.524752928582062,7.645042710175244,30
43920,0.6496402782895364,-0.29452325446840005,3
43962,0.43326903034068676,0.11306805328826565,3
44052,0.8089720933482193,-0.21739472942564408,3
44065,0.6787347578116811,-1.31117060311778,3
44070,0.3470502834402848,-0.22842277260742128,3
44089,2.8926989081633163,0.10505302805646077,3
44091,0.1830857473638759,-0.14094063529367074,3
44128,0.40033937515232726,-0.19548405394577836,3
44252,4.762228916162757,3.8976613178093147,30
44269,0.4928221502871434,-0.4853415685434055,3
44295,0.9401849752298423,-0.7788666523611035,3
44296,4.730514874348782,-0.8887752518980149,1
44297,0.29603603288271935,0.0772550438578781,3
44382,0.7304686481798585,0.030803396856807976,3
44389,0.6122525028804402,0.7003269183416828,3
44400,0.3413515908409375,-0.07122342545372165,3
44435,1.2970044498280142,0.949173606339732,3
44467,1.161655380065404,-0.73845300945837,3
44472,0.4774229812063196,0.11554427973463469,3
44535,1.718378706016663,0.25058936974863844,3
44588,0.26954174485092575,-0.4364145650915449,3
44590,1.1644683137458398,-0.10250877381040627,3
44595,2.4448947936743988,-0.5697661528043132,3
44611,1.6992258249383392,0.6820376505717518,3
44635,1.0361253769636123,1.3259079607494537,16
44647,0.35431542533930965,-0.28985707539154626,3
44663,1.7356083244810092,-1.0263640084801418,17
44727,0.582777603479465,-0.26735666988554385,3
44728,23.804494981942238,12.243021601334153,21
44743,0.6165381305587602,0.700696657794009,3
44837,1.6230379611429768,1.5212674959427486,3
44842,3.5842131322477986,2.0286131119425,3
44845,3.443560299999172,-0.189765628439259,3
44852,7.83896122187203,6.091825645247246,30
44892,0.8813168082999266,0.5314347107653008,0
44893,4.177623079575302,0.9558156744253056,20
44911,0.7182301297996894,0.7774144273208845,22
44924,0.6862010087462594,-0.5278195426736715,3
44925,5.106769071871519,2.4944274777472,1
44985,0.47291237979778,0.4062352425405186,28
45002,0.43326903034068676,0.11306805328826565,3
45033,1.2850455597065797,0.8267217801503949,3
45042,0.46698620663144197,-0.1855612833273021,3
45060,1.6454501567190478,1.1242102426008886,1
45064,0.36472059707519744,-0.5478106120800772,3
45068,1.5143915027352217,0.8043319145041986,3
45078,0.5874514894663798,-0.679317579530258,3
45082,1.0980308073713272,1.0212384600162234,3
45107,3.0519634907387707,0.7671444379876186,3
45114,0.7182301297996894,0.7774144273208845,22
45136,0.5890380438060671,-0.38637141272293724,3
45165,0.4458605511524963,0.36283137756775735,3
45193,1.1579150562090077,1.2325662094991157,24
45208,0.8004005751058507,0.645014402460685,3
45231,0.5459403187298044,-0.7461356489229565,3
45255,0.7331179940107083,0.5907937594590772,3
45287,1.444469554727922,1.4082342520515043,1
45302,0.6898072735053224,-0.7451699275756767,3
45315,2.1883382504015088,0.6366907817210704,3
45340,1.2645626958697307,-0.4736593145687227,3
45359,1.11708947333045,-1.8971256560208134,3
45383,1.7393585569702879,-0.7280303021020109,17
45403,1.0446978824418627,0.9716354491011496,3
45409,0.6226771036288674,-1.16343863676212,3
45412,0.9665966244617118,0.7853560907871745,16
45416,0.5033202638854024,0.22252458927765484,3
45418,0.2530196825631295,0.0874401974436826,3
45435,0.4086129308025117,-0.16236612291138933,3
45444,0.7709317691984215,-0.12110500203364036,3
45454,1.3984649078822915,-0.2254136484018228,3
45461,0.37741951977531296,0.27383663882703946,3
45470,0.4428215875975284,0.17122952875138145,3
45471,3.5112240236828085,-0.714550509920546,17
45507,0.6165381305587602,0.700696657794009,3
45557,15.420087157291986,-5.921849438188924,25
45564,0.6715040271892195,0.5323347552069211,3
45584,1.35470094668934,0.11827952223372241,17
45585,1.7905247479176267,-3.18809235156419,29
45641,0.9922949071771812,0.046436393731408114,3
45656,0.47026818727253017,-0.6072542972522197,3
45701,0.5580088730210141,-0.4410284566279801,3
45730,0.41398397243006413,0.30036596836857526,3
45772,0.5707543782885978,-0.31518561784475885,3
45778,0.536575811190201,0.41990348099651215,3
45842,0.5777878218911688,0.5632937008206017,3
45899,0.4613007882188766,0.3459729368336681,20
45904,0.5322462462757905,0.5167012860701147,3
45925,0.8504086951743359,-0.4601813848608229,3
45987,0.39080828631014786,0.2889723498391283,3
46003,0.7543291336177889,0.674915107809833,3
46006,0.43326903034068676,0.11306805328826565,3
46050,0.43326903034068676,0.11306805328826565,3
46099,0.3860122547832552,0.24926483969676003,3
46133,1.3948746630019055,1.439557285398578,3
46139,0.3927428253309502,0.40848440452890133,3
46145,1.3041615585285695,-0.6389437281719984,3
46153,0.6436363962861337,0.6501792118259254,26
46154,1.2257081351704724,1.196210578813326,3
46159,1.2184560432900007,1.1878904122027882,1
46184,1.6187185018808536,0.16938512512897316,17
46197,4.42813758194907,3.7860398616609263,30
46222,0.6570895114544735,0.24333543460398552,3
46269,7.026847660575222,2.103765834757626,6
46295,0.916667337871131,-0.7912492098603524,11
46312,0.4774229812063196,0.11554427973463469,3
46345,3.677161907005523,2.975231437798831,30
46374,1.1616008493566057,-0.5064785364297764,3
46389,0.6612136189622293,-1.0322477334503481,3
46398,30.71447129134774,7.867975449606514,19
46404,1.1678591464376253,-0.08563856725095279,6
46417,0.9414339633958229,-1.029100644742087,3
46443,4.920508469040465,3.317316025294561,16
46452,1.6443507871537533,-3.466178052949319,29
46472,3.948016374079684,-1.0689693023584057,29
46534,0.17237097723309505,0.0913524211190927,3
46541,0.4301072876330278,0.27773891314526633,3
46595,0.5285797156110309,0.2674228219189426,3
46651,1.2665403877679873,-1.574480614716291,3
46671,6.361918261304409,-11.193476473158634,25
46690,1.551084911392369,-1.8448693695334435,3
46862,0.4648309863376598,0.11377247680598863,3
46892,1.4046951750239205,-1.6215074179711468,5
46907,5.917834582882474,1.0217861720733645,9
46909,3.5749729010394726,-0.8560790508180794,11
47017,2.0911366767987674,2.949203481081051,30
47050,0.4504157283316166,-0.1789768506931075,3
47077,0.6838275771805927,0.4418277563925604,3
47117,13.727768963547382,-7.1080790359469965,25
47127,0.9239817925038736,0.013387533671895269,17
47128,1.2504984585300112,1.0418507199243128,3
47145,2.0268842547596173,1.7082283090965065,18
47152,5.004633124124026,0.919724932317521,0
47250,0.5899474816095137,-0.14161047441297425,3
47279,2.330820958715121,3.0425647868069166,30
47293,0.491380398166943,0.2517119604563536,3
47315,0.44921718788991954,0.4234871109261581,3
47316,5.199187456689932,-4.8016958363498885,18
47368,0.39080828631014786,0.2889723498391283,3
47396,1.0168545657312817,-0.26506516021898385,3
47448,0.43326903034068676,0.11306805328826565,3
47458,1.5413296374161658,0.44437038641646476,3
47465,0.8561789205227724,0.33129290335815403,3
47594,4.250500681885829,1.1517343667955033,17
47609,2.3331776732558533,-2.0662754906519947,5
47613,0.43326903034068676,0.11306805328826565,3
47635,0.43326903034068676,0.11306805328826565,3
47743,0.6312679889413633,-0.1767236476791232,3
47758,0.9294499819315969,0.45685525797027265,3
47807,4.367449109946077,4.219204980521844,1
47856,0.9019081288884192,0.2929032145731013,3
47861,0.6312679889413633,-0.1767236476791232,3
47866,1.0161004892939591,0.618220912633613,3
47929,1.3702533113879132,2.134481819714988,30
47971,2.516658290905167,-2.343534669238833,3
47975,1.5731664029632124,-2.3075009772895,3
47987,0.46697219207206925,-0.8801252051473658,3
47996,0.8666817328367533,0.8449405512309025,1
48025,8.283589324592768,-5.915645412225085,17
48037,1.5247424933060785,1.690384882974513,30
48042,0.8556300040474485,-0.9155487856998387,3
48046,15.748087242007788,6.637410809369138,21
48057,4.529935969997974,-7.880179101675965,29
48153,1.5496241847470666,-1.4758150824336946,3
48213,4.017739690157984,1.6224894668023628,16
48215,1.0927737853438746,1.2782469046648166,3
48217,2.782702793763546,-0.10783671660005348,1
48268,4.651177934542629,0.9230252665701288,20
48305,0.49400294064535466,-0.5060431429623596,3
48313,0.2927264081049924,0.30811760134124927,3
48355,1.6634919041993446,-0.5840675713757261,3
48382,0.512221985080307,0.4369577659544086,3
48388,1.543039766299671,-2.231042864066788,29
48407,0.4481821301499268,-0.21884547248050737,3
48424,0.4449406203321811,-0.5344045709264545,3
48430,1.2784574698700484,-0.730920441770663,5
48445,2.893716277238256,1.1551082875916294,16
48468,1.0981095415205833,0.15293132661263645,22
48474,1.5660037844433292,2.4394077939599863,30
48484,1.637296199594358,0.7576980396766553,3
48494,17.851093504205053,-3.1193924659447085,9
48503,0.3012841222351954,-0.29036423456659965,3
48519,1.2825530406766208,0.820735900882076,3
48525,0.7904041134173558,-0.06319484422697799,3
48539,1.482885390170403,-0.41317325700810525,3
48553,1.5906385060133084,0.29348952416817914,3
48579,4.123378333739767,-3.019447694274206,5
48595,0.43326903034068676,0.11306805328826565,3
48630,3.2348189218068235,1.2701668703197468,3
48644,0.3645774637099172,0.3285437595172857,13
48662,0.9348202037354587,1.093484349523412,3
48707,1.0067700781820947,1.0447095999154907,3
48743,7.173967532407365,1.4336802019446637,1
48753,4.163178386195868,1.7460654012465953,22
48779,1.4093952052488117,0.8280761467008906,3
48899,1.5539555766197635,-0.7662953702722165,3
48911,3.0988707500588304,-4.30917962290508,11
48970,0.21570868452231534,0.09536768111899493,3
48975,3.1215572047199283,-0.40989728830871003,3
48995,0.5644624242390137,-0.3665519916275802,3
49109,14.20794345168365,-7.88766316501911,25
49154,7.062335149698115,2.2142646992257955,1
49155,2.2034587542435213,0.16761597254705235,3
49168,0.7438653213325079,-1.1612787001316416,3
49177,0.7969248696077322,0.2722928410997576,3
49204,1.22862865544091,0.049477003141369304,3
49212,3.5721621529011616,-3.746253234670848,5
49225,3.317624327193246,-2.1375689241203317,3
49260,0.2630892102603056,-0.31337292736301103,3
49262,1.2426541299399239,-0.6405102638759737,12
49277,0.7048429508358518,-0.1338742127208081,3
49289,1.2854980724636966,-1.5310725496726691,3
49300,4.75933752551273,1.2445616793582004,9
49314,1.9906545175155985,1.167141848847152,3
49324,0.30540595138407034,-0.09371893045705681,3
49392,2.337208255437433,-0.25595232140500446,12
49404,0.6569661265989709,-1.269118256471733,3
49422,6.501839182197326,3.7845203097115387,1
49423,0.3366418963268659,-0.35624198606735946,3
49460,7.727442042725486,4.0337765057919395,18
49526,1.8656526429146967,-0.7795226697604334,27
49582,0.43326903034068676,0.11306805328826565,3
49635,4.77964559586149,-0.8792381493956335,0
49661,0.43326903034068676,0.11306805328826565,3
49668,0.345270479491126,0.2750076958609463,3
49683,3.5700695685197745,3.507607661639416,30
49723,1.4234441594117277,-1.6138042903501386,3
49771,0.38008710219692776,0.027908979670317722,3
49790,1.9575047305541615,3.049259742449983,30
49792,0.4928221502871434,-0.4853415685434055,3
49809,1.8162609371710166,1.798652887337108,22
49842,4.127213464004773,-3.290687323177951,3
49889,1.6372221035364654,0.047120387780142846,16
49907,1.6633081767862608,-0.2795104266225982,3
49980,7.936920036741939,1.2799154279901752,6
49994,2.443730985375442,-2.587509817415609,3
49998,0.4691583896551143,0.3106042529283223,3
50007,0.4816371858266568,0.5349139127944263,3
50010,0.5535269844969105,0.2140369109392268,3
50019,0.8988902522498222,-1.7244345908861183,3
50063,0.4140605560595919,-0.424152343893762,3
50064,1.0505781249438013,0.40597538293776303,3
50073,2.508911863838094,3.107201784069064,30
50092,0.43326903034068676,0.11306805328826565,3
50098,0.7409001785754219,0.47166934715401776,3
50110,0.3778022865782271,0.3418472923488796,3
50114,4.299836941168638,3.89471345330704,22
50129,0.2821585229323633,0.051553029761572736,3
50141,0.506858587469413,0.017679038906987715,3
50165,0.6907507433930118,0.18026176900171556,3
50193,1.3082473278016755,-0.6301926087193653,3
50201,0.29603603288271935,0.0772550438578781,3
50204,3.8454310045571356,1.164671725754683,6
50205,2.9493044036274343,-0.5706396878256313,1
50225,15.920477478016636,-6.18230189439488,25
50321,0.4258465267462017,-0.21353187502533633,3
50336,0.6099947186879733,-0.7906751654491951,3
50376,0.3602121516277133,0.03615497566732813,3
50491,0.43326903034068676,0.11306805328826565,3
50504,1.7085181821723807,1.1659313032376062,3
50521,2.1461749519493427,-0.7451288444186281,3
50533,1.0403632099411304,-0.32058732510608173,3
50539,2.023597030107105,0.4207223334925009,3
50547,4.9346592044392334,0.007221066857897222,3
50550,1.9193670951682227,-2.8736419534233826,26
50560,0.9352098266940844,0.03244165703563368,3
50612,1.2338673803506095,0.22723845235183857,20
50615,0.3808297790917049,-0.40300259218328227,3
50628,0.8415302465284858,0.0915637541276151,3
50650,2.2310001811468143,2.3449887269833862,30
50681,2.5205138790739086,0.2992930339409587,1
50711,0.9571629086782598,-0.0701883102726881,6
50730,3.7899447747457478,-2.2746597560746156,3
50748,0.7596616328880045,0.024045769616659014,3
50787,0.48799327249033964,-0.07277733668788518,3
50824,0.5573256889406204,0.4535392219596967,3
50832,1.323065475620222,0.44918328504610294,3
50845,0.3338734086515872,0.4165061835927411,3
50849,2.7757912433593948,-1.9520457410871173,3
50858,0.43326903034068676,0.11306805328826565,3
50862,1.0927737853438746,1.2782469046648166,3
50895,8.738888497919142,5.162854756573084,1
50896,0.7883511697203686,-0.8516227743722019,3
50899,0.3809494243458478,-0.2129485894176815,3
50955,0.24563528535947515,-0.12487362025064348,3
50972,1.9723343115771246,1.4576625399100893,0
51082,2.490325443561701,1.4927490198757516,3
51094,10.074414705607602,-11.902863015494438,25
51165,1.8370658598519443,-2.994715924293077,5
51192,3.284746519336961,-2.289701412759225,5
51197,0.7182301297996894,0.7774144273208845,22
51207,3.2944619825526327,-4.081831105787621,3
51224,0.26964252432052,0.33637832732061373,3
51252,2.335187127774195,-3.620370668055168,3
51291,0.7969248696077322,0.2722928410997576,3
51350,13.620427219686224,10.219292327694673,9
51359,2.3694222332356225,1.5256414173457633,3
51362,0.2814943365719592,-0.21669622676401876,3
51364,1.0072192094856305,0.6073539551603437,0
51365,2.8930954043387285,3.1390382041330205,30
51375,0.8300182268569534,-0.9585747676067169,11
51386,2.910954097183838,-4.025272188152277,5
51403,1.4613307140536564,-3.1568519583850305,26
51440,1.2967979116356054,-0.9045968710644259,3
51442,0.8652235366910868,0.3564701158407089,3
51450,13.35213383507159,-0.0956620500432385,9
51511,0.06955395561594677,-0.035359147313893086,3
51526,14.802203896536263,2.090004289621719,22
51545,1.3220808584773267,-1.4207704540326118,3
51559,0.43438525965363173,0.031895976766077395,3
51571,2.102612171354467,-1.034283592774974,3
51589,0.5414307383873144,-0.05986466129081756,3
51627,1.7302977483032123,-1.489152067017392,17
51634,0.36641733065155996,0.02285416265500732,3
51655,0.6787347578116811,-1.31117060311778,3
51714,0.43326903034068676,0.11306805328826565,3
51742,5.823563648235237,2.9276700063175447,1
51783,1.4336248022498714,0.46558290293579113,3
51803,0.5128530710637139,-0.1449543158867989,3
51805,0.6226771036288674,-1.16343863676212,3
51826,0.4458605511524963,0.36283137756775735,3
51840,0.3257889447402238,0.02392198257455805,3
51856,1.9263086337181465,-0.4022310123080748,3
51883,16.0262895402977,-8.067983989282217,25
51891,1.683295121831394,-0.911075083345285,6
51924,1.7664218970027903,-1.234617413571789,3
51944,0.43326903034068676,0.11306805328826565,3
51962,1.0437190008016781,0.3248781198428958,3
51974,2.3256208519479347,3.3467576102989547,30
51982,0.8115256494979127,0.3916408012747477,3
51992,3.4166541626811533,2.2395845154465928,17
52002,22.63781382190508,12.49921992330753,21
52044,0.8794701654912245,0.5143766777284725,3
52060,1.1289592028631013,-0.4809112244583288,3
52141,0.22054365908303444,-0.4232916796659659,3
52159,3.6815584147035785,-2.3694311283146576,11
52175,0.8388900690807956,0.6571500547530015,3
52199,7.357443593174257,0.16528223730840794,6
52203,1.6022743812895237,2.495907514788975,30
52226,0.735469342723304,0.9411647258961441,16
52256,1.2565137001303244,0.10274301670565407,6
52263,0.4600337450878081,-0.4838494421955325,3
52293,0.6194361916954283,0.5355164218297902,3
52320,0.26964252432052,0.33637832732061373,3
52350,3.004534900436391,-0.8810388501974739,3
52425,3.109975297524996,2.974141583327546,30
52435,0.46534573310960414,0.5160347008402475,3
52438,0.5728223524596777,-0.23382867519227332,3
52521,2.8459700897177953,-3.435114530825881,11
52525,0.5193541294285713,0.4018801308918289,3
52531,0.49339338813786554,0.12875840642979683,3
52532,2.2002456479400054,0.9903741223220739,3
52574,0.8998106177751855,0.9739576872249027,22
52584,50.558014083600774,-17.46609309623997,10
52586,3.1122210765102474,2.944900648156853,30
52614,0.9953257995796361,-0.8822392180564143,3
52635,1.050719077078486,0.5822976283894935,3
52670,0.7310827819770519,-0.6099199508280946,3
52807,1.07879048185768,-0.20092640284807436,3
52811,0.895522890794059,-0.23108973367395774,3
52853,19.98426728645344,-11.155300819706426,23
52888,1.0980308073713272,1.0212384600162234,3
52917,10.270495455893593,1.4033716804771836,13
52968,0.1259024011857038,0.07591924439504297,3
52993,2.283808814674743,2.4697671939825088,30
52994,3.1725594087184756,-3.7337884937322126,5
53042,2.355070015834736,1.6411804912616266,28
53069,0.9632422117079347,-0.005504258772741135,3
53077,0.6165381305587602,0.700696657794009,3
53140,2.903270987097748,-0.7764063635583918,5
53150,0.4254017583346805,0.3282746799585053,3
53174,24.459660794986824,-3.835915340145409,21
53189,0.9036106891571423,-0.4156718048108331,3
53205,0.9192383254627188,-0.5390362850634576,3
53220,7.217452954062172,-8.00909448346004,11
53229,0.6483624941448087,0.6286037211868294,13
53241,9.189549781436384,5.422312900205467,6
53254,0.6133809900466973,-0.023526288725819484,3
53256,1.7700882482539886,0.02135320044881911,11
53278,4.792879894654898,2.5750246852030307,28
53281,0.8633763179737146,0.39080696643353197,3
53304,1.814666032678762,1.7932686259500428,1
53332,2.356778513310647,-1.7931773674051623,26
53365,0.6752875039005115,-0.3297677579592939,3
53377,1.110421654976235,-1.903389853024616,11
53390,1.0089103190761373,0.21653361669499735,3
53392,5.8303849824361595,-3.870454811474604,5
53400,0.35757235860577,0.35901132265005803,3
53408,1.30002259925513,1.2674108268463538,1
53414,1.7617542574987453,2.7443337682049846,30
53418,10.543917226399081,-6.643888327871363,5
53420,0.9763119615833742,0.9095690911363657,3
53430,3.4442803603664145,-3.3550580299247335,29
53456,11.535231498206455,1.610069438830956,18
53458,1.2069455238241802,1.290742736297198,3
53510,0.6312679889413633,-0.1767236476791232,3
53515,2.585395084298203,3.08873005207683,30
53537,2.0677207499476835,-1.6651142729779396,3
53575,0.5261760351066578,-0.9049159912967351,3
53577,0.7883967099010312,0.41574191883799516,3
53590,4.936467019510793,3.6452258412151886,30
53604,0.6115394076055312,-0.5245340998362846,3
53605,0.8787279057768521,-0.6297150672595949,3
53614,11.68099477886111,-9.334176051035643,25
53628,4.203579697006831,-3.1069680925022944,29
53659,0.6890365294163675,0.7329981559977385,3
53663,2.10504251882248,-2.5201056730880382,3
53688,0.43326903034068676,0.11306805328826565,3
53722,0.43326903034068676,0.11306805328826565,3
53729,6.535683051695426,4.371574164286036,1
53775,1.1895894046405198,-2.500397145514659,3
53841,0.530669250665313,0.2398636240119387,3
53846,8.23188768039358,0.14880268408741554,18
53851,1.5660037844433292,2.4394077939599863,30
53934,1.2184560432900007,1.1878904122027882,1
53942,2.176208936968993,-1.1072641259255942,3
53978,2.4460287923337947,1.7735052217981444,1
54000,0.638490696071353,0.39106183355877483,3
54005,0.7438653213325079,-1.1612787001316416,3
54010,0.7779279390779824,0.6028322741623969,16
54035,1.0383558512640965,1.088665549927951,18
54076,0.3725880311641917,-0.3590837700806949,3
54130,1.1758816605550093,-1.9906203784182475,3
54193,4.599068183705048,3.532488122120519,9
54206,1.6517250736306874,1.300958465491054,1
54218,2.7533555794461906,-1.1946371443382677,28
54220,0.8671554175845382,-1.6309062108181211,3
54222,0.360124454604894,-0.14855279814474465,3
54283,1.4470472126643106,0.7346385849894437,3
54311,0.7231228256064947,-0.7811593241794842,3
54326,0.27405108691963564,-0.5259890281081306,3
54335,5.6701970200040295,0.80948099644451,1
54412,3.161192612072046,-0.311453794287676,26
54429,1.169440333054407,0.004291320545074948,3
54453,4.241565928583076,1.6425895616936348,30
54497,1.0938979807778553,1.2814361202872255,26
54511,2.65498827728774,-1.1423986291554182,3
54528,3.7350520990380636,-0.7812826111106915,16
54547,0.4384820171005093,-0.522288212271685,3
54564,0.987776184521485,0.6873293408745436,16
54578,2.3554655616330407,-0.4429153048646498,3
54605,3.8528129537978772,-1.3302268232277628,6
54617,0.5843749185438868,0.02464271748544638,3
54622,2.727503053361845,-2.054694820160751,17
54624,1.4838308719644857,-1.5209302544298475,3
54648,0.29603603288271935,0.0772550438578781,3
54652,0.5747730880903149,-0.45427823858676064,3
54833,0.7969248696077322,0.2722928410997576,3
54850,0.43326903034068676,0.11306805328826565,3
54876,0.47026818727253017,-0.6072542972522197,3
54884,3.8508632699005063,-2.368265145962968,17
54889,1.2014894958645388,-0.6752709133422458,3
54898,2.222704671915279,-0.46075574551629395,3
54911,1.0480772788972854,0.30073063129595534,3
54968,2.1615767645025046,1.4517735197627808,3
54997,0.5619483525374855,0.4827178036361101,28
55006,3.293120523388685,1.118854991436907,3
55027,5.653252824670092,2.2001869266953666,1
55065,0.2635611436146628,-0.06032115494989612,3
55075,8.632776382638724,4.948130753432297,22
55097,0.8485341210330537,-1.5317674176601561,3
55142,1.2792610191690112,0.48055611779287066,3
55168,0.6685074291478196,0.1260251223563859,3
55178,5.528834570008781,-1.0789102307160356,28
55187,11.487099166164485,-1.5303123444904534,0
55194,1.02726444315925,-0.02409489768819208,3
55202,4.408418891579997,1.1393680220533033,3
55203,4.108647482493225,-0.20359288390546304,3
55217,0.43326903034068676,0.11306805328826565,3
55243,0.2320261503639801,0.02967143827020629,3
55272,0.8175014025063377,-0.059946997075666954,6
55334,0.35225288197985694,-0.10809469560091213,3
55356,0.7755762218493402,0.8600578347337458,28
55375,4.077071116832925,3.8940319999990476,30
55398,0.31539203655001463,-0.5184724174211133,3
55407,1.5782279943460458,-0.950828397844444,3
55419,0.6367604525804901,-0.9940728912369476,3
55421,3.958371079070347,1.737240519518674,9
55438,5.537602339741003,2.93781067161837,30
55441,1.7617542574987453,2.7443337682049846,30
55448,0.3209460232624707,0.32223759342027775,3
55486,0.491380398166943,0.2517119604563536,3
55487,0.7934461555460872,-0.6267744238552717,3
55490,4.600100952351877,-4.44729538663128,3
55492,49.62368487062613,-16.713434872250755,10
55493,8.129344025367082,4.258696406310638,0
55537,1.4505778093010586,0.901919560734958,3
55548,31.102009079202013,-13.05998286522641,23
55550,0.46627609739755116,-0.6020993371736779,3
55562,0.929354025348416,0.011660594593157204,3
55607,5.100940503112455,-0.8842417303422606,17
55655,0.6968021584835187,0.43084241455248995,3
55720,0.8095490409568485,0.7141952375945233,3
55734,22.459585095348995,-5.447235134931432,25
55751,3.569807621387408,1.1139821140391801,3
55760,0.525132892355438,0.5097956871210644,3
55776,0.4146668231416959,0.3122829243246661,3
55787,1.7754544330147606,1.2147675366518553,3
55789,5.071559020840741,-0.2450791170633937,12
55799,6.484462507231897,-0.12453076176059485,17
55826,1.8572205055128148,1.0292677045570826,8
55850,0.4455284963575271,-0.18186674737176814,3
55858,10.915008130639409,-4.2520825314212525,17
55862,0.360124454604894,-0.14855279814474465,3
55889,0.4120894702809136,0.21109480320089652,3
55892,7.033853075239403,2.7445940995293716,30
55927,8.78862060284255,3.9563817519207216,1
55955,1.042308471798614,-0.9222987808571348,3
55961,1.5162018918230427,-2.0092973032155506,26
55973,0.8668929007996505,-1.7980657839324137,29
55985,0.4101496466736569,0.3696117294569464,13
56003,0.43326903034068676,0.11306805328826565,3
56045,0.7048429508358518,-0.1338742127208081,3
56102,0.4182002319501911,0.03070754493945672,3
56110,0.8574784040777186,0.40198281176550754,3
56157,2.3843544594542996,-1.1119752520608546,0
56167,0.4816371858266568,0.5349139127944263,3
56185,0.4241623140145506,-0.7294730950249191,3
56193,0.3205094744044199,-0.3817678123033507,3
56198,2.611867643204552,-5.250921447311641,26
56213,0.7327546097160481,0.5313021145758571,3
56246,0.9973025152020233,-0.6567541543007895,3
56271,2.3886114094226625,-0.9265715046547486,3
56272,1.0320460574009511,0.6943570001171446,3
56276,0.43326903034068676,0.11306805328826565,3
56307,5.774096331584682,-6.493772702934866,11
56315,0.4663994542249574,0.0979119548385961,3
56323,0.3338734086515872,0.4165061835927411,3
56341,1.7035606927927804,-0.7293748441706703,3
56360,4.529551401339095,2.814056398665583,18
56391,4.78969230210909,1.0142250505829273,20
56399,9.083051659430026,-4.836647913314456,5
56447,21.553276676972015,2.583453069910501,21
56470,0.4078077399583974,-0.24884894631903992,3
56496,1.0943261371762891,0.647722974277608,3
56554,5.559640528963707,2.3530003518548,16
56598,1.5194333526213257,-0.20819225557811022,6
56623,1.200913049102647,0.7253393752794555,3
56625,1.070630464176468,-2.2503574309631933,3
56654,2.5402991561454913,2.5220492835071373,30
56661,3.8510529910098903,1.4115650001799052,6
56663,2.1089215372426735,-4.264047519967333,3
56707,0.9489120213347126,0.17415437645962198,3
56715,0.48013683745849645,-0.4118265163330009,3
56718,0.9004955356661153,0.34797889966093976,3
56719,0.6487803334489557,-1.4616076138634333,26
56751,1.3180217614325302,1.0845412197345619,3
56759,0.6312679889413633,-0.1767236476791232,3
56804,5.549238755007836,2.3367769956613342,0
56856,31.67025901326168,-16.711842628656655,23
56959,12.544514783815783,6.19691861213259,18
56985,0.91937814001979,0.6648124047339545,3
57006,2.0334664492044103,-2.38551616457136,3
57068,0.8816665650926995,-0.7087479688919872,3
57072,1.6746319752398344,-1.7131949014014585,17
57095,2.349607150464877,-2.8592473388228523,3
57105,3.0196994242658857,2.267122827721679,1
57108,10.722768102660725,7.207624414986351,9
57124,0.8666817328367533,0.8449405512309025,1
57148,0.09867867762757311,0.025751681285959366,3
57161,0.7366147163925892,-0.5437468778267521,3
57168,0.4333831103553182,0.3526775143895552,3
57180,0.3359846053448637,-0.0060254600787599255,3
57200,0.8785790196918161,-0.5880204686958941,3
57229,0.6466197241016043,-0.5110630184101057,3
57234,2.6563383501595887,-0.5620033412378215,11
57255,0.7717853871981185,-0.474671746888852,3
57265,0.4182002319501911,0.03070754493945672,3
57267,0.7198484942201484,0.7791661497799222,22
57269,0.8183411514700911,0.28297046638724715,3
57291,1.257685552687482,0.8312121529047157,0
57302,2.6458307199216247,-3.0848631758121656,5
57305,0.4749529215168836,0.04212082973031439,3
57369,0.5184586465463884,-0.09861896464240132,3
57398,10.620932262266628,-6.085653906130559,9
57412,1.6517250736306874,1.300958465491054,1
57423,0.6612136189622293,-1.0322477334503481,3
57449,3.603861891822632,2.033900263424915,20
57468,0.29274353980151263,0.018258984810924625,3
57599,6.2376031910700425,5.173168063895878,13
57620,2.1860141486101177,2.1788379857682103,3
57632,0.4132585118513933,-0.6451548334064676,3
57661,0.2778094931231141,-0.004982162824382049,3
57705,0.4458082819117678,0.4409131909629962,3
57712,0.814761383117742,0.6705927054814572,3
57713,0.5784741886067015,-0.5450680052525679,3
57725,3.4614733017965587,4.303140074073356,30
57726,3.887780371509295,0.6610317411719088,0
57804,0.387729666765326,0.08139668534774858,3
57833,0.6812807296261171,-0.7282970600211971,3
57920,1.350743303499173,0.5219683494914096,3
57949,0.6922887918251629,-1.3429162560239083,11
57954,0.43326903034068676,0.11306805328826565,3
57976,0.4918465988452788,0.15013006240615176,3
57991,0.29293719578220145,-0.22550501646987317,3
57999,0.9820249297495963,-0.5325348495077551,3
58062,0.6914180245670638,-0.3122441695539966,3
58067,0.36692364456331866,-0.3147204599017708,3
58142,1.155407586038878,-1.5413770248212977,3
58151,0.8524831113081521,-0.6838270004171783,3
58156,1.8857121838617525,2.4850155671198437,30
58167,0.42460108782319633,-0.26088578035260124,3
58224,1.7233527501625538,-1.7627960579011281,3
58236,1.1985159882876388,0.37189289033956713,17
58255,0.8998666807809679,-0.3641969300483059,3
58257,0.5757664517744476,0.3532999130375085,3
58319,1.0161004892939591,0.618220912633613,3
58325,1.0685198879603555,-0.5446191564001791,3
58342,3.7436836101963693,0.9415212838270857,18
58351,1.0102999231106367,-0.636005848534178,3
58363,1.0813278797764567,0.11010148604337931,3
58382,1.051073231793863,-0.07707471052585751,6
58389,6.654087356861776,2.6566728493654073,20
58426,0.3300837091083466,0.3022700006352489,8
58456,0.43326903034068676,0.11306805328826565,3
58458,0.8239910434498687,0.6753780736751565,13
58515,0.7400116018554432,0.3743919506865197,3
58529,0.5944110425490238,0.5878842546173283,3
58594,2.505178341894955,1.595539143777782,3
58612,3.973697456988197,-3.034584925875829,3
58629,1.7772649840049468,-1.2637046867390154,17
58641,0.3341960868444237,0.08088099581424428,3
58646,0.5757664517744476,0.3532999130375085,3
58685,0.9898663838185585,-1.2117140092830936,3
58708,0.9021555427088652,-1.282599616541661,3
58746,0.44355473592136535,0.17151302134865193,3
58756,1.332159282590509,-1.6113665375978525,3
58768,1.6022743812895237,2.495907514788975,30
58776,0.588915866925443,-0.9396088859963461,3
58792,0.37019647795084004,0.38503437389853845,3
58834,0.20032404519095234,0.24990371015564466,3
58855,1.7773493939482858,-0.28475108706039587,3
58860,2.343729625402791,2.3729835368231402,1
58911,3.886614279171447,4.856342502675666,30
58964,0.5599690053954774,0.5772369066379335,18
59038,15.880396307002645,-14.831903784581986,25
59059,2.824450727176799,0.7356653908220043,8
59147,0.5383788251609878,-0.10661463543971886,3
59150,17.432169705757314,-2.327658174602189,25
59172,20.229808042926567,-7.84804675216396,23
59189,5.60294628393979,2.057733774022736,30
59197,0.5531290778979522,-0.5466768049205397,3
59198,0.27529543839313264,-0.22521269167112948,3
59203,0.46698620663144197,-0.1855612833273021,3
59206,0.5757664517744476,0.3532999130375085,3
59208,0.824078101297303,0.3831612204492549,3
59209,6.016104986757117,-5.14215473001347,29
59214,1.0927737853438746,1.2782469046648166,3
59254,0.5193541294285713,0.4018801308918289,3
59267,1.4381242894685087,-0.37167709637053625,3
59269,2.4606481023570126,0.18879091750203708,3
59296,1.174502838332497,1.8295558454699896,30
59297,2.5137832984818274,1.3008925752393574,28
59305,3.2094229242134684,2.057495446813848,3
59390,16.038079156528987,-10.440767810418084,23
59430,1.1305582598835098,1.1000257589769744,3
59499,0.8085466416286241,0.6498766288073752,3
59504,0.39032471973535016,0.024345313081232833,3
59524,0.31122510906726897,0.1909729259662208,3
59554,1.0420829166707102,0.14645741354605957,3
59559,0.8007127479765384,0.5774518827715138,13
59595,0.3778022865782271,0.3418472923488796,3
59604,1.2783254848830494,-1.008311344964359,3
59612,3.725423740631657,1.5825052728861224,3
59616,0.43326903034068676,0.11306805328826565,3
59629,0.4819017305889637,-0.4133535206440053,3
59656,2.4766615792934132,0.7052657500549653,3
59658,0.9138458939791195,0.18040373769745316,3
59676,1.0446978824418627,0.9716354491011496,3
59727,5.957941740129708,0.1569857347711471,24
59770,0.36981872993365755,0.28616851425733947,3
59808,1.6803644587555138,-0.25556726519710815,11
59812,0.7056665754717482,-0.5660567947897753,3
59820,1.6854633864683088,-0.7064966913373567,24
59885,0.467712031205918,-0.8043697700415423,3
59895,4.126235241580958,4.781501474697079,30
59912,7.7408710114658605,1.171372050994048,30
59933,1.8778463020593112,-1.3084931272766247,5
59971,10.970324039307835,-5.566164059635136,5
60004,0.31287581378004875,0.3141349073188008,3
60029,1.3354574339077983,1.5621204993191597,3
60031,1.4253807705226396,0.35214523922455154,16
60041,3.818460534913181,-0.011504578019321308,17
60050,7.65882072873938,4.821343605738388,17
60064,0.8095490409568485,0.7141952375945233,3
60079,0.4958347580805679,-0.4271450094105974,3
60081,1.213972466425373,-0.6236733754833408,3
60130,4.45993773148546,-8.344885872003058,11
60168,2.75701594295244,-3.53243326204853,3
60178,0.5074082461864566,0.05528243956084408,3
60211,1.5800528774569518,1.091022300212382,3
60224,0.5193541294285713,0.4018801308918289,3
60244,59.074759248276955,18.163631021338638,31
60251,3.962520183204462,4.2080403562373325,30
60255,2.7622969892943736,3.6385980606576864,30
60263,5.511834999395485,0.49386084574430555,1
60277,7.714291710819016,2.002585171027774,24
60278,0.5369187627827567,0.5455140129516916,24
60307,0.15875344214637876,0.07659601819286477,3
60319,4.100226919674668,-0.9044011296515054,1
60336,1.0722741917751928,1.0439085618441213,3
60337,6.876350748944661,5.4562605578998475,13
60392,5.69637515750666,2.161615066825336,6
60424,0.3488977029225111,0.3633014745462307,3
60427,1.3205555438144727,1.2245995898383568,26
60445,1.9691384300445431,-1.7396453006333323,3
60475,3.358990633807559,-1.1220939155705705,0
60476,0.4292843211676549,0.3622049060598062,3
60488,0.5354823616066636,0.5296026259268173,3
60517,1.6667426768546783,1.5196809261932325,3
60546,1.4357139821189968,-1.86624050064893,3
60569,8.153225832437297,-6.582831278153449,25
60583,3.8469642373614628,3.4579211091167212,30
60621,5.6893809204093335,-0.33152662597419474,27
60626,0.4408131141695732,0.48957405003277077,3
60631,1.6853176037764201,-2.2621822550693906,26
60683,0.6367604525804901,-0.9940728912369476,3
60684,0.9422425958096252,0.6195339822231851,3
60703,2.762056684125843,3.7336123221548165,30
60707,1.983542654464446,-0.5214761392522221,6
60797,2.231388394446075,1.4015916711075254,3
60809,0.8768237662620522,0.28458107463691756,3
60823,1.7540785850711593,1.4587642082518177,16
60858,4.663695343939118,-3.4981302642982164,17
60886,0.4458605511524963,0.36283137756775735,3
60905,1.2706640242753753,0.8233863873669971,16
60941,0.30875327282375425,0.030989979143424107,3
60970,0.46882724561525774,-0.23690575530897579,3
60977,0.46697219207206925,-0.8801252051473658,3
61021,0.7901843969970745,-0.7809668641721996,3
61028,3.5719702636669983,-4.710930156947191,29
61038,2.007289907677929,1.5686417570052085,1
61042,0.9873205751924039,0.9174438938249793,24
61090,1.7617542574987453,2.7443337682049846,30
61107,5.8268641708852575,-5.431725723331969,17
61146,0.8071002028610006,0.37782649058821066,3
61147,3.415635640948386,-0.39529158180936075,1
61211,0.9765985769001889,0.7146747778232877,16
61257,1.3072233164808682,0.6274056604003879,28
61271,0.6004459635924226,0.37990049994407693,3
61274,0.37521157165385843,0.19885299748650986,3
61283,0.5978633560191925,-0.7147380595053974,3
61296,1.519946738376419,0.7114965443124579,3
61297,2.4655097274547217,-0.5541371568110285,1
61307,0.6272135602816539,0.7174401701056712,3
61348,0.2670987269212698,0.3332049468741929,3
61427,8.963756382392546,5.201076930193019,20
61448,1.0459690338149243,-0.4926549354938294,3
61574,0.5174216328226541,0.7243022705014032,3
61598,0.27405108691963564,-0.5259890281081306,3
61604,0.2524420820119026,0.26889473859259855,3
61612,0.37019647795084004,0.38503437389853845,3
61619,17.467047177266686,3.5096924840625756,9
61668,4.750916489267062,-2.9071154770591616,29
61704,1.0823653119795373,0.5668956769634202,3
61759,0.6653078078447382,0.6458766075876433,3
61775,0.42460108782319633,-0.26088578035260124,3
61783,1.2184560432900007,1.1878904122027882,1
61798,0.9393083954669458,0.28794844817563087,3
61835,0.9871361903821647,0.8333721287517781,3
61852,0.43039688954188926,-0.36917499621538674,3
61854,2.14421067270478,0.24029155937650626,3
61885,0.588915866925443,-0.9396088859963461,3
61886,0.7186525052807906,0.010412526189251876,17
61888,2.961065647901972,2.107045054171071,1
61892,0.1650418545541733,0.15113500031762445,8
61899,2.1248433030506315,1.5558213629058388,3
61900,0.7073165248394521,-0.16978363628128726,3
61901,5.204828782022287,1.4168283387598932,12
61910,1.4106596841218375,0.2002883406371582,3
61935,0.4892315260844249,-0.4196272798690277,3
62009,0.4535197766666105,0.3002507778307115,3
62069,0.9516715237124158,-2.000317716411727,3
62133,2.297281665812465,1.1966501730346144,0
62151,1.863535239546073,-3.3834428501854803,3
62172,0.34862323975324483,0.08532935760449148,3
62182,0.42460108782319633,-0.26088578035260124,3
62193,2.5985652665569514,1.5324552425614946,3
62239,0.47889717799358833,-0.7299238798281698,5
62272,11.77922591686227,1.622851090743113,27
62316,0.3415341297684314,0.02130214894607873,3
62348,0.616091706494598,0.3120463561246904,3
62378,0.6312679889413633,-0.1767236476791232,3
62381,1.3480056382478844,0.8117586989978159,20
62410,0.43326903034068676,0.11306805328826565,3
62457,1.9417626875896794,0.9398059380275544,1
62464,4.548705913705036,2.2441628843876416,0
62475,0.6272135602816539,0.7174401701056712,3
62486,2.4278995588667582,1.6408202115635344,3
62511,0.583265977364687,-0.11094633522270148,3
62532,0.37735844279129604,-0.6109803911281628,3
62542,6.157335286252845,2.0380466094118206,1
62546,0.5580088730210141,-0.4410284566279801,3
62558,3.4562168688802055,0.5129700484982207,22
62575,0.48013683745849645,-0.4118265163330009,3
62592,1.2195549623411164,-2.396336950599734,3
62655,0.34728258787977867,-0.16892514888649093,3
62667,0.6612136189622293,-1.0322477334503481,3
62670,1.049807160899447,0.8137647110822747,3
62688,0.2834378025722289,-0.010891947669131255,3
62706,1.490852871697302,-1.731828250711905,3
62716,0.31299280027176046,-0.1591161629125189,3
62755,7.040512468825881,-8.7020762713125,25
62862,20.9981024912716,12.18641898356796,21
62881,11.082381749280767,-9.175699902926528,25
62887,0.5890380438060671,-0.38637141272293724,3
62891,15.565509781191505,-4.788001560686393,25
62895,12.76492036953566,0.766513569510073,9
62932,0.8946277795790264,-0.8602304077058651,3
62954,0.43326903034068676,0.11306805328826565,3
62966,3.7852837479140327,2.3326104442544517,13
62968,0.4241623140145506,-0.7294730950249191,3
63004,1.914724934028578,1.2300824155822148,3
63024,1.0361253769636123,1.3259079607494537,16
63033,1.1532316045754665,1.1318436641694773,22
63074,0.19735735525514622,0.05150336257191873,3
63166,3.145465048946803,2.0914933240268785,30
63243,0.7092843293184307,-0.2244238226944676,3
63253,0.24563528535947515,-0.12487362025064348,3
63293,2.7129011781166095,-0.2518844129023895,5
63323,0.4388806167954911,-0.09157297558335639,3
63358,1.3399377856037666,-0.4531371055071106,3
63360,2.299531287237236,-2.8330069203390313,3
63367,2.486221193715557,-1.5112441828766632,5
63389,3.352971005837632,2.0413708096817826,6
63394,22.186864951279997,4.188631030389225,21
63489,0.27027755887228916,-0.3980078969805074,3
63494,0.6569661265989709,-1.269118256471733,3
63506,1.0626673269372993,0.02470464765084768,8
63507,2.8522177107971944,-0.539879011380926,12
63545,2.2685770845219193,-1.148476398895113,3
63575,2.2802672282004295,2.274391573453359,1
63595,0.5189257654762083,0.7264078003575118,3
63625,1.8997000860780584,0.157297733396839,3
63643,1.5743529306061843,-1.3444948183138439,26
63665,0.43326903034068676,0.11306805328826565,3
63714,0.43326903034068676,0.11306805328826565,3
63765,0.888108098648158,0.2317651315736343,3
63812,0.43326903034068676,0.11306805328826565,3
63829,2.093341892454525,1.862674352703695,3
63854,4.143540194457607,1.8319535102524078,30
63865,9.294963840095962,-14.465688387996904,25
63901,0.5066076310632887,0.31778174166406703,8
63918,0.6569661265989709,-1.269118256471733,3
63924,0.4392860937278754,-0.8279438688738066,3
63938,19.844799602262736,2.9323531137305494,9
63953,1.2789965753183363,0.5409445683585739,3
63956,0.8603635829103241,0.0022255129352553304,13
63976,0.9711779731402985,-0.49893870038667265,3
63993,1.1527079849505444,-0.6014926641489126,3
63998,2.1943192511000253,-1.2795481277274003,3
64063,0.5177462219071206,0.40063591996027526,3
64073,0.7918415745534176,0.6985734685164602,3
64075,0.9953166077885464,-0.4877543819029629,3
64111,0.8663623165639912,0.4177579612545822,3
64120,0.5899474816095137,-0.14161047441297425,3
64126,2.306388566941247,1.0202597315295863,17
64137,1.9393933963119778,2.2853830646421063,30
64155,1.1331216106713342,0.6832731995553867,0
64241,2.7474705426204973,-1.4019271800776059,3
64249,0.7983515803586035,-0.08878220958748897,3
64261,0.8872732093536043,-0.3242150156270754,3
64270,1.8063038069744575,1.8889406374857696,3
64310,6.017365500621506,-4.874959591598385,5
64344,1.213972466425373,-0.6236733754833408,3
64373,0.43326903034068676,0.11306805328826565,3
64396,0.46996119157310384,-0.5434540636242063,3
64429,0.48232557059145725,0.513098709198417,3
64435,0.39310431853355443,0.20136956836508285,3
64436,19.836234466628195,12.793286270257429,21
64440,1.2389391770548612,0.9397527622678052,3
64448,0.43326903034068676,0.11306805328826565,3
64449,0.41242666926199617,-0.5396769661927506,3
64472,0.44355473592136535,0.17151302134865193,3
64535,2.409556442549832,-3.849616636995063,3
64629,2.032171608342039,-1.513262843560702,5
64679,6.7252808762476235,3.799435812794517,0
64683,1.280731743697074,-0.9442136858051527,3
64743,0.6442083953117649,0.4037435177904759,3
64763,0.4117037600244763,0.05621933800999738,3
64765,1.6316524073403893,0.48957948148732844,3
64769,0.5429033552945381,0.602040484313622,28
64775,1.8035223417286,2.2475498730032535,30
64783,0.1460937296359717,0.006160679371361595,3
64796,0.3556360860398164,0.3204861198455801,13
64846,2.275746110130471,1.4594146865657565,3
64903,0.3645774637099172,0.3285437595172857,13
64943,0.7699158526715694,-0.6414157580803512,3
64946,1.4765941285062305,-0.6894068421938113,3
64982,0.4971469027433282,-0.6794497753004672,3
65004,1.4185211029091704,-0.3939625339771627,3
65008,0.7989091046834561,-0.4291570696004421,3
65032,0.6417984494797698,-0.3864558387092204,3
65038,1.5768371650619268,0.7952608734051211,3
65138,0.39379305843684254,-0.41417951117644786,3
65145,1.46832337374659,-1.1427749259332352,3
65191,0.964080891305495,-0.9858488802813505,3
65206,0.2545049594867253,-0.07809910871421401,3
65208,3.541193244209104,3.0779868865004776,18
65218,0.5554944854903705,0.18980104328262948,3
65228,1.1279591891764187,-1.1560112269499905,3
65238,1.6298948247788583,0.5296409367570624,12
65258,5.781525709524548,3.5492250215345567,30
65322,1.0521364346024649,0.8138864303158844,3
65323,0.43326903034068676,0.11306805328826565,3
65327,1.1490752161263627,-1.9137390739695077,3
65334,0.4966038747221635,0.3041592038790471,3
65345,0.31436289992864536,-0.07545939390279434,3
65350,1.2664388027023799,-0.135969012116568,3
65370,0.8157754516711017,0.1459136141664277,3
65387,0.5444505500197875,-0.2658752548546807,3
65389,0.5899474816095137,-0.14161047441297425,3
65401,1.038704752381342,-0.42883975956998344,3
65409,0.5935520016804786,0.4795362601864038,3
65444,2.0050794553922353,1.5719039728755504,30
65484,1.3338965596619148,-1.0147200742747475,3
65487,1.502388698791799,1.799273053396802,16
65497,2.1468484622205213,0.07543274333282776,3
65520,0.3798794117208939,-0.6244831007082481,3
65549,0.3927428253309502,0.40848440452890133,3
65584,3.3679173914868925,-2.339045044741105,3
65653,2.6692611673471527,2.133213398473829,20
65663,8.828913368394414,-2.827268373747638,3
65665,0.9437000483204948,-1.983562477807763,3
65709,0.428693752013255,0.2068379367679981,3
65710,0.8327125832483638,-1.7502780018602613,3
65769,1.9401046795785073,-1.4645601485559376,3
65791,3.432729951411508,2.3740339820053173,3
65792,2.3451383701931516,1.0653857575379793,3
65817,0.37741951977531296,0.27383663882703946,3
65877,0.40826121618779904,-0.021504299160650553,3
65913,0.863948970831244,0.5414611160198544,3
65996,0.43326903034068676,0.11306805328826565,3
66055,0.7883511697203686,-0.8516227743722019,3
66073,4.7298427255184405,1.5533705122841717,12
66088,0.5920720657654387,0.1545100877157562,3
66161,0.3222263829802241,0.1712538705064163,3
66234,0.555790275356428,0.39396549200125774,8
66323,4.015760847626785,2.8617176191652742,1
66370,0.5683220742054347,-0.45588466694478547,3
66385,1.2077317414998832,-1.7888688803961423,3
66387,1.7123261947869461,-2.5383527373094905,3
66428,0.6907507433930118,0.18026176900171556,3
66443,4.995855920395999,0.9521777072528212,17
66458,0.41167103043167236,0.041319972191232145,3
66473,1.8606429798351634,-0.5825947441316,3
66483,1.0927737853438746,1.2782469046648166,3
66485,0.43326903034068676,0.11306805328826565,3
66487,0.8530185687382139,0.43026403704198607,8
66518,0.5431564044296034,0.18068712697165593,3
66523,1.2019116905170184,1.4059084493872438,3
66533,0.6204609774794722,0.6880462677869966,28
66556,0.25458583947186303,0.23313377708569727,8
66574,1.2082920484529394,-0.7854738518765252,3
66591,2.439970736453186,-2.0043913747228643,3
66608,2.700449697674941,3.73151808537741,30
66624,0.525132892355438,0.5097956871210644,3
66640,1.7144656549825088,1.6044908503554105,16
66680,9.218480746558146,-0.2571090776612004,5
66708,2.0926120382031184,3.053177114770603,30
66789,1.0886666040251853,-0.28042741921874914,3
66790,2.0676447843413293,-3.794334698543906,29
66792,0.4059053273975691,0.2157267748627337,3
66841,0.6466197241016043,-0.5110630184101057,3
66853,0.914177968115995,-1.8961420994196363,29
66864,0.5145895521691766,-0.09788300221969683,3
66878,6.8583159414790185,5.433549118391085,0
66942,17.72778658642604,1.6566940930230747,6
66945,2.7166560606428605,-0.7543130914052614,3
66953,0.3207762983148859,-0.4197487514832505,3
66960,0.9979784364796632,-1.7812854942730727,3
67034,3.2249767258516173,-1.6846953927386576,3
67085,2.6223560679837346,-1.7652953072147468,3
67089,0.43326903034068676,0.11306805328826565,3
67136,0.45184985759089996,-0.06263504538385473,12
67174,0.6258795856587406,0.07833586976521827,3
67176,0.5639522971710826,-0.39323246911712617,3
67178,0.5314546261530411,-0.688871496078054,3
67187,0.7883511697203686,-0.8516227743722019,3
67198,2.031888996101029,-1.3257541962694166,3
67236,0.6115394076055312,-0.5245340998362846,3
67255,0.8208826208560085,-1.8493290053245883,26
67270,2.8809508466539273,0.6449840915742572,1
67288,1.1804166322768728,-0.3551757947711309,3
67296,2.0875109527599554,-1.9241427868922771,29
67354,1.3639742681049656,-0.2634858140106229,3
67371,0.6907507433930118,0.18026176900171556,3
67402,1.4810899930572665,-0.3835480366733558,3
67403,9.285165771003726,2.278492390703236,22
67415,1.2792383565061007,0.04851304417446267,3
67445,0.8653423144577048,0.29528687402164777,3
67487,1.0431977768738232,-1.0864513598263343,3
67515,2.952305032505017,-1.1126316877582672,20
67542,0.9514434880998557,0.48136107945409673,3
67544,1.2723494858699753,0.786576464366403,3
67547,4.733626834286222,3.545440123920709,20
67591,4.103562666111673,2.4778366576523116,3
67627,0.9771469483919887,-1.010598507977569,3
67628,0.43326903034068676,0.11306805328826565,3
67663,6.8299687911693505,5.882107329178092,18
67677,0.8095490409568485,0.7141952375945233,3
67693,1.6463120684960204,-2.88401274336631,3
67694,0.4971469027433282,-0.6794497753004672,3
67710,2.075186761087304,2.9021427573294933,30
67810,1.1496675229962041,0.5843987393843109,3
67829,0.2551632601173744,-0.013440186975406596,3
67838,0.9427208039542492,-0.2894424704443445,3
67840,8.934262743032455,2.685761798436813,18
67858,0.6312679889413633,-0.1767236476791232,3
67910,0.8598772635742299,-0.8784519892291522,3
67930,3.2308337050663916,-0.37982298032450734,0
67997,8.274358721150643,3.456593442721733,16
68004,0.9041239925975908,-1.1543807103360604,3
68014,0.43326903034068676,0.11306805328826565,3
68050,0.4558850514537285,0.2945518375950402,3
68052,1.0980308073713272,1.0212384600162234,3
68054,1.0058737394074755,0.6310388261827748,3
68059,0.9097702073046178,-1.0538900573004923,3
68081,1.5361788881153235,0.7389041285419498,3
68128,1.913703923265014,-0.8200530039356602,3
68156,4.3670501758666775,0.8843036185043845,3
68184,0.5501350748751294,-0.1320539393298901,3
68185,6.170543032702742,3.2208202245838127,24
68203,1.232936829869719,0.27738343776705177,18
68234,0.5085469793244944,-0.710551720763013,3
68249,1.9741959071634927,-2.332699704099531,3
68256,10.653790623206383,2.7729669611836543,13
68352,0.6569661265989709,-1.269118256471733,3
68383,1.0111286883095454,0.985763976436053,1
68426,1.138935605812435,-0.4529887415015097,3
68436,0.6091095806857286,-0.06734774395216975,3
68478,1.4203918638572466,0.28819274817476886,3
68537,1.5496398493092813,-2.0714689909924195,3
68538,2.8256442405785593,3.2129189378499574,30
68555,38.11514884806883,5.254567393869038,7
68561,1.7401561397366438,-1.591065083429037,3
68568,1.276759438447063,0.09091631098391198,16
68598,0.5339821939742341,-1.035829811464595,11
68721,2.3949558645815956,0.14844494049580031,6
68747,0.7969248696077322,0.2722928410997576,3
68760,1.8288412248275074,-1.5490707531473633,3
68805,0.5354823616066636,0.5296026259268173,3
68836,0.5759696970168975,0.3494374694365827,3
68846,1.9670193263847704,1.351135592683516,3
68854,0.5357736474770852,-0.14810434103821749,3
68886,2.47641630630429,-3.1500321078676388,29
68943,2.673183323265611,-4.5718546372263065,29
68984,4.823328159785437,0.6589582418829125,1
69012,1.1520218258766497,1.184477560445484,3
69023,0.676788422984143,-0.07483082661352194,3
69042,13.104926714648636,-13.400231563783581,25
69078,13.00520760427393,9.447808264594991,21
69089,0.43326903034068676,0.11306805328826565,3
69156,4.0978536564226165,0.20663901725858064,1
69180,1.564661371408822,-0.7382839096488312,3
69188,0.9697645860686204,-0.2945236710350979,3
69211,2.620955955209401,-2.5272543068848163,3
69219,0.6321677883753113,0.7010282728395815,28
69228,0.5545071541807982,0.5742612875862779,16
69232,23.580740966973014,-20.672159124297167,23
69252,2.038604341784181,-2.329484016391639,3
69341,0.863948970831244,0.5414611160198544,3
69355,15.324046943728785,-9.167324176817043,25
69378,5.116943292143682,5.334009231731645,22
69389,6.162028899592866,-1.5873375098541742,27
69405,11.07620802468986,-2.667747879490212,29
69410,1.0446978824418627,0.9716354491011496,3
69460,0.3430203413096085,0.36105592747773235,3
69472,0.7474218160912417,-0.07909286305835275,3
69493,0.43326903034068676,0.11306805328826565,3
69499,0.49339338813786554,0.12875840642979683,3
69511,0.18669480593432433,-0.07701236465893993,3
69512,1.2655255677979578,-1.5197706763421208,3
69554,2.545978394447266,-1.700760863669038,3
69601,0.39442694440682247,0.13630864423931083,3
69648,0.37356558851933697,0.3084805633730186,3
69658,2.631475569976154,-5.630957267064765,29
69684,3.2015816891448887,-2.210761140096825,3
69697,18.063762503700268,-1.2216430869768091,9
69721,3.1926041031389913,0.7505517514265186,12
69775,0.6487803334489557,-1.4616076138634333,26
69790,1.136095181139432,0.7204436307995905,3
69808,1.1147748935908994,-0.2514056729218039,3
69810,1.0295541577631626,-1.6282020265524277,3
69850,0.4117037600244763,0.05621933800999738,3
69893,0.5764394610020009,-0.867560041560021,3
69919,0.6856334760869963,-1.4221065745647272,29
69929,0.9542536204305295,-1.2720898611821343,3
69933,2.252130275939824,-1.3851467880121209,17
69945,0.29827118120755064,-0.011461964732437982,3
69967,1.083798312224704,-0.6764853844358517,3
69971,11.80911362681434,6.618472406767564,6
69986,0.9870575524795676,0.6431624550251374,3
69990,0.6321677883753113,0.7010282728395815,28
70014,2.1009587898200692,-1.436968930867116,3
70052,23.924658861898223,6.764893386843006,21
70063,2.6950481666333985,3.7741544194537915,30
70065,4.840493741032348,-1.5284106389582284,16
70066,1.0980308073713272,1.0212384600162234,3
70153,0.6907507433930118,0.18026176900171556,3
70183,2.7240591765788107,-3.051362928069972,3
70186,0.48629412943359657,-0.730414149440103,3
70189,0.947203457009058,-0.7598077782413092,3
70201,1.6116862527254743,0.9428855465812148,3
70205,2.3717954259090472,-1.2899330482893048,26
70222,3.88212038999673,0.05199424323390961,3
70238,0.43326903034068676,0.11306805328826565,3
70314,0.43326903034068676,0.11306805328826565,3
70318,0.8459293792123419,0.4064479383980102,3
70379,1.838730567710227,-1.2210143743287456,3
70402,4.67444084055969,5.275156546424163,18
70415,11.21079873318573,4.646302061392728,1
70448,2.0435454100599513,-2.2722673689134147,3
70450,0.43326903034068676,0.11306805328826565,3
70477,1.0137634737548755,-0.5675900367577537,3
70493,0.45316420184925454,0.33857674250195324,3
70538,1.2945789870206519,0.08532300056385234,3
70541,1.050678308840478,-0.015214270303223122,8
70543,0.6487803334489557,-1.4616076138634333,26
70550,0.43326903034068676,0.11306805328826565,3
70564,0.36660148378844104,-0.4797128588380006,3
70571,0.7569418105485115,0.38616414175105757,3
70585,0.7904041134173558,-0.06319484422697799,3
70594,6.529487177136903,-0.7368544409418827,18
70648,0.7182301297996894,0.7774144273208845,22
70649,1.179754140755935,0.23035876336890776,3
70666,10.173776371235467,-13.20798210857014,25
70688,0.45882000978057647,0.040690095024801,3
70713,1.9177431453574425,1.5756912419510447,16
70716,1.9005653117003174,1.7916952977061198,22
70731,0.43326903034068676,0.11306805328826565,3
70740,0.6787347578116811,-1.31117060311778,3
70791,0.5256716091635788,0.19466834768318841,3
70864,0.7806002013791051,-0.2185292417537545,3
70878,1.279588635006903,1.059224506694591,3
70882,1.1140768936251806,0.20990124423581394,3
70918,1.1539524491087385,0.7485951396543429,3
70931,1.9031693375720729,1.068454031515512,3
70965,0.5090510683587608,-0.983377952338335,3
70999,1.1927397740760561,-1.4172225975099504,3
71019,2.434511275097451,3.1945989241246715,16
71075,2.270075436101327,-1.2416820249612646,3
71076,0.2778094931231141,-0.004982162824382049,3
71102,0.31900528074617757,0.287475789577625,13
71162,2.6952722169206367,0.4769607140502461,6
71179,0.8668929007996505,-1.7980657839324137,29
71181,1.346024368037474,-0.17098288014304028,3
71183,0.3527562441123416,-0.39655489357432405,3
71188,0.26964252432052,0.33637832732061373,3
71193,0.36641532151844053,-0.031899476033810145,3
71196,0.2635611436146628,-0.06032115494989612,3
71207,5.437515040025927,2.830397285058005,3
71223,0.512221985080307,0.4369577659544086,3
71227,0.8577799479891751,0.5427149999201099,3
71234,1.06453701928205,-0.06365559439085756,3
71261,1.2133526672767927,0.2577957127814825,3
71274,1.1328305493725164,0.6243571239010466,3
71285,1.4522464760875484,-2.7473995961396565,3
71379,0.2821585229323633,0.051553029761572736,3
71459,0.4981742860472194,0.19263321984530413,3
71470,2.185843989985004,0.9033129814472365,26
71490,5.2730950590121894,-4.060205853975926,3
71514,1.729720255581585,-2.0670292661906027,3
71521,0.7791749810276845,0.1430121561692353,3
71554,0.478584788589247,0.01566963832859951,3
71568,2.8210794501523555,-1.7376544090997865,3
71587,3.4917159614951183,2.217589391812253,16
71634,0.8747799320304667,-1.1289741514664058,3
71662,2.2131332178393346,-3.131488900644409,11
71703,0.36641532151844053,-0.031899476033810145,3
71712,6.283361820556877,-1.5727978982992419,3
71716,0.8908217713725949,0.7858951520810177,3
71739,1.6022743812895237,2.495907514788975,30
71752,3.717003002070442,-3.5688285019327592,5
71786,4.571706936236635,3.155542120818019,8
71799,0.34567632949901,-0.19323112743456283,3
71800,0.20149455284172113,0.18231855591940246,3
71822,1.4443623429528236,-0.06347234575171232,22
71831,0.3946575969431148,0.10159746679248706,3
71850,2.2705885822403715,1.6636405119807804,3
71853,4.645165131675036,0.4530121781823531,24
71897,0.30210087765803095,0.16131038073376155,3
71900,1.1595979029690444,-0.6631999576686377,3
71902,1.4548385949776064,-0.32339689293396356,3
71974,0.43326903034068676,0.11306805328826565,3
72028,0.5145887880395904,0.05164996523904018,3
72044,0.4435715722696206,-0.5327602491697577,3
72099,2.5643994540561317,0.18057527899694062,6
72100,4.36530445827843,0.9065224132752976,17
72124,0.43326903034068676,0.11306805328826565,3
72183,3.01471365784618,0.9610129365476007,30
72190,1.4095500268166312,0.017539991731356064,3
72214,4.133846004828471,2.923728184625295,30
72238,1.5701554293456381,-2.172646634448593,3
72247,0.6582510823050257,0.3993571079275231,3
72261,0.5535269844969105,0.2140369109392268,3
72282,1.7078916788369978,-0.2675077984195637,3
72287,0.6534784031171301,-0.7567510925918842,3
72296,0.5339087642197323,0.2538454628525504,3
72347,0.09867867762757311,0.025751681285959366,3
72368,1.7710271458364168,-0.024991026506576162,3
72379,1.6569756404313514,0.4253640338590279,3
72418,0.28377215881598405,-0.41787990324914903,3
72470,0.5085464277670536,-0.7638371183318934,3
72523,3.4982137433194853,-3.7151483800197207,3
72529,0.4971469027433282,-0.6794497753004672,3
72530,1.5534089447028203,0.6575671198146396,3
72531,1.9989421877539781,2.154191507260497,30
72575,3.1512692642395206,1.6485566414209896,1
72601,2.1804960773153494,2.602810991063198,30
72636,2.3268494129502493,-3.5781811571592854,5
72687,0.49339338813786554,0.12875840642979683,3
72698,0.4415452307256521,-0.49636803005221514,3
72707,0.5525893647824386,-0.2931372986735412,3
72742,0.3415341297684314,0.02130214894607873,3
72770,0.5893754740879763,0.07376696961984498,3
72785,1.3282982523198563,-0.1433485811249185,8
72863,1.146924739946457,-1.3806373426243261,3
72876,0.3734162303526458,-0.432429195766791,3
72950,1.866746695212959,1.4842276800045409,3
72975,2.3848726600381407,0.19894239423303,16
72990,3.11353371263749,-0.10649747621103575,3
72992,0.43326903034068676,0.11306805328826565,3
73012,0.45868943233189696,-0.6408897873548745,3
73022,0.864108831738115,-0.41039305111073954,17
73044,20.32042741868117,15.879467634136198,21
73045,1.0341836335949532,0.6292231492143807,3
73056,6.393077020003088,3.4996242449833717,30
73059,1.4528982399487687,1.129694106520072,3
73127,0.6858251923672208,0.6215722529821538,3
73133,0.4245354005322504,0.19189089920955096,3
73157,0.8593981509465213,-1.2368226418839938,3
73196,10.888055023975308,-3.678124591473781,6
73224,0.43326903034068676,0.11306805328826565,3
73225,0.25458583947186303,0.23313377708569727,8
73292,0.5074082461864566,0.05528243956084408,3
73303,0.5074082461864566,0.05528243956084408,3
73330,0.8316234421264412,0.31691142894554497,3
73331,3.9292903114948516,-1.4835762106759909,3
73363,1.0375596922303583,0.9302837567802514,3
73385,0.7056665754717482,-0.5660567947897753,3
73394,24.914224802550052,8.273391684262023,21
73398,1.984932195589799,2.9336118387525265,30
73405,1.1680989248359248,-0.3931422191108014,3
73467,0.5278031883620036,0.3494297845443626,3
73469,0.44406377061498126,0.081134649219999,3
73486,0.8837329167780259,-0.0706567223854404,3
73490,0.43326903034068676,0.11306805328826565,3
73532,0.9831207030086794,0.5928225372878551,0
73542,0.9437000483204948,-1.983562477807763,3
73548,0.4120894702809136,0.21109480320089652,3
73588,1.5905212401285356,-0.6839267778493876,6
73603,2.069776889639839,-3.756960466696258,29
73622,0.6321475175976596,-0.6247734913377597,3
73651,3.375828405099516,-0.8842327358988447,8
73681,8.97194058485976,2.395860254580792,22
73691,1.0232165119502006,-0.0285424211247086,3
73741,3.6636435098269775,-2.7788101396228746,3
73748,0.10943351656296184,0.07093725780832921,3
73795,2.4952061570528934,2.0297424442931176,3
73798,1.0852060578460685,-0.5575201612148203,3
73833,0.7231228256064947,-0.7811593241794842,3
73837,0.34567632949901,-0.19323112743456283,3
73923,7.472761752472225,5.091386789022098,30
73955,2.2287918785427707,1.7960700852126734,3
74026,0.4981742860472194,0.19263321984530413,3
74038,1.6022743812895237,2.495907514788975,30
74043,0.6487803334489557,-1.4616076138634333,26
74051,1.1382216834340477,-0.6297919698717003,3
74056,2.296970854308669,0.5972785450168994,3
74106,0.29293719578220145,-0.22550501646987317,3
74115,2.2638455785651295,2.3550957325588096,16
74175,3.6453539559155548,3.951422138474274,30
74176,0.39012798225843426,0.3174774553717877,3
74185,4.677890906958164,3.979381909913875,30
74187,0.7883597279479614,0.3355128130017507,3
74189,0.43326903034068676,0.11306805328826565,3
74272,1.6022743812895237,2.495907514788975,30
74286,12.293798871817902,6.976839107965758,21
74315,1.191582466550847,0.37389030789224464,3
74322,0.44665858152198995,0.10932458162221542,3
74328,4.583546799019678,4.03738480850298,18
74330,0.48177260986210146,-0.0018150830359289628,3
74356,1.61911758408081,0.3540093034707243,3
74358,0.11327746720297208,-0.0953854401632202,3
74377,0.348592364460607,0.3753454495490237,3
74413,0.30210087765803095,0.16131038073376155,3
74453,2.572096854294432,0.9895522459785616,1
74466,2.5234921279324443,-1.7802647440948793,3
74493,0.4481821301499268,-0.21884547248050737,3
74500,1.0161004892939591,0.618220912633613,3
74569,1.350743303499173,0.5219683494914096,3
74571,0.7440260234820933,0.3320612436669419,3
74577,1.6507217641537135,1.3299198070083897,3
74595,0.7406593139871607,0.25306805771017266,3
74630,3.205814292578328,1.400366423449314,3
74665,3.088550157191352,-1.1611888612097958,6
74670,0.42680109345958595,-0.2622375201471743,3
74691,2.9059604531437677,3.0329980901901283,18
74709,2.769105949807605,-2.364224644224725,6
74743,1.0136169559531787,0.6962431784616735,3
74758,4.052297942790763,-0.4226216004241301,17
74813,0.31884206154228945,-0.027757831355387282,3
74833,1.6086578656113055,0.4117936368686691,28
74837,1.028233090811165,-0.6795763923388353,3
74892,0.44665858152198995,0.10932458162221542,3
74910,1.3151948913719334,-0.6266492364637279,3
74911,0.4631299092356314,0.04648496871513616,3
75013,0.6458211035064272,0.4843621115671353,20
75028,3.342481056443062,3.1588536899626067,30
75064,2.087619409641665,0.6628472238442881,3
75081,9.046873615982893,3.645622786808961,20
75089,5.41789931502956,3.3122501415370733,30
75096,0.6436363962861337,0.6501792118259254,26
75119,1.1403095476399372,0.4638867125864083,3
75149,10.009277887838469,7.686803413697047,22
75187,1.0927737853438746,1.2782469046648166,3
75251,0.9571629086782598,-0.0701883102726881,6
75286,1.114063386214714,-0.7471293044606914,3
75330,0.7942557485653402,0.5269041878022491,3
75339,0.43326903034068676,0.11306805328826565,3
75405,0.7955050062169929,0.375888275610769,3
75429,0.8837329167780259,-0.0706567223854404,3
75436,0.43326903034068676,0.11306805328826565,3
75485,6.973227600549765,0.9722940477827666,12
75486,0.2814943365719592,-0.21669622676401876,3
75488,0.20728864632220328,0.04351642437270938,3
75491,10.008065937427533,5.591754155359639,9
75498,3.3866367809057794,3.849147169938309,16
75560,1.1752797250905247,0.6720998696362324,3
75585,1.1912993875727724,-0.4260619775748271,3
75591,8.327876799596906,4.859898445998137,13
75595,1.6853542934780326,1.1181152108928938,3
75599,0.43326903034068676,0.11306805328826565,3
75691,0.7438653213325079,-1.1612787001316416,3
75695,1.7541840877940107,1.1984430558239074,3
75716,0.8465496765459024,0.12208678037254957,3
75747,0.46697219207206925,-0.8801252051473658,3
75771,0.9994481303018528,-0.10834768107676071,3
75777,1.48873360216229,0.7898825152222808,1
75819,7.695446454113769,1.671475216364294,1
75834,0.7764068480587003,-0.14944358515453657,3
75842,0.8792788790066782,-0.19277756046779512,3
75852,0.467712031205918,-0.8043697700415423,3
75860,12.518187211353744,0.09162641417537394,27
75895,1.1782778257123447,0.9371023911663863,3
75980,0.5757664517744476,0.3532999130375085,3
76019,1.156330294323797,1.0457218369287733,3
76070,0.6275515624683935,-1.1827769555340093,3
76102,1.4402277572928426,0.9673522492373714,3
76105,1.4924021707196604,-1.4473135170568827,3
76122,0.8911345060866198,-1.609598300172285,3
76151,5.9896217254412685,3.6118090665937395,30
76168,5.847840775195803,-6.253628314123255,5
76173,1.2512380465421098,-1.6040053229423465,3
76218,0.8217065687879151,-0.8762448213485307,3
76223,6.9250554738890955,-2.118152987371661,5
76236,1.759542874702195,0.8107471748834523,3
76253,0.9663125929676473,0.6056152766857139,3
76259,1.3391837349207827,-1.5921265348495173,11
76286,0.21340054672979297,-0.13111876007358714,3
76300,0.6436363962861337,0.6501792118259254,26
76301,0.43326903034068676,0.11306805328826565,3
76319,2.2525670357048875,-2.591370093632781,11
76350,0.43326903034068676,0.11306805328826565,3
76351,0.9029883757994268,-0.6206105729857145,3
76352,53.94373631464542,-25.749767110496673,10
76368,1.1070286398530202,-1.6013271884891673,3
76417,1.1003043806290167,-1.5812146470091017,29
76460,0.4535197766666105,0.3002507778307115,3
76482,7.180504304175084,6.9646757725305095,1
76483,10.03297089395889,5.092969750428531,20
76499,0.43406975501219885,0.08182959769998727,3
76512,3.250774167811428,2.140618018418249,1
76530,2.0282496856189844,0.09287676008135237,13
76532,2.7785744029463357,2.9626715968399644,18
76575,1.6022743812895237,2.495907514788975,30
76576,1.5812960930047595,-2.1925780646802275,29
76626,14.404786346050173,6.4297529887567215,12
76710,3.263437754899297,-2.192872775717327,17
76741,0.2876115793630871,0.1271569081586599,3
76803,4.301556690614571,3.6666028332975293,22
76812,0.5949561920559518,0.6253965760709704,3
76814,3.391270405763651,2.506119295066035,3
76818,12.84669671122641,-3.4394471186633977,27
76851,0.5074082461864566,0.05528243956084408,3
76873,1.0927737853438746,1.2782469046648166,3
76888,2.2719668395455646,-2.1635495508072284,3
76890,0.785223913779564,-0.44552710006692503,3
76932,0.6922887918251629,-1.3429162560239083,11
76942,16.334354695166777,-1.7984177151082257,9
76968,0.43326903034068676,0.11306805328826565,3
76976,0.26098728355660683,-0.010029219140883235,3
76990,1.1555756437823377,1.1265874016412034,1
77052,1.7617542574987453,2.7443337682049846,30
77072,0.5174799655375801,0.3754574604607191,3
77082,2.20876769472077,-3.311443538844325,5
77110,0.5867472780982539,-0.5428040733642502,3
77112,1.044924841429562,0.6639041659658308,3
77161,0.6275515624683935,-1.1827769555340093,3
77181,10.350015147466086,9.053998066096469,12
77261,1.1369278763869952,-0.1285207161921503,3
77302,0.4931711535155097,-0.26161715903122496,3
77304,1.1837764229277474,0.4574472618459437,3
77307,2.389384856005031,2.1930386344947914,1
77320,1.4464247581013128,0.2383036628172746,3
77332,1.4820461207430287,-0.6910905625941136,3
77359,0.13408963447716377,0.13462924599377177,3
77377,0.9635900813536055,0.118597920551745,3
77386,0.33333074630261683,-0.1863300157404713,3
77424,2.5510575253089343,1.9087438745650962,3
77471,0.4667370148358108,-0.1925309116473498,3
77480,5.077536106474802,-4.369185169660899,3
77491,0.9258241424839508,0.31633507213771583,3
77516,1.7063241948230905,0.9800072273722336,3
77517,2.06418358826765,1.6157669272730963,1
77526,1.3689407356227208,-0.2002940353903815,3
77585,3.8445384571506316,1.964507433216942,3
77692,0.6630474083489734,0.0829878408223256,3
77710,0.3765055448557062,0.2010396436444506,3
77724,0.47808463949742086,0.29176653979494604,3
77758,0.5764394610020009,-0.867560041560021,3
77768,0.44398221541314953,0.04837213461573857,3
77772,1.0925752197828358,-0.5613060379350068,3
77809,22.202528092978557,12.039181896417942,21
77811,1.4087885495460917,1.4506176837250586,3
77816,0.7883511697203686,-0.8516227743722019,3
77825,0.5917099678938521,0.45786962281174315,3
77840,2.215947684814547,-3.801286853202897,29
77860,4.639577180865665,-0.09806735831113426,1
77886,1.7737239045372613,0.31583678743296945,3
77891,0.6398219720740158,-0.29352650265211827,3
77902,0.18669480593432433,-0.07701236465893993,3
77911,0.2814943365719592,-0.21669622676401876,3
77940,3.3723088448282885,-1.9046944495631741,3
77960,1.6022743812895237,2.495907514788975,30
77971,1.4582167996830029,1.4663214509864635,16
77989,0.36641733065155996,0.02285416265500732,3
78007,1.0571594312220618,0.5348456438378852,3
78015,6.447913624048827,4.275870415276592,17
78053,0.5085469793244944,-0.710551720763013,3
78165,1.2776979307516954,-1.5465271288715907,3
78229,2.084352967694829,1.451929329858238,1
78236,1.2427585513787165,1.4660743193042185,22
78260,0.5285797156110309,0.2674228219189426,3
78328,1.6799787179248344,-1.8873334238494017,3
78371,0.6272135602816539,0.7174401701056712,3
78432,0.9197340183969633,0.4675189915074487,3
78434,0.48013683745849645,-0.4118265163330009,3
78438,0.835458865092299,0.48509488315905264,3
78440,1.68471000995085,0.5317550612797173,1
78448,9.360703870117751,3.7366259890324374,22
78496,1.0558880589975121,-1.8197340911437119,3
78518,1.5256336112377515,1.3160636901969207,3
78545,1.0746462435622075,-1.2185921930134318,3
78553,4.674644479423059,-2.3225246023097084,6
78564,0.9580883161500033,0.3385494002554422,3
78573,0.5938811809150633,0.5239301013873452,3
78589,0.1259024011857038,0.07591924439504297,3
78617,0.534322036706494,0.04738593344660369,3
78682,1.0163529095550519,-1.0031926759725238,3
78755,0.957456800167717,0.040405587645742765,12
78774,0.44665858152198995,0.10932458162221542,3
78777,3.722039910568061,0.15868474130702864,3
78778,1.4646175105452088,0.6101538947359963,3
78783,55.30442548480268,5.19427884929865,7
78797,0.43326903034068676,0.11306805328826565,3
78834,32.95603111714083,5.022119601740476,19
78841,4.242055763662988,2.713340840761611,18
78844,0.43326903034068676,0.11306805328826565,3
78846,5.692351157448023,1.1911377364655662,22
78895,1.1424437858437175,0.6551418928034916,3
78901,0.39442694440682247,0.13630864423931083,3
78921,0.9920748540538727,-0.4016211982530304,3
78935,0.37783981214534845,0.41963490002808923,3
78941,2.2358988137292943,-0.9219242643127953,3
78973,9.801611425384296,-0.8237420518083877,1
78975,0.6224502181345379,0.3819458519324416,3
79009,3.355895206419452,-3.1721227896148063,3
79055,0.7136706230748046,-0.3338062469159818,3
79099,2.292681376999613,-0.8271090843818287,3
79110,2.012599132144346,0.3547043214216814,3
79172,0.4532856215860481,0.3434732937964497,3
79182,0.593892913085221,-1.1472742777280576,3
79186,16.865352133750513,-3.209402307597949,9
79215,0.5810387329220748,0.1422155960074858,3
79266,0.41993788539625304,-0.42953848500291436,3
79285,0.9517217343702762,1.029376584816248,24
79323,0.863948970831244,0.5414611160198544,3
79366,1.0227823685108006,-0.7189116426315876,3
79441,0.4101496466736569,0.3696117294569464,13
79475,1.2850012192925313,-1.7831374557094208,3
79491,0.6196941046579318,0.3759648135622032,3
79506,2.4949869863020697,0.40812723533551265,1
79527,0.3020732458745922,-0.2543611737685872,3
79724,0.5653854044628361,-0.9326022341477966,11
79736,2.1232281033828544,0.8289575885532641,16
79740,3.431136929437755,-0.9772837456558136,1
79747,0.3826578143002751,0.43770432396355174,3
79754,0.8922108150534825,0.11742864880705742,3
79815,1.6929920387930633,0.42415711987011157,6
79821,0.8012188588687676,-0.1709246362924197,3
79842,0.5145887880395904,0.05164996523904018,3
79854,1.6947275036368228,-3.0641409855509667,5
79923,1.769429603840885,-1.7584991732579063,3
79942,6.120799623894674,1.4383311378963806,6
79952,0.35194101180961435,0.08517556196367318,3
79957,0.7757417229900122,0.011239689484659735,17
79958,2.525761296978967,0.8948536077016946,16
79977,6.683613201203419,3.86988258233691,20
79982,0.425507363254397,-0.6391123807600901,3
80028,0.9801002957404047,-0.3006149663909704,3
80036,3.1410237281682742,2.170162582594936,20
80071,0.5322462462757905,0.5167012860701147,3
80075,1.5888446741230244,1.2396554549294692,1
80084,1.2019116905170184,1.4059084493872438,3
80105,2.2177187191828485,-1.000492532875052,3
80135,0.7081307379016586,0.3229506497281981,8
80202,0.8218912538861333,-0.4225530179718778,3
80203,7.922723122677365,1.7680979116662032,6
80234,1.5442383146516934,0.7275520380923961,3
80266,2.4537436435804016,2.639683113016697,30
80323,0.6862239583913401,0.4341719999360879,3
80328,2.113560447569699,2.0518054642527823,3
80357,1.1903190156344188,0.0982725382300785,17
80371,1.6432857494043431,1.0202684758540301,26
80375,0.42807758532387175,-0.36717386988539924,3
80404,0.36641733065155996,0.02285416265500732,3
80453,0.7518685694499336,-1.1459804913302265,5
80477,0.3338734086515872,0.4165061835927411,3
80516,3.021843944246918,2.114923874146868,22
80538,18.19288095077512,7.637497874684542,21
80555,4.860965111981486,1.4959434251332866,30
80581,0.36641532151844053,-0.031899476033810145,3
80623,0.32118173990806764,-0.0012100553572859751,3
80642,3.2654928588905694,-3.2040874787470397,3
80661,1.4515443071256606,1.3144569556957715,3
80664,1.6022743812895237,2.495907514788975,30
80683,17.10996847941828,0.3453712399150287,21
80684,4.936673559120945,-1.907853074637072,3
80690,1.3774560468557995,0.5493699738541069,3
80692,0.9821711870355647,-1.1705015516528992,3
80767,3.6420265196894412,4.804006440880985,30
80776,0.7231228256064947,-0.7811593241794842,3
80810,7.481533458553554,-4.612175283612696,5
80820,3.09246345963065,1.1185186094301014,28
80826,1.490462687791923,0.5254337769892802,3
80837,0.4971469027433282,-0.6794497753004672,3
80908,0.43326903034068676,0.11306805328826565,3
80929,3.119591889791277,0.6261983993588786,3
80945,8.555717845429122,-1.8756451320046883,1
80996,0.48013683745849645,-0.4118265163330009,3
81045,13.821256426453562,-2.4036240583780626,1
81064,0.7721304433454611,-0.4027748760148419,3
81082,1.0038368692418638,0.33233405083479123,3
81088,7.619313681997395,2.3970657834381597,22
81121,2.663046435942277,-3.4065770013920904,29
81128,0.35225288197985694,-0.10809469560091213,3
81136,1.2538187104987333,-1.272796081070498,3
81138,1.0518820720853048,0.06360834761845738,3
81153,0.19735735525514622,0.05150336257191873,3
81207,4.022037594926099,2.7611648632842853,22
81215,0.9787523652770808,1.5246298712249915,30
81216,3.0526695176514593,0.9898915754025874,16
81227,1.9134949861900734,0.7135725878997291,3
81249,0.31480280276698364,0.29246781579282427,3
81263,2.7515562256905173,3.61755060385056,30
81274,5.597830920110236,1.7358637417254748,24
81298,14.406388028578489,-5.247246160486245,25
81303,0.7387943587704077,-1.6643961047921296,26
81311,1.444469554727922,1.4082342520515043,1
81318,6.121489759542213,4.462727379578712,1
81324,3.236981955291361,2.3017525724309054,30
81333,0.35722856416432414,-0.018816261765569234,3
81368,8.02188658775646,1.604925321618306,1
81370,2.7940199693841428,1.1947503386306086,1
81434,2.2190805514552396,-0.20321663175201304,3
81456,0.5619483525374855,0.4827178036361101,28
81484,4.993224935117356,2.2117555344102002,1
81492,25.544840393213548,4.03781670210667,21
81531,0.35431542533930965,-0.28985707539154626,3
81560,0.30120443588456497,0.16083171491556048,3
81564,0.09902511273250397,0.09068100019057466,3
81578,3.141860905742362,-4.156379532194681,29
81597,6.107993738092238,2.457166889439186,0
81609,3.4145259448837906,0.15191574465888338,26
81611,1.0927737853438746,1.2782469046648166,3
81661,2.5191320727606055,2.9514452180093302,30
81682,18.535156466885713,3.099441721327704,27
81759,0.43326903034068676,0.11306805328826565,3
81771,15.890011354049276,11.56051077799286,21
81781,0.7300153545515295,0.5210103408023591,3
81786,0.6574217833618726,0.027723057171127177,3
81845,0.6662165027535967,0.5972452892812241,3
81848,16.695471235075882,-4.826913662730025,25
81854,1.8647960241489059,0.01374661397701946,3
81855,1.365184362757553,0.5337025455043053,3
81862,0.43326903034068676,0.11306805328826565,3
81865,0.9711779731402985,-0.49893870038667265,3
81927,1.070630464176468,-2.2503574309631933,3
81933,0.4345251235436828,0.14454970157732475,3
81950,1.1198752541274422,0.5039398722601187,3
81977,15.221363077712676,9.749144176702965,21
81982,0.7012927186336895,-0.5834566710122502,3
82001,0.6894990994516152,-1.3227377808395056,3
82082,1.6150098294330735,1.099621577388908,3
82086,0.3525414836999639,-0.4613147804450659,3
82102,1.1562960571053877,-1.7160908073867793,26
82116,0.5027328504874542,-0.9393292588051769,3
82123,1.7782415940328247,0.5282517794601393,20
82131,0.6099947186879733,-0.7906751654491951,3
82144,0.9437000483204948,-1.983562477807763,3
82156,0.8490288126053457,-0.2056845724501127,3
82164,3.0682085377761856,-1.21180652725522,11
82192,1.8445209851344386,0.514331122351473,0
82247,0.9335405758816145,-1.0810729894169775,3
82317,1.729206569829841,-0.09335130145436686,3
82391,0.8771737253012637,-0.017737425576805993,3
82398,0.43326903034068676,0.11306805328826565,3
82407,6.868492782426482,0.49433834127614856,13
82431,1.7846942862806932,1.0374571387798848,3
82444,1.0739369040459952,0.6687867094304141,3
82445,0.8585558308860367,0.07831537009975068,3
82487,0.38008710219692776,0.027908979670317722,3
82491,1.3152338197724085,-2.5319561463521505,26
82497,3.7356450234625154,-4.648877487009877,3
82511,3.2345955260727983,0.23362386209498312,3
82550,0.7468324607052916,-0.864858391533582,3
82578,0.3990039561946952,-0.2617211636125522,3
82608,0.4983048204165842,0.5303085164518316,3
82612,0.975461087037926,-0.2249113668339301,3
82628,0.4971469027433282,-0.6794497753004672,3
82647,0.4182002319501911,0.03070754493945672,3
82657,0.26182855022063345,0.2723229363526009,3
82673,0.703019205697366,-0.7102638420970366,3
82699,2.563524098678057,-5.323747423963089,26
82720,0.34567632949901,-0.19323112743456283,3
82795,0.47291237979778,0.4062352425405186,28
82797,2.40868563760307,2.7930422803913273,30
82808,0.6704560491910236,-1.0218934317594377,5
82825,0.7284720043493311,-0.3341958373569298,3
82831,11.988299431639984,-7.445439717970528,25
82839,0.3927428253309502,0.40848440452890133,3
82859,0.38008710219692776,0.027908979670317722,3
82868,0.40979438775570054,-0.23271480764425262,3
82882,0.38196023443570204,-0.170901094200421,3
82893,10.612135358203682,-7.828088412301361,25
82898,0.39379305843684254,-0.41417951117644786,3
82901,2.5088878780016053,0.9022472279426637,20
82903,1.0208410457357766,-0.5935721313981094,11
82917,2.645737259713777,2.139712844449994,16
82926,3.0459807509222245,-3.7844663001580963,3
82942,1.21684816723881,0.3477838705320373,3
82958,0.7003505032176194,0.5643876021530994,3
82968,0.9342873171501003,-0.06851085380076223,6
83034,2.350518769655905,-1.8753314474673277,3
83069,3.181509575178058,2.325639918604239,26
83084,0.3366418963268659,-0.35624198606735946,3
83092,1.2249566242749557,-1.9236891174618964,5
83109,2.4598680017487236,-1.31796176995844,29
83110,0.4227742652976265,0.3606532008549074,3
83135,1.7005228019398415,-1.2363890615258337,5
83156,1.583933500709131,-1.5254871135878556,3
83166,3.191928132896111,3.9946115490371286,30
83178,1.1319556716468613,-1.1180715116599087,5
83186,0.9528909984464687,-0.5957575252900063,3
83214,2.5149617165412272,-3.0858162022603595,3
83235,2.538231164878668,-1.7043698236637104,3
83239,0.5619483525374855,0.4827178036361101,28
83251,0.7518685694499336,-1.1459804913302265,5
83252,3.695750991875495,3.386688567768439,30
83283,0.6862239583913401,0.4341719999360879,3
83287,6.991041273586295,-5.607602676692486,13
83303,1.143113050455704,0.6954985267128146,3
83323,0.6578868514307322,0.71075167750114,3
83383,0.6292731776728915,-0.2852895524364178,3
83407,0.43326903034068676,0.11306805328826565,3
83431,2.43592024497238,0.07284245891467103,3
83443,1.444469554727922,1.4082342520515043,1
83467,1.7192031059493127,-0.7879457064784154,22
83493,0.8177765848407811,-0.5968895777023706,3
83496,1.8574090570950326,-1.2354872874330458,6
83561,4.55054729524288,3.5187075360802584,16
83587,0.44665858152198995,0.10932458162221542,3
83637,10.503992993927053,3.452435137204803,9
83646,1.6733619669518451,0.23313443564308056,3
83666,1.9124068303051591,0.8331633127492606,3
83671,4.359295347221926,1.3423614397664212,20
83684,0.43326903034068676,0.11306805328826565,3
83698,0.5545071541807982,0.5742612875862779,16
83707,1.1147861931562593,-1.8080594542598947,3
83742,0.8589445270823531,0.5383246903873012,3
83743,0.5545071541807982,0.5742612875862779,16
83775,1.5295900801437097,-0.3017826424317006,3
83823,0.9209094788132979,-0.7596849360779134,3
83828,2.175128896460065,2.021110543943062,3
83880,0.43326903034068676,0.11306805328826565,3
83971,3.048496832953209,1.4593972958573678,0
84018,0.6569661265989709,-1.269118256471733,3
84024,17.807710093262273,-6.624142333095327,27
84126,0.5636241754462968,-0.2989910388928285,3
84135,0.6321677883753113,0.7010282728395815,28
84174,1.8264387464176621,1.1740214860801383,13
84178,1.7883350520868435,1.336983146708497,0
84191,0.588915866925443,-0.9396088859963461,3
84198,0.7261322131531341,-0.8408867730725968,3
84201,0.8668929007996505,-1.7980657839324137,29
84377,1.3127121029087299,-0.4776365514405939,3
84427,3.2277162505910693,1.4836825102060327,6
84476,1.2075209264044797,-0.03398933433292715,3
84479,0.6815344333852192,-0.026140320806466093,3
84523,6.054624816663712,3.095807058653038,28
84527,1.2019116905170184,1.4059084493872438,3
84627,0.4481821301499268,-0.21884547248050737,3
84682,1.2233400547068018,-0.02221355996336702,3
84715,0.4120571092241805,-0.6257512478029538,3
84770,0.345270479491126,0.2750076958609463,3
84831,0.4693704985070483,-0.23718026950979731,3
84847,0.7744734167921996,-0.5104090893397037,3
84866,0.1669367043257936,0.20825309179637055,3
84880,0.43326903034068676,0.11306805328826565,3
84882,2.255118496657609,-0.9701584893893628,3
84897,5.0018608351931055,5.630071927596079,30
84900,1.3110163748136876,-0.8698607646855011,3
84912,2.3417455074333415,2.450647483444646,30
84940,0.9571629086782598,-0.0701883102726881,6
85043,1.1924768467893483,-0.19834781733531634,3
85093,0.9571629086782598,-0.0701883102726881,6
85132,1.0067599660632671,-0.33482220540109825,3
85161,0.535063024583393,0.33563106717378394,8
85164,0.15761529283257777,-0.13187759779933253,3
85256,2.0245626246907835,1.7408638092018305,24
85257,0.8620679461256716,-1.1876645866136994,3
85273,1.9845134411660648,-0.5262447941161252,3
85367,2.22222281019566,-0.7845853344429518,3
85419,1.469394407304299,1.4389760140377195,16
85426,25.741380102454276,6.154066101329874,21
85431,0.5752231587261742,0.2543138163173198,3
85433,1.3170019471187127,0.04241133090282526,3
85442,0.4804926508038228,-0.1961987256181966,3
85455,0.9284311913840914,0.10750949858628646,3
85469,0.26964252432052,0.33637832732061373,3
85486,1.0927737853438746,1.2782469046648166,3
85495,0.6138843845836008,-0.16969655502941552,3
85502,5.058177095538046,3.423293882776494,1
85526,19.097628242386204,11.590880293869974,21
85534,2.9236429856199115,-1.8177664892612215,3
85554,0.974194707762821,0.24459293940771093,3
85616,1.312172558290441,0.8225943235774951,3
85656,8.243320514978326,-0.5195555646610946,6
85701,15.600292463107476,-7.4287095379445685,25
85708,1.4394156743709734,-1.9475388648693879,3
85757,12.592447098612812,11.05696716630842,21
85769,1.347446998456682,-1.7830740461313705,29
85787,0.4532856215860481,0.3434732937964497,3
85805,0.5647110395974064,0.2496662685045033,3
85833,0.596877858712249,-1.2328983138376137,3
85851,0.4762603264391363,0.2297880545785943,3
85872,2.780965728889088,0.9709285996478073,13
85875,0.5270035422470268,0.30409074319482,3
85892,1.30002259925513,1.2674108268463538,1
85905,1.9073421202303635,-3.3706536325105594,3
85925,0.7900314782034211,0.4319756031300266,3
85944,0.9035372176132169,-0.49418624396395405,3
85950,1.0976787998845596,-2.0939449854554275,3
85962,0.7706745983499659,0.5595977421722661,8
85992,2.829613193852577,-3.5386387595630806,5
85993,4.809553579766535,-2.621956090429757,11
86001,0.3602121516277133,0.03615497566732813,3
86033,0.43326903034068676,0.11306805328826565,3
86051,3.031319230680001,-0.7593723556840173,0
86073,0.5987770270602644,0.581288946828879,3
86093,4.9754095858393095,0.7549971766128543,12
86100,0.48177260986210146,-0.0018150830359289628,3
86107,1.122898060899677,-1.975438697460941,11
86123,4.138400690764617,0.7453096336672462,1
86134,0.8048322956118638,0.6195792077297979,3
86145,3.602805455904245,-2.803420545176327,5
86170,1.6022743812895237,2.495907514788975,30
86189,9.18149942307107,4.367740102031099,30
86202,19.019643752597403,7.903962749778675,21
86242,2.2168495985822636,-2.6877985104366804,5
86243,5.332292479105685,0.04674330509389848,26
86276,0.36523432408992923,0.015401698428403988,3
86303,1.5356507048303123,-2.718507482123066,3
86365,0.8626733141306077,0.438513907015948,3
86368,1.1658788049687092,0.37969626860004646,3
86392,0.9008033429076211,0.6636534829161156,28
86418,0.6148687584021343,-0.9253973776640224,3
86462,1.1851375997906204,-1.0329124380419608,5
86463,2.083497913215221,1.0532704640672668,3
86488,1.0361253769636123,1.3259079607494537,16
86489,5.6926995242732445,-1.6131132860451898,3
86538,0.4174268157556277,0.2705854163822867,3
86548,1.4642555481884187,0.3717967157288187,3
86555,0.6436363962861337,0.6501792118259254,26
86641,1.3947917334403517,0.6341425094790872,0
86680,4.9661346437054705,-7.3415587371585405,29
86720,0.8026721163848174,-0.013241197720643541,3
86728,0.44355473592136535,0.17151302134865193,3
86792,0.9974006184303489,-0.6017148010700664,3
86819,1.722211778964892,0.6898728862997666,3
86835,12.743138833632758,9.991746457618401,21
86849,1.2977388270173256,0.5767354525627503,3
86906,2.788648668917845,1.9684630568085228,0
86928,1.4019280149560465,-0.5653590185648814,3
86932,0.2800422089014865,-0.1155185469884099,3
86959,4.5340221597510775,3.370672869589233,28
86969,3.671785923367201,-1.6613661620445803,11
86975,1.0852060578460685,-0.5575201612148203,3
87002,0.43326903034068676,0.11306805328826565,3
87037,0.4449406203321811,-0.5344045709264545,3
87051,2.059217701993187,0.8780786590108857,3
87093,0.9342873171501003,-0.06851085380076223,6
87114,1.2979448140801206,1.360831937409939,18
87141,29.159727376912247,-26.961226587898327,23
87143,0.43326903034068676,0.11306805328826565,3
87147,0.3104879793225481,0.22527447627643143,3
87155,4.206404199970278,0.5573332077967604,3
87173,1.3200006843187437,-2.014057638017098,3
87257,2.3822412128704564,-2.1477532349041843,3
87351,2.3316073853782546,1.7239481822202936,3
87397,2.0204746132397147,2.5266150597284316,30
87402,0.4918465988452788,0.15013006240615176,3
87403,0.6864938613753102,0.6739192081444338,3
87473,1.3303592339421588,-2.5375212977638575,29
87540,0.4059053273975691,0.2157267748627337,3
87549,0.596877858712249,-1.2328983138376137,3
87555,37.620144799822114,7.8814419696414975,19
87579,3.937241224237607,1.96399219762205,0
87595,0.43326903034068676,0.11306805328826565,3
87610,1.2164335322969693,-1.0979169614260866,3
87627,1.4433323618016514,-2.6656258254924348,29
87690,1.4293538702637292,-1.1283590201142302,3
87707,1.6517250736306874,1.300958465491054,1
87712,7.665300683117397,0.6852344059688731,17
87729,3.4596216098066446,1.067348954436038,3
87746,37.595493908506434,-5.62757457980637,7
87747,0.46594619261565834,-0.19204424681935306,3
87911,1.1292874642071484,0.0002944889925387429,3
87929,7.35008126196935,-3.102442614829623,11
87938,3.3238108310419565,0.5954636869666489,26
87948,1.2807502988382493,-1.578259514314186,3
87949,1.4583940936770916,-0.3981024073907936,3
87956,0.7969248696077322,0.2722928410997576,3
87964,1.1708360132622526,0.04116845063765567,28
87974,5.316519145000469,5.1831046878655656,30
88006,1.0004044088551405,-1.3704705820007368,3
88012,1.1502945271676848,-1.570359868097516,3
88029,1.1707359137950715,-1.9063247313538028,3
88116,3.170337703347292,2.305739488103913,3
88122,5.059989977549567,-1.9837498206558708,26
88123,0.9659451410054515,-0.2635395685322818,3
88146,2.129642631037942,-1.6339519896319032,3
88170,0.6156968837523753,-0.02361511505865699,3
88187,3.6945188126786306,1.7150207569884175,16
88229,10.863468824266837,9.07836743346544,30
88248,0.754153232589973,0.3978025722731705,3
88278,0.14763437719146466,-0.12352650981203969,3
88283,5.8726910940255,2.4027507067156892,13
88288,0.3247242619180553,0.17258141989018697,3
88299,0.41558380632727315,0.03685572601402509,3
88320,0.3808297790917049,-0.40300259218328227,3
88330,1.0161004892939591,0.618220912633613,3
88389,3.360239202446141,-0.5653628459489112,1
88412,3.184786327922669,-0.0016918349637644145,3
88435,3.931498250105811,-0.8069821414590161,3
88574,0.37935882479715527,0.28050636302743504,3
88620,1.7090561370388393,0.7463810169378584,3
88631,0.7504129463884295,0.2899824163841164,3
88652,0.8926466890296962,0.637805251862521,3
88668,0.58393635275766,-0.06456440223056925,3
88677,1.2304640183376043,-0.8386836531645531,3
88693,15.722798435484973,7.8385493035832665,21
88729,1.0421006534464756,0.32775459419931585,3
88733,22.65654793238209,-1.0055039760626445,21
88734,0.8589445270823531,0.5383246903873012,3
88738,5.880354946391729,-0.9996202019934002,3
88739,0.2927264081049924,0.30811760134124927,3
88767,0.4971469027433282,-0.6794497753004672,3
88793,6.056992959522367,3.8880373202156884,18
88812,2.109144749336361,-1.067056261203168,3
88854,0.3778022865782271,0.3418472923488796,3
88872,0.9857245931793237,0.984337824753988,22
88937,21.441986878673728,8.288863786972032,21
88946,0.21924100855025466,-0.2611441061358425,3
88976,2.097258925061636,-0.5581255051251655,3
88978,0.2814943365719592,-0.21669622676401876,3
88993,0.6703104673166056,-1.252439011740236,3
89014,13.916884788060653,6.4405975815120335,9
89057,2.95454945651037,3.0722486283912698,22
89058,0.4174268157556277,0.2705854163822867,3
89059,2.3583907056230404,1.3784306637040853,1
89062,0.9831207030086794,0.5928225372878551,0
89074,2.656916357357912,-1.0882417782304414,3
89093,1.1604134001778044,-0.11222845896100328,3
89098,0.6787347578116811,-1.31117060311778,3
89179,0.9209094788132979,-0.7596849360779134,3
89192,0.6436363962861337,0.6501792118259254,26
89207,4.293841733768321,1.2112367045344379,6
89307,1.6061463867314822,-0.23501501056011828,18
89320,0.491380398166943,0.2517119604563536,3
89339,0.2734330977824379,0.24640781963796426,13
89346,1.9858477093278795,1.4352206240648284,26
89361,0.9312581224272681,0.6492758383582996,3
89391,0.4581089270761055,-0.14057839568558522,3
89470,0.5280418108204293,-0.26682780319852195,3
89475,0.360124454604894,-0.14855279814474465,3
89493,0.46697219207206925,-0.8801252051473658,3
89507,0.49339338813786554,0.12875840642979683,3
89551,4.960360868475042,0.33966701080566336,1
89558,0.43326903034068676,0.11306805328826565,3
89602,29.09282222622027,15.67907250818781,19
89651,0.8457275449776495,0.4278765150703082,3
89851,2.3588336074536755,-0.646780902614271,6
89852,3.345736679652839,-0.2594668135673449,24
89867,0.29603603288271935,0.0772550438578781,3
89869,0.5354823616066636,0.5296026259268173,3
89870,0.5369187627827567,0.5455140129516916,24
89874,3.296988611050207,1.8794888457424932,1
89913,2.197504454339323,1.9873363358721794,16
89945,0.914177968115995,-1.8961420994196363,29
90049,6.351562439530859,4.535903612093253,30
90066,1.6887977021064562,0.6591505541036895,1
90072,0.5647110395974064,0.2496662685045033,3
90075,0.3190513187510104,0.24620600996887898,3
90082,1.3121608694125617,-1.1675307369024215,3
90088,0.5890380438060671,-0.38637141272293724,3
90137,3.9098331789214456,-0.7006735331113797,27
90146,0.8618335216928841,-0.3178742018161731,8
90174,0.7210270532042473,-0.0030824038887557435,3
90176,0.48307064873619054,-0.494844401209389,3
90192,2.5341850950209963,-0.1971930938865131,3
90198,2.9866676212218706,-5.37530262726104,29
90259,2.8832291316392804,3.409695124362088,22
90279,0.2822765582906665,0.2248330816045612,3
90286,0.43326903034068676,0.11306805328826565,3
90322,2.43329962655692,-3.7870508152148674,3
90358,0.48307064873619054,-0.494844401209389,3
90361,0.43326903034068676,0.11306805328826565,3
90391,4.697156421149016,4.5281553707424145,22
90417,9.856430717991264,-0.5726670216881327,17
90423,1.2693612386872983,-0.4462348968371056,3
90467,1.8724805900434371,-2.1937051512378654,3
90471,1.6259395974420392,-1.0351202369847712,3
90517,2.1330269263977035,0.18860653237275588,3
90614,0.43544748168226044,0.07166518614511845,3
90616,2.3581153647151734,2.9369076337553364,26
90653,3.0856559055174504,0.2626713407855113,3
90694,2.4783649992277392,2.780205096828622,30
90712,0.387729666765326,0.08139668534774858,3
90736,0.5452275467081754,-0.020912256645172874,3
90743,0.25458583947186303,0.23313377708569727,8
90766,0.9983244887371949,0.5794149754108487,3
90776,0.3222263829802241,0.1712538705064163,3
90784,0.6877823949393678,-0.07659057987964066,13
90793,0.4648309863376598,0.11377247680598863,3
90883,1.8124951054215648,-1.093626450887218,6
90915,0.4943914620201587,-0.25555901130374165,3
90966,0.5837327582893025,-0.23195160415912763,3
90971,0.4458605511524963,0.36283137756775735,3
91001,0.8668929007996505,-1.7980657839324137,29
91012,0.4233425123903434,0.20425604851430604,3
91017,1.2499985650092926,-1.62753200810686,3
91023,1.5733555435279927,0.03763948859231156,3
91026,3.4139902415231345,1.951031180676079,1
91058,4.184014675907,3.108582688821858,18
91059,0.588915866925443,-0.9396088859963461,3
91097,1.7470998438229777,1.2159917665106557,3
91103,11.59397040814219,-0.6028404018314946,30
91113,9.242756588564996,5.495725081343879,24
91130,3.891929363909328,-1.0107906953654937,27
91164,0.5317521979183506,0.4103433499481316,3
91165,0.9412165844531126,0.4507059121489539,3
91184,1.4467099717716105,0.5151778647904952,3
91203,9.874066970729627,7.462349538116971,12
91246,1.1239262803208563,0.8797661092982054,3
91258,0.41635636538934495,0.4721219580030464,3
91263,0.44308924845683545,0.06050511714080435,3
91266,0.7757417229900122,0.011239689484659735,17
91281,1.2184560432900007,1.1878904122027882,1
91283,0.37019647795084004,0.38503437389853845,3
91342,7.25850384322833,-1.4264617731283347,20
91405,1.1830662355916837,0.05043547591398225,6
91423,0.47026818727253017,-0.6072542972522197,3
91424,1.2177542856400385,0.4843525121965355,3
91425,2.863347028170763,2.606019837840463,3
91428,0.4774229812063196,0.11554427973463469,3
91448,0.48177260986210146,-0.0018150830359289628,3
91449,2.8058357646310377,2.277466284462516,16
91478,0.5092258644485887,0.4191204409259108,3
91494,0.6582510823050257,0.3993571079275231,3
91553,0.7507211957159841,0.6245806062662662,16
91576,0.3556360860398164,0.3204861198455801,13
91631,0.8791496844031982,0.269900133662458,12
91633,6.5081327307363965,-4.951926205407415,5
91634,3.4345246414824797,0.28769243989264287,3
91675,0.6225343205184426,0.644711899156141,16
91685,0.863948970831244,0.5414611160198544,3
91692,0.43326903034068676,0.11306805328826565,3
91761,2.93665379677377,2.0303810445369272,8
91777,1.2557448793883086,0.3129829361245586,3
91795,1.939252741588486,-1.080290493294857,3
91811,0.5506140304637801,-0.24962835838186556,3
91832,28.126180575430073,5.522195276133077,19
91838,0.41935021586162413,-0.05812997251401831,12
91840,0.6165381305587602,0.700696657794009,3
91875,2.784437467840119,3.4849356936059928,30
91931,16.913736689231733,12.853046826387232,21
91992,0.47606160214221754,0.5064350895984376,3
92011,0.36641532151844053,-0.031899476033810145,3
92048,2.530395768440372,2.906318033145349,16
92132,1.4647326803960101,-2.5753421124096483,11
92152,3.3389254275663895,2.8194592237205898,18
92154,0.27405108691963564,-0.5259890281081306,3
92156,1.363574473248566,0.8087682896697549,3
92162,0.3811337125662317,0.40117325275303595,3
92184,0.2487857461695984,-0.056939514445129215,3
92278,3.6662608568285857,-1.8131814219291453,3
92306,1.276082163971095,-0.18821903969838197,3
92316,1.1616989454681672,-0.36048504262571096,3
92336,1.8183240518567767,0.03327359824425688,3
92346,0.6466197241016043,-0.5110630184101057,3
92398,0.607846735271638,0.39273578346005367,3
92405,3.949985641355927,0.9945374881656268,16
92477,1.4978086373143602,1.0611742143621004,8
92498,3.3315513027762576,2.351988659038388,0
92524,0.6534784031171301,-0.7567510925918842,3
92547,6.442815751801169,0.611839345945131,16
92637,0.3415341297684314,0.02130214894607873,3
92652,1.90435689265869,-0.6918557424590547,3
92658,0.2658760989591753,0.2051716749740658,3
92664,0.6787347578116811,-1.31117060311778,3
92674,1.0555258384584292,-0.3806249229983522,3
92693,2.400887807755723,-1.1659967501878206,3
92696,1.8140599994506028,1.166909953945606,0
92724,3.5192287613832356,3.3124759493457496,16
92749,1.136223660905213,-0.566197818012334,3
92798,0.4495586820299884,0.3861742429088881,28
92804,1.685755198905902,1.1240716996455205,3
92807,0.5947947023202599,-1.2501985727573295,3
92810,10.448329266447118,2.351446384511713,1
92853,2.277793945036282,1.9227445710855684,16
92861,2.850736864859281,2.12128760271443,28
92887,0.4146668231416959,0.3122829243246661,3
92979,6.129949665138763,3.2406090590853203,8
93025,0.8497807264977613,-0.4365713628383386,3
93034,0.4101496466736569,0.3696117294569464,13
93046,7.1888021829013695,1.3834513666572368,6
93047,10.163426204114996,-1.2315242587790003,3
93059,0.8087672670304148,-1.2680639666812787,3
93085,7.995400902546513,-4.29707618588938,5
93092,9.093794622030325,-0.23256693683967242,11
93105,0.4415452307256521,-0.49636803005221514,3
93114,0.44406377061498126,0.081134649219999,3
93116,0.6582510823050257,0.3993571079275231,3
93130,0.23313804869877558,-0.30104966858683896,3
93137,0.6534784031171301,-0.7567510925918842,3
93141,0.6504994080290538,0.120266410808501,3
93179,3.4600647343665036,-5.201811839682262,26
93241,3.151704106780848,3.4829876826642407,22
93257,2.0307298854992117,-1.7289689513561692,29
93267,0.7948463355309406,0.5444220552093262,3
93274,0.29603603288271935,0.0772550438578781,3
93312,2.073469152790962,-1.7904067787524682,3
93314,1.1285659589868082,-0.31947243142119824,3
93358,0.6582510823050257,0.3993571079275231,3
93363,19.011702876699974,-8.826143067176174,23
93364,1.444906498867023,-0.40998996219617806,3
93370,0.5545071541807982,0.5742612875862779,16
93373,1.6022743812895237,2.495907514788975,30
93377,0.7618847977601066,0.6187218542695716,3
93386,0.5708342769597637,0.062192744505949596,3
93397,0.7518685694499336,-1.1459804913302265,5
93413,1.2006607142214871,0.4639718662145863,3
93421,2.8989879818249515,0.5278623855477903,20
93426,4.814711552390335,3.094800589735679,1
93427,1.2676312405989714,1.3007125475093348,3
93453,2.622608626761413,0.05752180855359116,22
93466,0.5747730880903149,-0.45427823858676064,3
93482,0.3222263829802241,0.1712538705064163,3
93518,2.776764804527036,1.7235858749674273,30
93562,1.0090354821151344,0.46636796632577415,3
93565,4.4259496550438735,2.993694791545324,12
93629,18.203546231551083,5.411305336034196,21
93630,0.5586055386725733,-0.36640962905757307,3
93631,4.450171411745168,-0.4273747348217489,17
93636,1.1296410685864557,-0.9494536384698654,3
93643,3.204688018489213,-2.6863631316356043,3
93698,0.9279016133094178,0.48140594231224487,3
93732,3.1264613731579427,1.3529295007882227,3
93770,0.2640669672866773,0.2418160005081991,8
93772,0.7438653213325079,-1.1612787001316416,3
93785,0.3205094744044199,-0.3817678123033507,3
93794,1.1397284048399665,-0.9989662719009552,3
93800,2.698485026840584,2.2054825165467276,30
93855,1.5633888019931828,0.3871307666653763,6
93871,0.9248925228270343,-1.3515424336987714,3
93872,1.09229411563114,-0.03093022071994056,3
94007,0.37521157165385843,0.19885299748650986,3
94023,0.838100522441694,0.2529723691981578,3
94087,0.947203457009058,-0.7598077782413092,3
94094,1.8989237788989783,1.0834172924907084,3
94099,0.43326903034068676,0.11306805328826565,3
94101,1.6679476712608745,-1.4916558381162246,3
94209,0.43326903034068676,0.11306805328826565,3
94213,1.1837764229277474,0.4574472618459437,3
94242,1.482009924688995,1.3286181627539038,1
94263,2.9056146080768634,-0.6859572816957847,11
94264,0.8715921647788571,-0.37117560344233613,3
94290,0.428693752013255,0.2068379367679981,3
94307,0.4060628163440178,-0.23059571585279,3
94334,1.0103141075820925,0.6318553744561788,18
94347,10.60722313571771,8.027718553093818,22
94362,0.6204609774794722,0.6880462677869966,28
94366,0.35078561368040745,-0.417830569817348,3
94376,2.5129690979551764,-2.3784257461387246,3
94385,1.3180684393611277,-0.9623011031014883,3
94396,2.4427284303859804,-2.598409756090383,3
94427,0.46230941604347964,-0.06894695054641753,3
94474,1.5979508163638882,0.2867412646731854,3
94485,1.6472464227700767,-0.9088471474963326,3
94494,3.1073175968172824,1.6052468720655235,18
94495,1.6514702214623995,1.0694312534118895,16
94519,0.49271948107523034,-0.5322642339826262,3
94529,0.781557771674377,0.49366201230531803,3
94542,1.2420918360927167,1.2895825442426059,18
94563,1.385475752197154,0.6763704867801246,3
94630,0.5506140304637801,-0.24962835838186556,3
94639,1.7617542574987453,2.7443337682049846,30
94691,0.2334114798293661,0.216851136923312,3
94730,0.6688272090273629,0.7239042918731997,3
94737,1.1678591464376253,-0.08563856725095279,6
94781,0.4504157283316166,-0.1789768506931075,3
94782,0.43326903034068676,0.11306805328826565,3
94787,4.33093959039267,0.32467371032957243,1
94818,3.9247456178221,4.829760187516597,24
94840,1.3716536646701274,-1.1548812292089368,3
94843,0.4388806167954911,-0.09157297558335639,3
94853,3.6487518506504295,-1.9988391926656188,3
94865,0.43326903034068676,0.11306805328826565,3
94897,1.0980308073713272,1.0212384600162234,3
94923,5.065703413064586,-4.566700676280692,12
94931,0.40084688247820943,-0.5734444624821817,3
94944,0.7904041134173558,-0.06319484422697799,3
94951,2.8125852421042836,-0.5702010987420865,5
94952,0.7591284107995893,-0.41027396175729686,3
94965,1.6166043928028873,-2.4166954441145037,26
94971,0.6787347578116811,-1.31117060311778,3
94978,1.0255063004489364,-0.11441798414790919,3
94985,4.086359202864423,-0.8872056128234461,22
95010,1.8066005382861285,-0.7473526457517681,26
95011,1.30002259925513,1.2674108268463538,1
95025,2.3489725315915786,1.6622057864704802,1
95043,1.0123703931819321,-0.5420384628394193,3
95049,0.6226771036288674,-1.16343863676212,3
95104,1.3080501961358297,1.1273712836621892,26
95128,1.4163074442924564,1.0104817608843097,18
95146,1.2654103478959733,0.27428786407288586,3
95161,0.2524420820119026,0.26889473859259855,3
95173,13.742364167540872,9.738065618067836,18
95174,0.7577627656072463,-0.6078462225930473,3
95193,3.879879867616117,2.0484037402131956,1
95201,1.3448806512793132,-0.8062406658210073,3
95207,0.8213171488923321,0.011900029930573573,17
95226,1.1811402070409196,-0.5870431923951637,3
95250,2.807634950326882,1.7876010420363768,24
95261,1.06453701928205,-0.06365559439085756,3
95269,0.4089089676270119,0.23594800014918904,3
95271,3.6316537591003395,-5.4840839547653255,29
95294,0.31631144403441824,0.3293699358607534,3
95301,0.43326903034068676,0.11306805328826565,3
95316,3.9240685795518644,-1.401563736760742,3
95353,1.850051911728029,-2.0404400967743217,3
95359,47.05736882835536,6.141018110435227,7
95360,3.2986537000679252,1.3321365138230066,3
95393,4.166910900924406,-0.2018302757256723,27
95396,0.8095490409568485,0.7141952375945233,3
95447,2.3996102674698943,2.7552533223553013,22
95448,0.4535197766666105,0.3002507778307115,3
95492,0.28645378872379174,0.06932656784078081,3
95506,1.3666576175318463,1.3254631040844993,3
95509,1.9536447404466581,0.6656934546638382,3
95511,0.5580088730210141,-0.4410284566279801,3
95574,2.25891668071795,0.17186003840753905,1
95590,0.7540992757311813,-1.4089938882077655,3
95658,0.5643170458647266,0.10310605952314547,3
95741,2.0049960069335175,0.8203694184045498,6
95781,0.47745544703482934,0.485098780246944,24
95800,0.5545071541807982,0.5742612875862779,16
95903,5.517002063649029,1.6965015456533017,1
95907,0.6693178015092365,0.5767545858124042,13
95921,3.9662613223541725,-0.043206467597981746,22
95923,9.913740088105147,5.525531525125791,0
95932,27.96096538996034,1.4862843765885982,21
95933,0.5667597182180226,0.6294523500421338,3
95991,4.791736356016221,-5.380508245998603,3
96053,0.45548865934612776,-0.039654044793410406,3
96054,27.512187448862296,0.7193505478778691,21
96055,3.248470171016621,-0.35538145669408316,27
96096,2.7721409948248983,-4.576475074832722,3
96103,0.7387943587704077,-1.6643961047921296,26
96113,1.2184560432900007,1.1878904122027882,1
96115,2.099985978417563,1.4035779824953913,30
96194,2.053659556220336,-2.831780354228742,3
96320,5.895614490742537,-5.930350083936562,29
96354,0.31631144403441824,0.3293699358607534,3
96357,9.291993548207243,-2.9821460097226304,6
96422,1.6682931653389235,2.0269362335890353,16
96440,5.033560194081491,4.202498183336168,18
96448,3.5231563322871358,0.09595454220480665,24
96474,0.3518687922413357,0.2329531896962417,3
96481,0.27676349224845526,0.1070184554696134,3
96493,1.8248733027355695,0.7967583707872202,22
96521,3.277602330358441,1.8858088514641922,20
96528,0.7182301297996894,0.7774144273208845,22
96554,7.8696241890681735,6.301274922279626,22
96589,0.4575307144598026,-0.22341034736660384,3
96608,0.3683596713049852,0.04610435601240311,3
96611,0.9571629086782598,-0.0701883102726881,6
96634,1.6248533404471486,-2.229692251296269,5
96659,0.43326903034068676,0.11306805328826565,3
96679,5.867172913276115,2.025588818262631,0
96744,6.893297633876328,-4.698162106929046,1
96771,6.405754113529914,-7.123086516196994,5
96776,0.47606160214221754,0.5064350895984376,3
96843,1.1129911169652273,-0.5920927249024422,3
96869,1.0044665869537248,-0.5320725480110274,3
96880,2.1707269352501233,-0.05920518116382207,3
96900,0.35225288197985694,-0.10809469560091213,3
96936,1.411264630501846,-0.12971044448240068,17
96954,2.6408859137273244,-0.7358600962986314,3
96970,5.398915902813711,4.067814406864016,22
96989,1.579402817358003,1.8361752480237379,16
97025,0.4174268157556277,0.2705854163822867,3
97044,0.7531363506051363,0.11681893929566567,3
97050,0.43326903034068676,0.11306805328826565,3
97055,0.9342873171501003,-0.06851085380076223,6
97122,0.4333831103553182,0.3526775143895552,3
97160,3.0102210592544165,-2.9640055897912467,3
97208,1.6206273847091988,-0.2863114803007891,3
97209,0.3542275555883813,0.12241627642115564,3
97290,2.404268864795819,0.8540336523996599,1
97324,1.8834867740598524,0.7419816583414005,3
97330,2.4435403159357474,0.09310325213124235,17
97381,0.6422545380295545,-1.3266274254159118,3
97423,0.4435715722696206,-0.5327602491697577,3
97443,0.914177968115995,-1.8961420994196363,29
97469,0.2643140901402682,-0.2225660270475138,3
97493,1.8658355249041865,2.435586359839079,30
97620,1.6870688511773944,0.6348670472932861,3
97623,0.7056665754717482,-0.5660567947897753,3
97636,0.9661251690438761,0.8350087209964053,18
97639,0.5145895521691766,-0.09788300221969683,3
97694,3.4175872087517374,-0.2270398575074206,3
97721,5.101497739358065,-2.783895516864722,18
97754,5.4754257287431285,3.517751660516961,30
97807,0.43326903034068676,0.11306805328826565,3
97848,2.7479088439715174,2.986064898223005,30
97874,6.006728936601984,5.776737505107153,13
97875,0.8095490409568485,0.7141952375945233,3
97945,7.085932459968819,3.5198129990347677,16
97952,0.863948970831244,0.5414611160198544,3
97968,0.3295543452549766,-0.25369314352860733,3
98012,1.1051154099905425,-0.6391809374073714,3
98026,1.0090354821151344,0.46636796632577415,3
98051,0.16456277057625643,0.09983927698188078,3
98072,0.35225288197985694,-0.10809469560091213,3
98078,2.059266716893625,-1.5054842932196582,6
98104,0.43039688954188926,-0.36917499621538674,3
98146,0.7056665754717482,-0.5660567947897753,3
98159,0.5867472780982539,-0.5428040733642502,3
98255,0.643898786063652,0.663754850489989,18
98263,8.58581895742891,6.039166229020349,0
98287,0.37521157165385843,0.19885299748650986,3
98297,2.5294162840891485,0.2136305269952288,3
98320,4.607143600948679,-8.6273360786538,29
98322,0.34567632949901,-0.19323112743456283,3
98344,0.5810387329220748,0.1422155960074858,3
98356,2.444014318013469,-1.8949989176375213,6
98376,1.7250280299200842,-0.8510466638669386,3
98391,5.755696275016835,4.384828863747752,1
98422,0.3830173079703664,0.24828040232915224,3
98440,2.775650176152529,0.030158938043149123,12
98468,3.276652625043303,-3.7628609931337147,5
98484,1.8180202339281262,-0.13916757618620262,6
98499,0.8668929007996505,-1.7980657839324137,29
98525,0.3209460232624707,0.32223759342027775,3
98544,0.9858583951231253,-0.18006924538527555,3
98547,2.5821104400618364,2.4957859128802187,1
98575,2.0704572924328026,-1.6598927771718792,3
98596,0.9516715237124158,-2.000317716411727,3
98628,3.648709200159522,1.4050076003647582,1
98647,2.427798147503997,0.46082658619017713,3
98654,0.45572182963739655,0.41067969939660715,13
98655,0.7405137596847496,0.23219048954357466,3
98671,1.4237318995278785,-0.12520736744380273,3
98686,2.574303193314323,-3.216874895492024,26
98722,1.0511113883085026,-1.1617366604402308,3
98723,11.556749331152266,-5.525108779133506,27
98741,44.3480879850236,8.309234873350517,2
98757,0.36641532151844053,-0.031899476033810145,3
98758,6.627657541827978,-1.1372967193038723,30
98783,2.3971125865580327,-2.462527498072524,3
98787,16.863602202647503,3.642736024158845,21
98794,1.5503609665269278,1.4868800608253083,3
98804,1.4832911162818836,1.4396560685145339,16
98860,0.5270035422470268,0.30409074319482,3
98865,1.3081032306729932,0.8224248668840505,3
98893,0.43326903034068676,0.11306805328826565,3
98904,10.158031481861014,3.585669531738681,30
98914,0.8666817328367533,0.8449405512309025,1
98923,0.5785619165919507,-0.9032167667690546,3
98930,2.5540080095347366,2.1051602954306032,16
98958,2.158037648342032,0.9782104940988637,3
98988,0.883284718138325,0.558921096870893,3
99023,1.3800889522054656,-2.0502775806512172,3
99025,1.4956723435270685,-0.5310139220697537,3
99026,0.5183033785176169,0.3737409559921965,3
99032,4.629442459506418,1.4444014739674471,1
99051,0.48013683745849645,-0.4118265163330009,3
99067,1.6022743812895237,2.495907514788975,30
99068,0.4233425123903434,0.20425604851430604,3
99102,0.6453344291562434,0.46167058670853167,3
99136,0.5085464277670536,-0.7638371183318934,3
99146,0.3556360860398164,0.3204861198455801,13
99193,0.9943665557048711,-0.3181188349845507,3
99204,1.0355961549654267,-1.0181541354127435,3
99222,0.6297330202422474,0.6993915000468154,3
99227,0.642962872984598,-0.3550610526730325,3
99246,0.6141828585710299,-0.8394026050383261,3
99252,1.8622238256496957,-1.0631144223995892,3
99277,2.404464941996305,-0.7473831441905775,3
99281,0.9390225476244237,0.5475140765607648,28
99298,1.802194448743609,1.3695895876718098,3
99313,1.2911137696202868,1.4801607774712902,16
99314,2.3191682649988117,1.8789489685965497,20
99347,2.3085698854683656,1.6473019189552136,24
99368,0.35225288197985694,-0.10809469560091213,3
99400,0.43326903034068676,0.11306805328826565,3
99434,0.27405108691963564,-0.5259890281081306,3
99508,0.5619483525374855,0.4827178036361101,28
99523,5.552250739966752,4.801365511719166,22
99616,0.2352304652422221,0.18736090133713434,3
99623,0.43326903034068676,0.11306805328826565,3
99630,5.421824515891093,2.4333366234242324,9
99635,0.5955344102540097,-0.6511091808153165,3
99644,0.3670605845241769,-0.3002835888948393,3
99650,2.8301103990428507,-5.567653201415889,29
99668,0.58393635275766,-0.06456440223056925,3
99714,0.30210087765803095,0.16131038073376155,3
99720,4.545942348872839,-1.8609011881139572,3
99738,1.0941689731775335,1.1177071433393713,26
99765,0.3341960868444237,0.08088099581424428,3
99792,0.5074082461864566,0.05528243956084408,3
99832,0.8465613589775259,-0.19105553013421264,3
99946,1.2531989415609792,0.007066733585189999,6
99955,5.915570514332168,2.3061898898732465,0
99963,1.1421932891852837,-1.1216351782489937,5
99980,0.2822765582906665,0.2248330816045612,3
99996,1.9858974428290959,-0.7253253173998667,22
99997,2.3534642253925973,3.202203391016728,30
100004,2.7353313590905897,-1.9866230528265068,3
100009,4.100776605834383,-1.5942129314690807,13
100010,0.5357736474770852,-0.14810434103821749,3
100035,0.9516715237124158,-2.000317716411727,3
100038,0.36641733065155996,0.02285416265500732,3
100053,1.839881329972201,1.6168524630753665,3
100066,0.5174216328226541,0.7243022705014032,3
100088,5.9448920920323465,-0.8051719040732948,1
100098,0.29652070094604877,0.2795367104346262,3
100115,3.4087763975555228,3.7234328948599558,30
100121,0.3778022865782271,0.3418472923488796,3
100164,0.2640669672866773,0.2418160005081991,8
100197,1.0927737853438746,1.2782469046648166,3
100217,0.43326903034068676,0.11306805328826565,3
100223,0.7182301297996894,0.7774144273208845,22
100227,5.889848720707565,3.572589947490515,1
100251,0.46677028794080727,-0.5405364947084887,3
100256,1.5516066149359147,0.11808377867187204,3
100261,0.2940582121107126,-0.5643889062212879,3
100264,7.870345872184449,-1.459956309862744,27
100266,1.1027317859933814,-0.4490132517618753,3
100294,1.2590240118570382,0.7591924439504296,0
100393,1.3273691589880232,0.2050261845570383,3
100427,0.4022689034314913,0.4038877379813153,3
100448,0.6321677883753113,0.7010282728395815,28
100452,0.09867867762757311,0.025751681285959366,3
100454,0.26675068341224123,-0.16389845009198392,3
100459,30.58275610916407,2.182856294756101,21
100460,0.3991846847068429,0.38752596455258603,3
100471,4.286237904244458,2.6622437074473138,3
100497,0.6099915906129245,-0.09097167085985647,3
100506,1.3491603461561181,0.7944269603764634,3
100517,0.5667597182180226,0.6294523500421338,3
100546,1.1333223161210804,0.8511689509922296,3
100568,1.2290167038500808,-1.8040798579986912,3
100578,1.6942108832233038,1.8194976805963052,3
100590,0.27982471357065214,0.2599713918158438,3
100594,0.8038167307667566,-0.0980940255233947,3
100644,6.805744309090756,0.36900182176431967,1
100648,2.605149320804117,1.1275119944214955,28
100658,1.1726647119267362,0.9721251167300669,3
100668,0.2940582121107126,-0.5643889062212879,3
100694,1.416680408309761,-1.1849377090143842,5
100756,0.9704434472315859,-0.9244177504645952,3
100783,0.35225288197985694,-0.10809469560091213,3
100815,2.49402885062173,1.1146394529080106,0
100822,1.5842772632128737,-1.370345942964246,3
100832,1.5400106726632445,1.57651778848929,13
100846,21.103324174211856,0.6782476459863594,21
100887,0.7231228256064947,-0.7811593241794842,3
100903,0.7186525052807906,0.010412526189251876,17
100906,8.579128109119974,1.9248207304757727,12
100984,0.8412240146417644,0.10999549914602079,3
101010,0.3725880311641917,-0.3590837700806949,3
101035,0.5037864161937979,0.5595132000374523,3
101041,0.8969455964556012,-0.8667368578002149,3
101081,1.2347868233988828,1.3450388174978238,16
101091,0.49798909208658143,0.536207785070034,3
101126,0.8837329167780259,-0.0706567223854404,3
101141,0.6461950501948107,0.3892241874310263,3
101154,1.0683659471262386,1.2496963994553278,3
101172,0.43326903034068676,0.11306805328826565,3
101196,1.2001884068814075,0.6928832027360441,3
101209,6.745891265392269,-4.913710103654357,3
101242,1.1837764229277474,0.4574472618459437,3
101299,0.40033937515232726,-0.19548405394577836,3
101304,1.5383234312223415,1.1146824650590508,1
101305,7.976894820255961,3.8105466581628646,1
101336,1.9784715947561893,0.3568280090365491,3
101369,0.3879088961279532,-0.37340119048244963,3
101381,0.3796104472521722,-0.49205106862718145,3
101422,1.2473207363183976,0.3592651213960882,3
101475,1.0941489242023825,0.9807216166748317,3
101505,0.4806043565304638,0.4252260399864847,3
101513,0.25458583947186303,0.23313377708569727,8
101550,1.3668096062223014,-0.9680049361287119,3
101559,0.643898786063652,0.663754850489989,18
101566,0.35630694328141543,-0.10933875219989961,3
101606,5.458270972300284,-0.2024815165160704,20
101620,8.296520300172725,-6.669830914577199,27
101624,0.6156968837523753,-0.02361511505865699,3
101632,0.7406593139871607,0.25306805771017266,3
101666,0.43326903034068676,0.11306805328826565,3
101681,0.46882724561525774,-0.23690575530897579,3
101696,1.5572273797048852,0.2279894317171662,3
101731,2.5810663401311515,0.14134297354277942,0
101739,0.24343884465581367,-0.1237570155986258,3
101741,0.933426537239012,-1.3095174961936187,3
101744,1.7875107837846775,-3.0641341031834592,3
101824,0.40979438775570054,-0.23271480764425262,3
101835,0.5899474816095137,-0.14161047441297425,3
101851,6.58870441269809,-3.122332791078636,6
101874,1.2337486675191807,-1.1743923921027941,3
101876,25.5305235469505,-1.416733588417285,21
101882,2.897612124289693,0.5473263656503581,0
101900,0.43326903034068676,0.11306805328826565,3
101901,0.6894990994516152,-1.3227377808395056,3
101963,1.0347007706965838,0.5259588654458798,3
101978,0.5580088730210141,-0.4410284566279801,3
102019,0.7052840601878976,-0.6265685049284715,3
102029,0.3556360860398164,0.3204861198455801,13
102032,1.6235120753317227,1.2854088123466776,28
102034,0.9571629086782598,-0.0701883102726881,6
102110,1.3372652926098707,-1.6026827822923155,3
102117,1.8159510981735556,-0.708894349802279,3
102129,0.8868950659354147,-0.9580756211687271,3
102164,2.323980729423601,-0.7001609619390307,3
102189,0.4504157283316166,-0.1789768506931075,3
102196,0.43326903034068676,0.11306805328826565,3
102220,2.9672524601411063,-4.216134711282346,11
102232,0.9237190437535039,0.38459724846293597,3
102262,0.5229348596298673,0.1279940364067372,3
102275,9.3920984116021,-3.274300578678683,27
102322,0.43326903034068676,0.11306805328826565,3
102335,1.2206823433221934,-0.5231648814417948,17
102341,0.8563384388969788,0.43324485424637627,3
102399,1.0161004892939591,0.618220912633613,3
102411,1.4470218041268974,-0.9175483078468942,3
102430,0.6224502181345379,0.3819458519324416,3
102555,1.579774810629232,0.8621376525295772,3
102564,1.5779903763980134,-0.44533806825420746,16
102571,1.2767259666401825,-0.06189430030190161,3
102642,0.6259623153912472,0.5801034455760975,28
102647,19.96940141624361,-23.21973879032302,23
102668,0.9561876082661298,0.6691903908679981,3
102676,1.6022743812895237,2.495907514788975,30
102702,7.394113421894993,-9.477741225162143,29
102705,8.734994366185624,5.532757277889533,1
102719,0.6685074291478196,0.1260251223563859,3
102733,1.962025524357745,1.1080005325115585,3
102743,0.47606160214221754,0.5064350895984376,3
102813,0.7518685694499336,-1.1459804913302265,5
102842,0.6910275261000794,0.43721120393564045,3
102891,1.213972466425373,-0.6236733754833408,3
102921,0.9149919590390618,-0.4425050461997047,3
102939,0.32367278020782475,0.27309608846279193,3
102945,1.4831671409483915,-0.1456397088874037,18
102958,0.5696307367239399,0.37257703864285063,3
102967,51.90253025874979,-19.637375551799224,10
103024,2.4204717991279336,-3.042574949906077,29
103041,1.6022743812895237,2.495907514788975,30
103057,0.5639522971710826,-0.39323246911712617,3
103067,0.3527562441123416,-0.39655489357432405,3
103144,0.6148687584021343,-0.9253973776640224,3
103190,0.9306342657793089,-0.5662553577941039,3
103251,0.3247242619180553,0.17258141989018697,3
103277,0.3946575969431148,0.10159746679248706,3
103281,1.1656543318911479,-0.5534246529440814,3
103304,3.2310536462302144,-1.0944728808316861,3
103315,3.6671694346328882,-1.8172183294005926,1
103336,17.0564225274933,9.863108469571522,21
103377,0.4060125789251457,-0.20358655481867682,3
103410,0.4495586820299884,0.3861742429088881,28
103412,0.8668929007996505,-1.7980657839324137,29
103416,0.6367604525804901,-0.9940728912369476,3
103467,0.4184459637383465,-0.08730926031809959,3
103496,1.200117993151571,-0.9223419035372428,3
103537,0.7400116018554432,0.3743919506865197,3
103541,1.5845589631869959,-0.5224649891124922,3
103577,0.7529098375438348,-0.3798697258552168,3
103579,0.49210908952739174,-0.6446208174977749,3
103624,0.7182301297996894,0.7774144273208845,22
103656,0.5241877698270302,-0.07266246564252289,12
103665,0.7757417229900122,0.011239689484659735,17
103668,2.6448124543457223,-5.028376827768851,29
103679,0.8563384388969788,0.43324485424637627,3
103811,3.896063519334484,4.304662666310483,30
103828,0.8887903732832001,0.3071928577543194,3
103871,2.6878504505943,2.6268664262405075,1
103922,0.2834378025722289,-0.010891947669131255,3
103930,0.4984754045139399,0.06806825678340489,3
103935,0.6140238235537815,-0.04094504266898162,3
103955,0.9831207030086794,0.5928225372878551,0
104044,1.1839368024873114,0.3513054401964983,3
104051,1.8417460849322247,0.22945189507166103,3
104053,0.5354823616066636,0.5296026259268173,3
104058,4.426623468943017,2.5269694171760895,22
104072,1.1748180852318975,1.0288813656290214,26
104113,13.42539460497809,5.864495636120767,6
104123,1.2297218687328717,0.8949529633381242,3
104125,0.7326238665788257,0.41544082079856737,3
104141,0.387729666765326,0.08139668534774858,3
104144,2.1443656476915796,-2.0726075749498674,3
104165,1.0516540569241264,-0.10518848771418927,16
104211,7.409003363329313,-6.051863824840383,27
104240,2.089776654481687,1.377572527924836,3
104243,1.3333654590623163,0.21933123415646147,3
104268,2.7931234741152267,3.23170654933361,30
104311,0.7742518960637929,-0.1470573876211928,3
104334,1.0992584458061052,0.6355069853161921,18
104337,0.37741951977531296,0.27383663882703946,3
104340,0.345270479491126,0.2750076958609463,3
104362,2.005413579101072,0.8475879686481045,0
104399,2.1585390804841103,-2.0935993270935156,3
104413,1.3419173857280582,1.4378069017503603,18
104422,3.0401572548777955,1.9050292276615628,3
104429,12.402809414198373,-2.0505966779727802,29
104437,0.8500477240293911,-0.25111549817433726,3
104439,0.4758358461592514,0.5395679520034816,3
104447,0.24382256488638396,-0.05087387532408689,3
104468,0.44398221541314953,0.04837213461573857,3
104469,0.5147220537672779,-0.25133664078742934,3
104505,0.7380812611502026,0.5535566989338689,20
104532,0.3645774637099172,0.3285437595172857,13
104562,0.6730509581043838,-0.8430825927484166,3
104636,32.77710009214892,-20.86353792317913,23
104654,1.1049113391702328,0.06457147729808427,3
104657,8.090100661860369,1.7805892895197921,26
104665,26.29756515189227,-13.348952134838845,23
104759,1.4638505637320447,-0.5552987109431111,3
104796,0.473601728504529,-0.3799038891206546,3
104808,0.7182301297996894,0.7774144273208845,22
104812,4.072195976409903,2.9198237325208156,12
104880,4.138143188963661,0.14418706740047235,30
104939,1.7990440956080183,0.1395726100202188,3
105012,1.5323726235408244,0.2297014603431663,3
105028,10.369443704038616,-9.475230662811132,25
105054,7.581465129181774,-1.0152290649906803,6
105058,3.774354312034998,-2.6478727064420053,5
105076,1.1145010450407546,0.16547268844084198,3
105079,0.6244801611032841,-0.1748233934030036,3
105101,0.9737627405667415,0.1500503742618686,3
105108,4.4246099868096405,2.4933225100895604,3
105114,1.1618793712532147,0.9189176449997989,20
105124,1.4475817379340878,-2.7745035164994882,3
105137,2.5283636746936997,1.7884416748957284,18
105160,1.4366404796752898,0.8930733151185666,0
105214,1.1720731021633466,0.08375740330204508,3
105221,2.035573312883651,-0.6399168798371441,3
105263,2.2635888262550896,-1.1499146857797118,3
105295,0.43326903034068676,0.11306805328826565,3
105313,0.6455214515169931,-0.31399445613634,3
105317,2.591082979369448,0.6310815562887916,3
105332,0.27475811193912375,-0.231360429332066,3
105335,0.2859566965373766,-0.1396314671041274,3
105358,0.235772174946484,-0.05659454542709576,3
105360,1.7890226946142598,1.151332407629863,0
105374,8.57998912857007,-0.28848570205657265,13
105381,1.195220286112446,-0.5699561167962494,3
105382,0.8033517779772913,-0.8052173958874074,3
105476,0.6538126894237212,-0.3102236263777003,3
105503,0.8668929007996505,-1.7980657839324137,29
105517,13.02030676589593,-3.5988877655465847,25
105536,2.2071125747042353,-0.2640881134149818,6
105572,0.505753517283737,0.4344460232724991,28
105599,0.7331179940107083,0.5907937594590772,3
105627,2.9176425778068587,-1.544554826389697,3
105649,1.12543806497845,0.6524558533781422,22
105672,1.0076265497250934,-1.0575829998366155,3
105718,1.6022743812895237,2.495907514788975,30
105745,1.6138085761838559,0.8215355300627326,22
105746,0.9765384684324893,0.09828404818182311,3
105769,0.8087249156886348,-0.9674672553314316,3
105771,0.41242666926199617,-0.5396769661927506,3
105795,0.43326903034068676,0.11306805328826565,3
105869,0.7284720043493311,-0.3341958373569298,3
105881,1.052780086361974,-0.22413261747281488,3
105904,0.7796174793337093,-1.1607034317152385,11
105917,1.7772715075939687,1.5213468769728333,3
105937,15.33208125381025,3.655812110270942,21
105968,0.29603603288271935,0.0772550438578781,3
105979,48.11762942915815,6.093685555880231,2
105987,1.834921021954558,0.5330749156656414,3
106007,5.252540747235734,-0.10870034861533884,13
106078,0.8681395100243977,0.16365919539997453,3
106114,2.182468864269253,0.6391788542389291,20
106131,2.5292926235001043,2.5056594810148503,18
106208,4.617741847297405,0.0874224908062301,3
106225,50.953932427562236,-1.6372486950105978,10
106230,3.5728900711247484,-5.50809621034213,11
106236,0.7849996126395671,-0.6493445377679368,3
106273,6.73770808471679,-7.1431908646065505,29
106280,2.407218034418656,0.4659412255778145,3
106282,1.1721327098766818,-2.0034741665053954,29
106294,0.9122279120889731,-0.591279090541138,3
106295,0.7231228256064947,-0.7811593241794842,3
106302,2.205200511811786,1.0938456375338543,1
106331,0.9372759293691098,0.876118351505725,24
106356,1.359891311975768,1.5183722434748017,3
106369,1.2248154188040459,-0.7482746681762227,3
106388,1.9201799113431364,-0.7612669473988747,17
106406,0.7838948015931799,0.7316287485276818,8
106417,1.416226239568857,0.6090998600915701,3
106437,0.8041342321320312,-0.18310849892126566,3
106553,1.5899206880872028,0.5987971293643494,3
106583,1.0238155932467219,0.15365629269633402,3
106614,1.4963030164918103,1.0929441761183,18
106682,0.41167103043167236,0.041319972191232145,3
106725,4.506413707561944,-1.01344714840707,27
106751,0.4966038747221635,0.3041592038790471,3
106768,1.265967327182196,-0.8293944878828752,3
106803,0.4258465267462017,-0.21353187502533633,3
106816,5.169618862826028,-2.849914611919827,0
106820,0.39943617921699914,0.18054599807385116,3
106821,0.7055572848454623,0.1009103292232208,3
106845,0.7061262670868352,0.34448521278066147,3
106846,1.94065020244056,1.0900219767920445,30
106848,0.5357736474770852,-0.14810434103821749,3
106849,2.0579401684698495,-1.9067121890930836,3
106862,0.7685522943165445,0.4873536267359229,3
106874,2.3691757609858337,3.090579714641215,30
106893,0.32010082009468943,-0.1966781401103807,3
106895,1.9475510186118157,1.0696682737348575,8
106936,1.3052111506082282,-0.7524749729793363,3
106946,2.312241156191823,0.8128867791168994,6
106950,0.5006070486872054,-0.6557524171719907,3
107021,10.70046300802615,2.165003431378152,27
107026,0.6165381305587602,0.700696657794009,3
107042,0.43326903034068676,0.11306805328826565,3
107073,2.530281838147753,2.014757053715455,24
107099,0.30733319104818424,0.2621746595726452,3
107103,1.4475469758764936,1.2810348291366003,3
107109,0.7655595476124664,-1.3713896066561047,3
107208,1.4044011206104665,0.6856440870910343,3
107234,0.41398397243006413,0.30036596836857526,3
107244,12.340009895963933,-18.844348996374503,25
107258,2.8619046358386617,3.3922409397128184,30
107270,0.969042677817772,-0.03503628774995183,3
107288,1.9096210108150582,1.0318764804667717,3
107301,10.237536893630917,1.5892659515015957,20
107324,3.9052370085626262,3.0984859343358937,18
107326,4.911640325913291,4.163136421374896,12
107376,0.9002412224127561,-0.7670571518591002,3
107382,0.2734330977824379,0.24640781963796426,13
107383,2.1260696139871014,-0.10475895193659968,6
107384,0.9002412224127561,-0.7670571518591002,3
107426,0.7261322131531341,-0.8408867730725968,3
107431,5.486829401995114,1.8231467670875967,1
107453,3.02580988241633,-2.721850130262168,3
107456,1.0571924819486656,-0.2726744839451079,3
107510,1.0852060578460685,-0.5575201612148203,3
107523,1.4541220039068168,-1.1697930501027767,3
107540,1.1165416619535213,-0.6863697677906674,3
107581,1.2184560432900007,1.1878904122027882,1
107594,2.6202299687201105,1.5607410512893543,0
107616,0.3572015961025544,-0.19725614037390693,3
107645,0.43326903034068676,0.11306805328826565,3
107649,0.9831207030086794,0.5928225372878551,0
107718,0.6045832456882816,0.2979852690057203,3
107784,21.792917184050786,-13.860411239795878,25
107795,0.24605848913344072,0.26209510152473975,3
107850,0.511328053725901,0.02156237779976558,3
107889,0.17388488903986693,-0.08839786828473271,3
107921,1.10926781859893,0.025503012853540678,3
107951,4.373929332310974,-0.9573960931757355,9
107957,0.4146668231416959,0.3122829243246661,3
107960,1.9979727955201871,-0.0994849425322344,3
107972,1.0230229943143092,0.18817448196906167,3
107984,0.3556360860398164,0.3204861198455801,13
108005,19.5987906828387,8.34495086077643,21
108130,1.2202340819544815,0.43419042306308486,3
108143,2.4281856537418913,-3.995582150172389,11
108155,6.549909126018194,3.6867163301181507,16
108158,2.1981351745331343,3.198205328792653,30
108182,0.4380641335885719,-0.43141472759413824,3
108197,0.19096919248252783,0.046217711893853874,3
108207,1.0311873969873124,-0.8577642469976369,3
108213,0.676788422984143,-0.07483082661352194,3
108243,1.4514502860567886,-0.6675560788868173,3
108267,0.27668192023041893,0.28653862184717377,3
108271,0.4021989468772218,0.21315564927788297,3
108275,0.4384820171005093,-0.522288212271685,3
108285,12.628944176474524,-16.61776789270324,25
108306,0.3089775554283389,-0.49297034255429595,3
108336,0.3300837091083466,0.3022700006352489,8
108352,6.76402615552919,2.5445631769557107,26
108379,1.6022743812895237,2.495907514788975,30
108392,6.226660326703705,-0.26676385378639966,28
108405,3.918545979795729,2.046221727751679,30
108416,0.8988902522498222,-1.7244345908861183,3
108481,0.2814943365719592,-0.21669622676401876,3
108485,8.936975165551706,-0.8551973234944071,29
108535,6.264285390899526,5.505303072305862,16
108622,0.8563384388969788,0.43324485424637627,3
108685,0.8563384388969788,0.43324485424637627,3
108687,0.43326903034068676,0.11306805328826565,3
108700,2.3419024432049036,-2.362200295137573,3
108741,0.855332196743305,-1.0234381406145299,3
108747,0.47026818727253017,-0.6072542972522197,3
108752,5.159281056355111,-2.142141411817952,26
108753,2.1437301504938775,-2.6841272040993966,3
108759,1.7031305523563187,0.8593273927377726,3
108763,1.543039002170085,-2.0815098966080505,29
108773,0.4209318325742367,0.4532366856960392,3
108789,0.8589445270823531,0.5383246903873012,3
108799,2.0091895882741357,-0.4079327129294013,3
108800,3.1086903730838533,-6.441718779961485,26
108827,1.2130555681171369,0.19164853948654767,3
108860,0.4115489514643985,-0.4626473758367114,3
108914,1.4366404796752898,0.8930733151185666,0
108950,9.52356985033587,8.222256459553648,30
108997,1.0072192094856305,0.6073539551603437,0
109013,9.003968260627282,3.7819717352063367,30
109014,0.28377215881598405,-0.41787990324914903,3
109033,2.18397467415381,0.20901412236818084,1
109049,0.8453585006216003,0.32416285648916215,3
109072,1.1024359756478415,0.0937739755873618,28
109082,0.5278117707834178,0.2531567760992059,3
109084,0.8914595462401683,0.6500278753368763,3
109103,2.440928397979185,1.6293583688680584,1
109107,1.887460228391912,1.2272519103038984,3
109115,1.4968551437661874,0.4820409776709955,3
109122,1.3354574339077983,1.5621204993191597,3
109126,0.8762525464108488,-0.10476906973626246,3
109135,2.165799309487639,1.828210905659184,22
109146,0.46697219207206925,-0.8801252051473658,3
109197,1.065388641537104,-0.16831579755750203,3
109276,0.577044844138874,0.40805365589719567,3
109287,0.5871835283436518,0.5457716838069899,3
109333,0.9136280784604505,-0.2733425593067551,3
109335,1.0927737853438746,1.2782469046648166,3
109344,0.8616869025823617,-0.7771184800035283,3
109349,1.2458041533348745,-0.40372498863499473,3
109357,0.9809695673595389,0.8860958667944221,3
109388,1.196552857994233,-0.8152942081072279,3
109403,0.8668929007996505,-1.7980657839324137,29
109416,0.9437000483204948,-1.983562477807763,3
109427,0.43326903034068676,0.11306805328826565,3
109461,2.442090422559804,-0.04869821787602611,12
109491,2.148168897146348,-1.9627184417327117,3
109502,1.9477597379069498,2.162018925673206,3
109516,0.4022689034314913,0.4038877379813153,3
109518,0.6156968837523753,-0.02361511505865699,3
109540,0.5354823616066636,0.5296026259268173,3
109562,0.48013683745849645,-0.4118265163330009,3
109574,8.326308428058784,0.7094610194003989,20
109591,0.6907507433930118,0.18026176900171556,3
109605,0.8320922419516485,-0.20984164820189788,3
109649,2.127735833000969,1.7222435215249596,3
109700,2.9471632263045424,0.5669925106500797,1
109702,1.4103610290809614,-0.009887278930420629,3
109727,1.5681124660511094,-3.2252579883161077,26
109741,0.27405108691963564,-0.5259890281081306,3
109779,2.505526507733797,-1.9020320966412696,5
109783,0.7268134395862234,0.5913639818397891,13
109808,2.1825419150020893,3.140104451753995,30
109864,4.503407361138054,2.7525914723943865,1
109899,1.9159479955181653,-1.5643038713931203,3
109901,3.0611204892292094,1.070064602560998,16
109903,0.44921718788991954,0.4234871109261581,3
109921,0.34776977807973386,-0.17679573656946543,3
109955,0.8426756479575769,0.19788857854478414,3
109971,0.7518685694499336,-1.1459804913302265,5
110019,1.3068706618823918,-0.10748998220518564,3
110029,8.953496572539908,-2.5388802528177217,28
110031,0.5764394610020009,-0.867560041560021,3
110040,1.9154109481747517,-0.11095464089658419,3
110069,1.070630464176468,-2.2503574309631933,3
110076,4.030143172754293,-3.642809961356165,29
110093,0.7331179940107083,0.5907937594590772,3
110110,1.1104526005454132,-0.08656634477875184,3
110112,0.7576680494611225,-0.1048745500006415,3
110165,4.237299847651271,2.3133315603716538,20
110208,1.2716652293692168,-1.658794726042222,3
110214,2.84041001324463,-5.197639863707302,29
110227,0.37338961186864866,-0.15402472931787986,3
110265,1.0076475671962861,-0.20090884390355196,3
110266,1.1648600125611568,-0.28327389573457545,17
110267,1.8650559585117703,1.581054712439896,22
110308,0.44355473592136535,0.17151302134865193,3
110309,0.43326903034068676,0.11306805328826565,3
110349,0.8175014025063377,-0.059946997075666954,6
110359,0.9831207030086794,0.5928225372878551,0
110361,1.2462555080854554,0.9183029050077837,28
110373,8.953295441497485,-5.565804887397532,17
110382,2.3028504353554,0.7178579566414779,3
110406,0.8668929007996505,-1.7980657839324137,29
110440,6.343587296383347,1.051953830220898,22
110483,1.8776474535828327,-0.5106375416128052,18
110493,0.40033937515232726,-0.19548405394577836,3
110558,1.568834155633731,0.4814325682347358,1
110564,1.2652798270177845,0.6271847949293339,3
110575,0.3728389765094383,-0.014327455915547477,3
110599,0.30120443588456497,0.16083171491556048,3
110608,0.4388806167954911,-0.09157297558335639,3
110609,0.9456763111722557,-0.21726821061052196,3
110661,1.5422903848134746,-1.428996927992855,3
110700,2.5810398674964863,-3.9437061552379253,5
110746,4.033748975810594,0.24612348277885304,3
110771,0.40924802730517823,-0.7038235487863496,3
110817,0.6204609774794722,0.6880462677869966,28
110853,1.159401243493821,-0.7278187197843312,3
110886,0.8299791881469211,-0.5292446655900594,3
110887,1.3543005982623046,0.6072801740410713,3
110890,1.3650828845727645,-1.334108012466174,3
110912,40.52974524001337,16.07713753417628,19
110934,16.682812640887285,-0.20803026499684119,27
110973,42.989825169021614,-4.946708243669492,4
110990,0.4258465267462017,-0.21353187502533633,3
110993,0.8890557219809925,-0.8419149093956964,3
111027,0.5074082461864566,0.05528243956084408,3
111032,0.4816371858266568,0.5349139127944263,3
111035,2.2802597317244615,1.0663456682759136,20
111045,0.7406593139871607,0.25306805771017266,3
111054,0.8044156160268845,-1.54319407764609,3
111133,1.373312046103156,0.8371797633857351,3
111136,1.2019116905170184,1.4059084493872438,3
111166,0.6815344333852192,-0.026140320806466093,3
111174,10.164015660236862,1.9960282378719447,0
111190,3.8537872546754457,1.416247188655663,3
111199,2.014152097451565,2.798236670204977,18
111228,2.962818861127232,-1.4195036450019747,6
111241,3.561111354391223,-1.6760775884797883,11
111245,0.7904041134173558,-0.06319484422697799,3
111261,5.707063380703674,1.0325283942166024,1
111269,1.2573880246409002,0.5415206321597854,3
111286,3.0109195893361167,2.638357515963383,24
111310,0.48177260986210146,-0.0018150830359289628,3
111362,1.6207112676377524,0.9328316062512023,3
111390,0.6258795856587406,0.07833586976521827,3
111433,0.5920720657654387,0.1545100877157562,3
111444,0.804767266097343,0.4090791175690176,3
111536,0.5444044473675423,0.2563785307712321,3
111578,8.599046614325717,5.515065885989946,1
111607,0.863948970831244,0.5414611160198544,3
111634,0.713608726108974,-0.20785195834131756,3
111637,1.8508372430425009,1.192016091294631,18
111657,1.13867623512782,-0.12144120811827913,3
111704,1.022285466640807,0.1880381254942221,3
111731,2.393625377823613,-1.2140866748989263,3
111733,1.4526209889976398,-1.3765942043189865,3
111747,0.43326903034068676,0.11306805328826565,3
111749,2.4461586928439254,0.08311132541936572,6
111807,1.1837764229277474,0.4574472618459437,3
111847,3.602186649558023,0.04738529172392663,1
111888,0.8332417282355558,0.2847015649239442,3
111944,1.0423835370304322,-0.3525215159651615,3
111947,11.634350087235518,-8.9617773134111,25
111954,0.4114069264406411,0.24959819245470194,3
112001,22.229949661702317,-4.427893815123921,25
112026,34.42250318545659,8.738437692115662,19
112083,9.76545350685561,2.887144554211619,13
112088,1.6845510399768648,0.9496380794621853,18
112093,2.7714482061535963,-2.5655841263314954,22
112148,0.7003505032176194,0.5643876021530994,3
112169,1.4524745699195876,-2.2251582047769283,3
112173,0.47889717799358833,-0.7299238798281698,5
112223,0.7025401812411946,-0.19667631757837906,3
112240,2.5726922568794155,0.5651327222538485,3
112247,0.5764394610020009,-0.867560041560021,3
112280,1.2035201707985126,-0.36462054119481385,3
112298,1.5063155828045645,0.567614517820117,22
112401,1.0862379638573256,0.4783645396071877,3
112402,0.2575705927005929,0.21732294363588373,3
112408,3.414625328056956,1.6760511237453122,1
112477,0.3057139105488062,0.2627439201015824,3
112502,0.6165381305587602,0.700696657794009,3
112507,0.470479798260753,0.1984160492430161,3
112512,2.097287873810552,0.9883060824478879,3
112541,3.1004110897523014,1.6951315058773178,3
112544,2.686628083096613,-2.569608623306707,16
112559,4.866318494679009,2.021345612017642,3
112580,0.6685074291478196,0.1260251223563859,3
112590,0.4892315260844249,-0.4196272798690277,3
112598,3.4004373943476778,0.18203860750950518,20
112614,0.7969248696077322,0.2722928410997576,3
112672,1.1343995166987952,1.2279236118480394,28
112765,12.772152163755756,1.7772799729795,13
112818,3.2958098985674287,0.7383205220701853,12
112845,0.2555743028265601,-0.26880524566418473,3
112881,22.30248819339814,1.045991035293093,21
112914,0.9861114353094917,0.3988189762172105,3
112931,0.4060628163440178,-0.23059571585279,3
112953,0.4234148374359998,0.3372496224068418,3
112972,2.218812511848284,3.1966041725829837,30
112976,2.652949731752524,0.9917219471842925,3
112977,1.939884048111853,2.5070588583578384,30
113030,2.913708620524716,3.290321832144986,30
113039,0.525132892355438,0.5097956871210644,3
113121,1.9491178938946456,0.007023909771276472,3
113148,0.5955631804402978,-0.5509597272211421,3
113155,0.9571629086782598,-0.0701883102726881,6
113217,1.4390881478255346,0.8693991223992775,3
113241,0.7620753669704694,0.4636656844752097,3
113259,0.11860828037841951,0.11181468417385047,3
113270,32.13163626770204,18.275286528949394,19
113279,1.8281875010470874,-1.256965209192243,3
113292,1.2614862697963953,-0.2516368089350784,8
113328,2.2219758158224963,-1.839769740566212,3
113334,3.2889988236295156,0.18973679070065588,3
113340,0.81117684306175,-0.15333665183850473,3
113364,2.2329886808228467,1.122884699508538,3
113380,1.275620947391921,-0.7590214573064614,3
113383,0.9497675088688695,0.624939934166,3
113435,2.166614165296488,0.6310010935286701,3
113467,2.1469412231899696,-3.4363970454749704,29
113519,49.3685159606119,17.42057187439992,31
113528,0.806516414687736,0.34740344744020735,3
113531,1.6358194508537502,-1.0448921103015714,3
113568,0.36641733065155996,0.02285416265500732,3
113605,0.4876451297727679,-0.10174775064817378,3
113618,1.2442784554237991,0.8996665734146362,20
113624,0.2972572358796628,0.18646170398543552,3
113630,0.7883511697203686,-0.8516227743722019,3
113657,1.4641335970732927,0.502639178752351,3
113661,0.48177260986210146,-0.0018150830359289628,3
113663,0.9115737513174743,-1.353781278675329,11
113680,2.6318297928250445,1.8999489340139613,30
113752,1.2733199225512766,-0.5421192153046656,3
113804,1.1502215937333338,-0.3547858772272916,3
113817,3.371161792801282,2.206168224695874,13
113821,0.36423600217466556,-0.1670979186784649,3
113902,1.5289729932675178,-1.8210900831588857,3
113904,10.681893928776,1.2034208229880725,17
113913,1.3728022194868135,-0.7989868162689171,11
113944,0.6654485158306209,-0.5548305280596698,3
113955,0.485377732086988,-0.4541374600419686,3
113983,3.386594703255501,-1.387939890219736,3
113989,1.5660037844433292,2.4394077939599863,30
114007,1.1638617705898815,-0.45377716107063926,3
114016,0.35923318005644683,-0.2839238991167254,3
114018,2.3252349914854986,-2.9138679770953395,26
114066,0.6467770410283176,0.905377838126754,3
114075,1.8581515496856296,0.5772507890522537,3
114085,1.0795188774897093,-0.558269850741158,3
114089,0.4060125789251457,-0.20358655481867682,3
114143,2.9286444636273936,0.10673168329831992,3
114146,0.6069862332126865,-0.3118366877416704,3
114178,2.636045849726274,0.6245363117617747,28
114185,1.5391230131787956,-2.679635295941985,3
114200,0.6951994997137625,-1.1091832707471658,3
114203,0.47745544703482934,0.485098780246944,24
114216,3.5321232394888384,-1.945518144846403,3
114217,3.445741547411137,-1.8643253752630755,6
114258,1.5463659007266344,0.4160329045363553,3
114265,0.8309498688465027,-0.9888049322626536,3
114279,0.7198484942201484,0.7791661497799222,22
114304,0.6316229421271532,-0.3199143632652188,3
114306,1.490462687791923,0.5254337769892802,3
114368,5.684854417980879,-3.4521118468473064,17
114378,1.5177033627262075,-0.022950226621721005,3
114379,0.1143401137698695,0.12035197582591078,3
114413,0.13997929513208435,-0.14317949500097144,3
114414,27.07172009011571,-9.330482830657079,23
114434,1.6344426407849644,-0.6437291600478794,3
114444,19.536769942507824,-3.4065355397952497,25
114446,7.201500076063058,0.16213788980928456,30
114452,0.7904041134173558,-0.06319484422697799,3
114498,3.404754066133158,-0.22832269846287326,1
114544,19.630722888161188,8.396848120367808,21
114565,1.7360263714306827,1.0416534764998533,3
114581,7.087125536882391,0.44389070158080896,17
114592,0.8095490409568485,0.7141952375945233,3
114597,2.002057577538057,1.2338232171001158,3
114601,2.092869348757361,-0.0897073611392314,0
114634,1.4147118713449305,-0.4011383459740612,3
114643,0.5111486056531201,-0.5376104913283695,3
114649,0.4120894702809136,0.21109480320089652,3
114655,0.3862219442854236,-0.6162129281928699,3
114695,0.3862219442854236,-0.6162129281928699,3
114698,1.6626693526792993,1.2303371648677877,3
114742,0.6115394076055312,-0.5245340998362846,3
114785,0.4683549574100524,0.35489195382957633,3
114799,0.34567632949901,-0.19323112743456283,3
114802,1.7509908880545482,-3.181466345609814,3
114813,4.363106890959876,3.4955423541965365,13
114865,0.5676533470795285,0.02393757948510981,3
114868,29.015217727844828,6.2655887691443,21
114893,1.704638267252124,-0.25998331649122336,3
114920,1.2381381658717596,0.49860216099923654,3
114983,0.19735735525514622,0.05150336257191873,3
114988,13.906009766216632,10.123514587208073,21
115002,2.849046378250772,1.4740778788279716,1
115003,22.133290052022,12.581148810810966,21
115045,0.425507363254397,-0.6391123807600901,3
115062,0.34451826470818375,0.36649907799886927,3
115120,41.541174183006724,-7.753193862758128,10
115148,0.43326903034068676,0.11306805328826565,3
115150,0.4808655390435247,0.4857537251988733,26
115162,0.4101496466736569,0.3696117294569464,13
115180,2.7381559567582645,-4.8384241092999165,26
115214,0.44406377061498126,0.081134649219999,3
115224,4.383103997315908,3.2675474900253043,20
115234,1.650758821699756,-2.870415082216345,5
115259,0.45208223319804014,-0.5227791807689377,3
115286,0.38008710219692776,0.027908979670317722,3
115392,0.6398219720740158,-0.29352650265211827,3
115410,1.3702533113879132,2.134481819714988,30
115435,9.330456368334852,0.39489537061170676,24
115473,4.82352247064679,2.4625322181573046,20
115488,4.139830906485497,1.6850557005462437,1
115490,31.71647328873284,5.64293532308726,19
115503,1.7120993418663482,-1.661470132259694,3
115536,1.594802245517078,-1.026675967666623,3
115537,5.566939283334423,4.116648798474994,30
115552,3.5876616219750748,-1.0664211944720565,3
115572,7.107636516326786,0.1808004481760509,5
115678,0.4629120712419754,0.15816753606885792,3
115679,2.146026650655149,-1.627229063460564,3
115692,2.3058751053232487,-0.022393685276271235,3
115693,1.2184560432900007,1.1878904122027882,1
115700,3.530705180509412,3.396886241504684,30
115717,0.2760403707063946,-0.282768229262508,3
115724,1.5703008132299776,0.47270578729550855,3
115754,0.5357736474770852,-0.14810434103821749,3
115783,1.7034070337854952,0.00303591838937493,3
115791,0.6258795856587406,0.07833586976521827,3
115804,0.35431542533930965,-0.28985707539154626,3
115833,0.4981742860472194,0.19263321984530413,3
115839,2.501760411665036,-1.1250571742601712,3
115841,1.6752938982448329,-1.6707604221550092,3
115847,0.3688849491339591,0.11259754680461381,3
115904,2.244006807452526,1.3428968835025132,3
115905,0.8988902522498222,-1.7244345908861183,3
115917,0.6342956587332371,0.3209073863027312,3
115934,0.47606160214221754,0.5064350895984376,3
115948,0.6055828707787707,-0.6473751644632864,3
115953,0.8866623555013324,-0.1585692640223829,3
115956,1.2184560432900007,1.1878904122027882,1
115971,0.517717991795176,-0.21338249646594784,3
115973,1.2600514832942016,0.6306382355008577,0
116005,4.038021919309199,-2.459745290106612,5
116063,0.9711779731402985,-0.49893870038667265,3
116070,0.7184663601128937,-0.5678477982334508,3
116090,1.4557596067196887,-1.6865942141818437,3
116123,4.197535111507987,2.435941177275329,3
116153,1.2697446636353669,-0.4948034534776999,17
116160,1.4217625212018332,-0.632417776291127,3
116183,1.282025224964147,1.3712387564710522,8
116210,6.331847768002532,2.04837471235493,30
116220,1.1640447471197364,-0.7759684958402587,3
116223,2.844727846580313,1.4909793370730327,3
116232,0.3525414836999639,-0.4613147804450659,3
116249,1.3377580385538286,-1.4834880323233226,5
116288,0.4458082819117678,0.4409131909629962,3
116294,1.960704121501935,1.4597523670321715,3
116301,1.9429577886193363,-1.3298204537064229,5
116313,0.8457275449776495,0.4278765150703082,3
116391,2.0291065530341204,1.4064051647062035,28
116395,5.190636537505303,3.8914956574570687,3
116428,3.082685014959936,-0.23124420225619424,28
116433,0.8988902522498222,-1.7244345908861183,3
116521,1.7021196658037354,0.9993585062722768,3
116535,1.0847596341780175,0.3129989013860241,3
116537,0.9193321326021537,-1.7636503744526741,3
116549,2.4613775499689066,2.6656862738450195,16
116582,0.8228138528812822,0.4991963849094039,3
116599,4.820289687069175,-2.334621269714432,3
116600,0.6196941046579318,0.3759648135622032,3
116630,1.122898060899677,-1.975438697460941,11
116705,0.6069862332126865,-0.3118366877416704,3
116758,7.073645146161956,5.927456917021754,3
116763,3.472136947816886,-5.137091538391378,3
116816,1.0446978824418627,0.9716354491011496,3
116866,1.6251828579315017,1.3654281604773164,18
116897,0.3209460232624707,0.32223759342027775,3
116904,5.912888623800603,5.417673951829401,30
116931,2.0096471741918855,-0.34572116388980323,12
116972,1.2345981085955304,-0.9576767536709744,3
117091,0.43326903034068676,0.11306805328826565,3
117092,1.083668561645358,-1.7753339105731738,3
117097,0.3321463088995514,-0.39707669972522075,3
117109,1.6022743812895237,2.495907514788975,30
117111,10.832282470259845,-4.287638759445469,17
117115,0.535063024583393,0.33563106717378394,8
117130,0.8095490409568485,0.7141952375945233,3
117131,1.6276189578692835,-1.0920817420321258,6
117132,0.5103265202347488,-0.02688037395081319,3
117162,2.1293204552797342,2.362261415484267,26
117164,1.7178220959571233,2.313188246503405,3
117241,0.5839295732188127,-0.04281928362547639,6
117251,6.613727939485376,5.218583722115178,24
117291,1.1736880752807919,0.033488610452658364,3
117318,2.180305998704896,0.07701477004018267,3
117345,2.527684490322329,1.5540590947306783,20
117364,0.39080828631014786,0.2889723498391283,3
117384,3.8244144655832533,-0.8838537580340212,17
117396,0.7214192077705486,-0.05368284443872007,3
117398,0.37331622816095966,-0.006694955643066583,3
117418,3.9808851150121662,1.089633511514946,20
117450,1.5985987611573207,1.5226619127176864,3
117467,1.842590300570317,-3.7079970686938815,3
117489,1.1457601167318068,-1.2391208120288064,3
117495,1.5513935512651997,1.431455210834879,3
117539,2.5815304622706856,0.9592975709169643,0
117543,0.7030947839440672,0.11984944071895474,3
117553,0.8098559938206276,0.2432533461261393,3
117557,0.8765073143312586,-1.3795240475580546,5
117577,4.679980738619635,1.9753838011486973,17
117581,0.49339338813786554,0.12875840642979683,3
117593,2.9094898109487395,-2.2225165728253775,3
117594,9.57636732159164,-4.454041467826047,25
117652,1.099948186131211,0.4215270114517608,3
117668,0.9514434880998557,0.48136107945409673,3
117683,0.43326903034068676,0.11306805328826565,3
117700,0.505753517283737,0.4344460232724991,28
117751,0.4227742652976265,0.3606532008549074,3
117824,1.474498237025701,-0.2764141111090178,3
117852,7.723498990314944,-6.266484915623445,25
117858,1.0322175788712857,-0.9773629748580168,3
117861,1.5660037844433292,2.4394077939599863,30
117862,0.5917099678938521,0.45786962281174315,3
117873,3.5610714066208353,1.1767454843984022,28
117877,0.2927264081049924,0.30811760134124927,3
117925,1.194412003171923,0.8053144119465806,3
117936,0.4428215875975284,0.17122952875138145,3
118093,1.4143422514057455,1.3506083958769768,3
118101,1.9575047305541615,3.049259742449983,30
118135,0.5398863706651114,0.5843746123349416,22
118193,0.4458605511524963,0.36283137756775735,3
118228,2.958471299192653,2.38661636577918,0
118275,0.8270620887775293,-0.3011114578881822,3
118314,0.6321677883753113,0.7010282728395815,28
118320,0.9860531785456346,-0.13250759248613161,3
118333,1.3276152121654385,-0.5025461839468017,3
118344,0.8284396624121666,-0.374280432373014,3
118372,1.3824555439690591,0.8966083236196499,16
118414,0.4048314921010072,0.13990431590989216,3
118418,1.8284410823877517,-0.13090034331617734,3
118431,0.6529361765261642,0.6072721556882186,3
118434,4.100926106431019,2.6592660768018956,20
118484,2.9555890609665125,-2.683880718404714,5
118489,0.3933638467762398,0.33790246254527706,28
118528,0.9763033706604032,0.18437394104085136,3
118533,1.9974670904352472,-0.9654899300102094,3
118542,0.8108914163461064,-0.18953609661606735,3
118543,1.6278840698251054,-1.9784019046463435,26
118560,0.7184663601128937,-0.5678477982334508,3
118587,1.9885395479507588,-3.767998432795604,3
118628,0.522063123149977,-0.5253255532436235,3
118632,0.28377215881598405,-0.41787990324914903,3
118654,1.1068794287374202,0.7517187227137534,8
118659,2.0314669303501427,1.1022340862646398,30
118677,6.081455647149974,-1.1894739515959403,5
118683,0.6109731347475428,0.07239697154174478,3
118800,1.2040217669805326,0.390325240032067,3
118817,0.43326903034068676,0.11306805328826565,3
118871,0.8987802938565865,0.4251071508892156,8
118881,1.5314315100405482,1.2430777319559148,13
118955,0.9279376036097289,-1.206318315221054,3
119027,0.840924955480877,0.18963893204839397,3
119049,0.42807758532387175,-0.36717386988539924,3
119066,0.8404850067825358,0.8003159202325288,3
119179,1.236548392673648,-0.5397402050160491,24
119282,0.7518685694499336,-1.1459804913302265,5
119326,0.9507985218592887,-1.2855106048526492,3
119342,0.5354823616066636,0.5296026259268173,3
119364,3.3696746252380136,-3.674432153685549,5
119369,0.36641733065155996,0.02285416265500732,3
119387,0.4634663331425083,-0.7394555138314439,3
119413,0.4504157283316166,-0.1789768506931075,3
119418,0.43410323484972335,-0.21115643610811366,3
119421,1.371890077256532,0.8878955387838673,3
119446,2.0365820587209242,-0.9946441584146803,3
119505,4.811495744058162,4.564280408383403,12
119517,1.2941881584494328,0.21865677873079947,3
119529,3.6986823977709653,0.5023651732159116,1
119541,0.4227742652976265,0.3606532008549074,3
119556,0.43326903034068676,0.11306805328826565,3
119567,0.4535197766666105,0.3002507778307115,3
119575,11.04512251572318,0.51215292152205,9
119579,1.5553337172692812,0.7274788636831894,3
119580,1.5405779070327439,-3.216460791645377,3
119590,4.620614018329527,4.3474801551221045,30
119594,2.1647671764195255,0.8310814154173578,3
119631,0.540710721999593,-0.862698099470018,3
119650,0.14763437719146466,-0.12352650981203969,3
119671,3.946013692959853,4.5208323790051255,13
119725,3.6453462760401547,-0.9475329001460137,12
119858,1.4646065812103446,-0.22894144548652268,3
119859,0.3321161906981463,0.1284221465635361,3
119884,0.5414307383873144,-0.05986466129081756,3
119932,1.0606152539621017,1.0393983130478817,3
119963,0.3192031649557562,-0.20937693089004175,3
120030,0.387729666765326,0.08139668534774858,3
120080,3.7575717452599013,0.52000436811101,18
120082,1.8406567670560106,-0.6055229501854553,0
120090,4.119203031137029,-0.7610822464353868,3
120093,3.1691393258733993,0.36973452409052876,30
120155,2.9553568378844375,-2.373669493924755,5
120178,1.3549139888125243,-0.39991610018188833,3
120181,1.8719169056100438,2.8322858421095884,30
120267,0.7969248696077322,0.2722928410997576,3
120283,1.1640417792729638,0.9604612932601789,3
120332,1.2458651959353513,-1.0281192726901254,3
120333,0.37741951977531296,0.27383663882703946,3
120345,0.5431564044296034,0.18068712697165593,3
120385,0.42460108782319633,-0.26088578035260124,3
120396,2.977681826190705,-2.9772496737646588,3
120435,4.161183187166943,3.944703884980926,1
120485,0.43326903034068676,0.11306805328826565,3
120515,0.43326903034068676,0.11306805328826565,3
120548,3.018537743668372,-2.571215394454225,3
120563,0.09867867762757311,0.025751681285959366,3
120579,1.4671661460432532,0.12016048316906539,3
120583,0.7304686481798585,0.030803396856807976,3
120598,2.8313829998762703,0.4384452232660269,3
120599,0.9437000483204948,-1.983562477807763,3
120610,1.3354574339077983,1.5621204993191597,3
120695,2.0514400346172432,1.6693499620649896,1
120696,0.6165381305587602,0.700696657794009,3
120771,3.679730320386522,0.3976629788258486,0
120807,0.387729666765326,0.08139668534774858,3
120828,3.423766650355532,3.136666284399806,24
120860,0.4174268157556277,0.2705854163822867,3
120873,2.0077099765094895,1.0757270149335825,3
120892,1.8993970863274776,-0.9628126731347094,3
120908,13.256997411104711,8.104692571196823,9
120942,2.300807993624901,1.8414791062978806,1
120985,0.7070013697004116,-0.9022079437279821,3
121001,0.5757664517744476,0.3532999130375085,3
121010,0.43326903034068676,0.11306805328826565,3
121065,0.33983240160891626,-0.2861563204896606,3
121066,0.39379305843684254,-0.41417951117644786,3
121070,0.19735735525514622,0.05150336257191873,3
121081,0.4774229812063196,0.11554427973463469,3
121083,2.014073336291251,-3.4214865590655577,3
121093,3.685372102506827,2.7040168931634145,24
121119,2.1709098803242264,-0.3121777707466552,3
121130,0.40033937515232726,-0.19548405394577836,3
121135,0.5850546378710157,-0.6254302436340224,3
121137,2.439141916380818,3.5841736552444092,30
121138,1.0713734116351503,-0.308118850904916,17
121160,0.8563384388969788,0.43324485424637627,3
121166,1.0410866728978074,0.27093987977688594,28
121170,10.193012827162114,8.255167009341402,24
121173,1.0063384011234526,0.7086452590966801,3
121178,0.5734704905272041,0.02619735016862661,3
121184,0.7315779186806273,-0.4592787322144573,3
121208,0.5764394610020009,-0.867560041560021,3
121251,2.89475629715348,-1.2027831340461779,5
121264,0.5667597182180226,0.6294523500421338,3
121405,1.39466176627236,-1.3282335741903253,3
121407,0.9144576105234321,-0.09013278751169654,28
121470,0.6991269453206828,0.6689647622346624,3
121482,1.1914748790187033,-0.4177698469890562,3
121530,0.5899474816095137,-0.14161047441297425,3
121532,0.22786091481869827,0.20533984969830357,13
121545,1.213972466425373,-0.6236733754833408,3
121547,1.519560379474301,1.8838690468472625,16
121561,1.9424444707747042,-0.9578692128402706,3
121587,1.566566664059267,0.8696026759734268,3
121592,4.007160086010935,-0.37576839964637054,3
121594,3.0244788907351774,1.7639415070387932,0
121606,5.153141249552105,2.773929130509131,3
121620,0.5446439408677207,0.33420262044088644,3
121667,0.43326903034068676,0.11306805328826565,3
121719,0.47026818727253017,-0.6072542972522197,3
121726,0.9104843513020937,0.8539945763247102,24
121814,0.5764394610020009,-0.867560041560021,3
121817,4.580343147519603,2.6760926747088494,22
121825,0.26102941915947764,0.033380368053982076,3
121829,1.0783884735018343,0.8658014553200235,3
121933,0.7367193426099704,0.09220871202480622,3
121941,1.0028997670646267,0.48564509193111627,3
121986,3.3410649301028656,1.5853926155716789,3
122026,0.13091427511031672,0.13616146817630045,3
122037,1.2236731437580426,0.049873209061287664,3
122045,1.2685329317604668,0.549593235125941,20
122048,1.017254971468765,0.5277875428908884,3
122086,2.9843931399350607,-3.4458874359460796,5
122096,2.8559334805261747,-1.2389163344284875,3
122152,0.5676533470795285,0.02393757948510981,3
122187,1.2927806017636354,0.7162528201612143,3
122203,0.6838275771805927,0.4418277563925604,3
122235,2.581383920457163,0.9298616412425283,20
122321,0.19735735525514622,0.05150336257191873,3
122386,0.7777608813623077,-0.07637108215202211,3
122394,0.5597439017965474,0.39573615191624834,3
122418,0.590738221426962,-0.41190974942179065,3
122429,15.343393209218089,11.916321914885039,21
122440,7.016884785939063,-3.2935316201739586,13
122449,0.40979438775570054,-0.23271480764425262,3
122468,0.5322462462757905,0.5167012860701147,3
122484,1.1434603506647032,0.1681459520867003,3
122506,3.641397811067921,-3.9698385218885806,5
122542,2.4666244545613623,0.7213128026238136,3
122607,0.593892913085221,-1.1472742777280576,3
122643,2.97759985170473,3.252744698668206,16
122658,1.997273168392437,-2.5481309914009227,3
122660,0.43326903034068676,0.11306805328826565,3
122675,0.5362388914581626,0.3464692478186265,3
122716,10.481092438184286,-2.2807846651309163,30
122743,0.7111659572973671,-0.7028701777549797,3
122781,0.4458605511524963,0.36283137756775735,3
122782,1.1538868700537568,0.6709842039822653,3
122793,20.260417755259382,8.830456167393955,21
122801,11.496086293895964,8.002369241665717,28
122802,1.290789803287599,0.8706546306049129,3
122854,1.1837764229277474,0.4574472618459437,3
122867,1.9415812103662542,2.011011149235864,18
122880,1.3817360018925635,-0.46421011027279463,5
122881,0.9613108411611161,-0.1537597499102563,3
122901,0.4924508245333283,0.31921766013748143,3
122938,0.8050598442184602,0.6880063597386131,3
122958,3.363261129986924,2.468647035167916,6
122988,2.159859706483721,-0.4138464354589436,3
123039,0.27475811193912375,-0.231360429332066,3
123055,0.17401961277298508,0.022253578702654715,3
123056,4.67536352547428,-2.667427456418108,29
123094,2.2990043846765746,-1.8007723751079108,3
123095,7.1914690592645565,2.7657924934400295,9
123115,2.503219977935519,-0.7583901310366259,3
123137,0.5785619165919507,-0.9032167667690546,3
123143,1.4743342191317523,1.3100755056485995,1
123154,0.7137536427843119,-1.5002382873087954,3
123160,1.447320705814349,-2.467917325197808,3
123215,0.5580088730210141,-0.4410284566279801,3
123220,1.2305427469118775,0.5707803867861352,3
123231,0.6820792100497562,0.6929982574956342,24
123238,0.45336274389387254,0.41021675081865555,3
123257,2.8370552798332533,1.1045928873299966,3
123261,1.2184560432900007,1.1878904122027882,1
123298,0.40672711304545234,0.09955091720524005,3
123349,0.4182002319501911,0.03070754493945672,3
123410,0.5610097955507788,0.5667126793986854,26
123430,7.965567941777174,-2.7773467731361516,1
123460,10.10836219535708,-14.164363616749247,25
123468,3.7908918071375663,3.450753069504831,20
123485,0.9848565506644522,-0.617081971714949,3
123501,1.645243555277482,0.866799027380222,13
123503,1.1440546581807314,-0.327922638483445,3
123510,0.9514434880998557,0.48136107945409673,3
123515,2.9921625273110606,-0.6010755674345319,27
123531,0.44665858152198995,0.10932458162221542,3
123543,1.247130417902021,-1.373514661466507,3
123544,4.521677900794535,-6.397502401600043,12
123567,1.0422900597329172,1.0927210785460162,18
123580,0.8467482784391541,0.23690369565426228,3
123597,1.13867623512782,-0.12144120811827913,3
123608,2.6733348151286007,1.3265630571486111,3
123617,1.1555756437823377,1.1265874016412034,1
123625,0.46882724561525774,-0.23690575530897579,3
123649,2.8305637459330213,2.8757617609205277,3
123676,1.3563349289585374,1.2179257497149205,3
123687,0.18879577867162015,-0.158975733605367,3
123724,0.5920720657654387,0.1545100877157562,3
123733,1.620393855351165,-1.322963747524128,3
123744,1.2372633751470683,-0.6421354023958479,3
123784,0.7600606219382544,-0.35694364191995204,3
123790,30.62851520055909,-5.621528667364299,23
123801,1.784370863406762,2.627082022603974,30
123825,9.751901459277674,0.29801209946925294,0
123827,1.1555756437823377,1.1265874016412034,1
123845,0.9831993818641537,-0.6123427005384369,11
123867,2.416201389183852,-1.2708567171034042,3
123883,2.7839044245637785,-1.7439339591247753,5
123936,1.4579130144790953,0.6936996415494218,3
123946,1.4597731913823968,1.2915827479176336,3
123961,0.525132892355438,0.5097956871210644,3
123971,1.0341836335949532,0.6292231492143807,3
123981,31.713714971325704,-19.22228175783838,23
123988,1.4116363216638077,1.415805637125058,18
124010,0.43326903034068676,0.11306805328826565,3
124048,1.2700070654629576,-1.6119757915260073,3
124066,1.3702831655163572,-0.4698819112937646,0
124078,6.56445708144359,0.39703026287014925,3
124079,8.458621494213274,-5.967590639277905,5
124089,0.3300837091083466,0.3022700006352489,8
124175,2.30779248570065,2.0064162951275035,3
124204,0.9325372605944788,0.6523922194462065,3
124207,0.8128527660609521,-0.8641433673075383,3
124233,0.5189257654762083,0.7264078003575118,3
124253,0.6196941046579318,0.3759648135622032,3
124259,7.561535418153453,-4.581832334997376,6
124298,5.202394157898564,1.7804099932817692,16
124310,3.785282531605517,0.6862216589416481,28
124322,5.142388403271053,-4.2467401727794725,28
124363,10.496173391879283,4.617662022089952,13
124383,0.7757417229900122,0.011239689484659735,17
124414,0.31539203655001463,-0.5184724174211133,3
124474,0.6455214515169931,-0.31399445613634,3
124487,15.495467720008977,-9.881799910279176,23
124488,0.5991605235582299,-0.6282456278515477,3
124489,7.13016644893694,0.24398122123037952,9
124546,0.43326903034068676,0.11306805328826565,3
124597,7.169243049880563,-2.006478361495899,6
124617,0.643898786063652,0.663754850489989,18
124648,1.4111242496057734,-0.4793675643316707,3
124688,0.643898786063652,0.663754850489989,18
124717,1.620842828852165,0.26180812736916476,3
124720,1.5610520184146075,1.300791194900336,1
124732,1.2555895345354537,0.9463284217500529,28
124747,1.8664898522297577,2.814263359193453,30
124769,0.529073087931704,-0.13576556791977473,3
124789,0.5211177828852606,-0.4820897613184993,3
124833,1.3200006843187437,-2.014057638017098,3
124869,0.8113614934805403,-0.42062468542026493,3
124874,9.692135974199992,7.050104432532582,21
124876,1.0001855660189005,0.32336149256144225,3
124888,0.6704560491910236,-1.0218934317594377,5
124910,0.4816371858266568,0.5349139127944263,3
124915,2.7835064988482054,1.203265773630049,9
124942,27.678533505752387,-21.205435955643196,23
124946,2.248349429126212,2.40483430630602,1
124983,4.177831397633406,3.6384693624350124,16
124989,1.0830265343067855,-0.9985500990971232,3
125008,0.46230941604347964,-0.06894695054641753,3
125027,0.5843749185438868,0.02464271748544638,3
125031,4.043827844329218,1.7576332368396592,18
125039,17.44241172741364,6.335774636152878,21
125053,0.29603603288271935,0.0772550438578781,3
125060,1.6270505432364153,0.2977353552261614,3
125063,1.1723122157700363,-1.197634622158393,3
125105,1.5169748494442057,0.2384640776785759,3
125133,0.5525893647824386,-0.2931372986735412,3
125143,4.9057491242731475,3.2522224007534315,9
125153,0.43326903034068676,0.11306805328826565,3
125156,0.5314546261530411,-0.688871496078054,3
125171,1.5076120665166133,-1.3217883542513391,3
125188,0.7331179940107083,0.5907937594590772,3
125203,6.4559906144812365,1.9758613580840483,17
125216,3.9598456208425667,3.949216895884406,30
125217,0.27821582246378707,-0.14143658925557234,3
125256,0.7645450390458697,0.8240425651111795,22
125287,3.3347209199668297,1.342792883938086,20
125303,5.966159162535303,-5.8322327902825375,5
125334,0.49578611920040694,-0.32631824658203035,3
125411,5.618835347269749,2.2658600571623357,6
125443,0.5162091322335987,0.5324996779975355,3
125474,1.9340024506039784,-0.6469452535148108,3
125514,2.7944415970303176,1.9219588347744123,28
125519,21.099701450627844,-13.36203913839761,23
125538,0.3901161038182143,-0.08139820051853902,3
125541,1.5133045654959496,-0.8358734022253567,3
125550,0.3128794054295034,-0.4098452607324942,3
125685,1.9084031117578037,1.6838836396978705,3
125692,28.816119947292115,-0.33115332255507,21
125701,0.6398219720740158,-0.29352650265211827,3
125720,0.5987770270602644,0.581288946828879,3
125734,0.9339121663700564,0.7994972318994864,28
125736,8.450788933814664,3.4939125905167483,30
125774,9.209744058792667,0.7309780790240109,6
125798,1.8613303536815473,0.17148601964966614,0
125808,1.9340949231175457,0.6930328860564985,3
125878,6.479152726646319,3.597963702084862,28
125885,0.5452119568360159,0.31459733353225205,3
125892,1.3195473949272534,-0.13625351578941924,12
125917,1.8261177709287988,-2.558863839606892,5
125918,1.392871047188218,-0.7207686010223697,3
125928,3.359189886817298,0.8380791757374411,0
126000,0.37019647795084004,0.38503437389853845,3
126026,0.4285681023890787,-0.23956716309489168,3
126044,1.7341439766280184,2.099960012009825,16
126053,4.146927554028031,3.7483502557661867,30
126054,0.9850860984123934,0.739791845306476,3
126119,0.4555325367026066,-0.5904612823526177,3
126149,0.6115136726343382,0.6334016208637985,3
126167,0.22786091481869827,0.20533984969830357,13
126181,1.8205896239151922,2.6725415710456835,30
126196,4.126935685308679,2.051120168631603,18
126236,0.43326903034068676,0.11306805328826565,3
126240,2.9078680559940797,0.3440413007641702,18
126294,1.8846560076086858,0.9831029174867749,20
126296,8.730630693779002,2.80414126840511,30
126298,1.9575047305541615,3.049259742449983,30
126299,0.39080828631014786,0.2889723498391283,3
126331,0.5314340942392822,-0.6353227195603532,3
126360,0.8966670106041277,-0.5634073591626452,3
126374,1.2092696978747455,-1.3655975694238889,11
126388,6.536688497763977,-3.001107310037337,5
126395,7.367819050631265,-0.7754061248854243,27
126404,0.8637961557451909,-0.6177318420550032,3
126432,0.9103309378399118,0.7417518495624245,3
126473,0.6730509581043838,-0.8430825927484166,3
126487,2.2544640111137046,-2.956949050010538,26
126492,18.84983050403639,-17.701581070744687,25
126511,0.37042469834155045,0.17872404245001777,3
126531,3.0472897079475105,0.6102023263478515,0
126585,2.9405578665306105,-1.8413563476068782,3
126604,7.482554982674476,5.295098489703726,13
126609,0.47291237979778,0.4062352425405186,28
126653,0.7980079123893904,-0.5234423272251044,3
126671,3.136768929771594,3.026680942897277,30
126693,11.327606914840631,1.277092201978239,22
126695,0.37481245712474953,-0.3214971827231152,3
126697,2.4094306774061462,-1.1434304961675728,3
126726,3.9874905936778386,-1.3612364900617948,3
126736,14.611554299870331,-9.90776180885919,25
126746,0.58393635275766,-0.06456440223056925,3
126783,3.7499670202463258,-1.0320665960359026,26
126803,0.2834378025722289,-0.010891947669131255,3
126810,3.737320061124034,1.3956436111720691,3
126812,0.5919139430398689,-0.011427329769090102,17
126814,1.6207426587778513,-1.379916330732337,3
126824,1.2266956312739004,-0.5870126568321601,3
126827,1.7783745178619033,-0.9628814801004287,3
126849,0.41417439343614076,-0.17070599717275828,3
126860,1.3297679665327833,0.8089277772338299,8
126883,0.4365259822122309,-0.19531553622905257,3
126903,8.604340628468648,4.966716856507997,30
126911,1.620688419452732,-0.027917535288003035,3
126948,0.6179551108566778,-0.9859406851085919,3
126985,0.48799327249033964,-0.07277733668788518,3
127024,2.5524367132685595,-1.3438496556473922,1
127035,0.832867055091887,0.3429904692641228,3
127036,0.27821582246378707,-0.14143658925557234,3
127037,1.7617542574987453,2.7443337682049846,30
127049,3.519784197433467,2.2205893899428695,28
127084,0.7008795846809384,0.5256556556408312,20
127114,0.6685074291478196,0.1260251223563859,3
127129,3.7342152303649385,-2.2662060422407286,3
127131,2.1986238984158186,0.6599145925112051,3
127137,1.0281764115892476,0.5305269436752208,3
127147,1.0446978824418627,0.9716354491011496,3
127168,0.7022368704530491,0.5109273083698407,3
127200,16.059118029856315,-18.086070764447864,25
127216,1.266793977874527,0.790511116973149,3
127233,20.99989556597255,3.154950603408475,21
127243,0.45882000978057647,0.040690095024801,3
127245,0.22941286532761057,-0.18767724305927458,3
127250,0.3645774637099172,0.3285437595172857,13
127359,19.543857000469362,8.890192082272476,21
127384,1.1447314724379702,0.9516829721250067,3
127389,0.37735844279129604,-0.6109803911281628,3
127404,1.1966647986824854,0.5053346897204514,3
127417,1.2141707971876246,0.6804237283528932,24
127429,21.757966595596745,2.9204571352710373,21
127432,4.013620143037949,-1.6818114826295643,27
127438,0.45868943233189696,-0.6408897873548745,3
127441,0.4182002319501911,0.03070754493945672,3
127453,0.8911345060866198,-1.609598300172285,3
127481,3.641573124841595,2.8918295377593926,16
127490,2.5920725435557177,2.535049387337092,30
127537,1.2590240118570382,0.7591924439504296,0
127564,2.4704332017371824,0.244222313210891,28
127581,2.906301286179098,-3.78943324610381,29
127621,4.106692954533404,0.37698355933675887,16
127623,0.45208223319804014,-0.5227791807689377,3
127673,0.7918415745534176,0.6985734685164602,3
127755,2.782726855181134,1.4629222679790066,3
127762,0.5354823616066636,0.5296026259268173,3
127795,1.9925963799692936,2.13947205870624,16
127826,12.27916746655956,0.5286507112256027,11
127866,0.10838823565633007,0.08014467515069573,3
127871,0.345270479491126,0.2750076958609463,3
127893,2.3589432958832646,0.7700281241753065,3
127914,13.311447292864175,-0.9942032501258835,6
127930,0.4611515688016007,-0.6940480332480168,3
127941,0.4981742860472194,0.19263321984530413,3
127942,1.3364752763554753,0.021418337913375378,3
128008,0.7198484942201484,0.7791661497799222,22
128014,0.40033937515232726,-0.19548405394577836,3
128019,1.1864341796899742,-1.6582352070092161,3
128033,0.35194101180961435,0.08517556196367318,3
128040,3.365802458408138,1.003088740348669,3
128045,5.73317716447269,5.899316473573244,30
128060,3.047883518536,-0.6735303877742589,3
128085,9.513040963250175,3.194876065234373,1
128094,0.7729405115254411,0.5057730745395511,3
128119,4.315888507028954,-0.950891825157652,27
128122,1.7837724709971274,-0.5602293512689535,3
128208,26.629514569524588,3.436690506733709,21
128214,0.35078561368040745,-0.417830569817348,3
128233,0.6917048005760473,0.7163465546179344,16
128257,1.7043731779424425,1.5087469914524057,3
128276,6.523424389647006,4.215392523225528,9
128286,2.970044169132772,-3.373734355785084,3
128324,2.849166307140683,1.7467349819716498,22
128325,10.878548902997132,7.305182624494519,16
128331,1.9233218247346748,-0.2949333262564118,3
128332,3.4595142849688565,2.1927349542722125,16
128365,0.48419336040323313,0.501442588232554,16
128404,0.27475811193912375,-0.231360429332066,3
128406,1.2052367392163403,-0.8639846739336853,3
128434,2.865566159459723,2.0555799528994907,1
128525,0.43327395634470345,-0.28517377201299177,3
128579,1.1211348137331072,0.7149501170809068,3
128588,2.6191252125760482,0.32054578859827987,3
128610,1.4027024010059455,-1.8261474226139687,3
128622,2.82740791094433,1.358541956306214,3
128672,0.652650203928676,-0.6834056669057882,3
128696,22.550411692705225,8.457052641688444,21
128710,0.6165381305587602,0.700696657794009,3
128732,5.888895602263547,-3.9340475061327758,17
128774,0.7231228256064947,-0.7811593241794842,3
128790,0.7875844556799965,-0.1767890221032806,3
128821,0.8213171488923321,0.011900029930573573,17
128835,20.57810896088797,-5.352386342920651,25
128841,2.1563610381521086,1.70065568109273,1
128906,0.4120894702809136,0.21109480320089652,3
128915,0.8388960224586948,-0.8601746578205297,3
128942,0.8563384388969788,0.43324485424637627,3
128949,0.7231228256064947,-0.7811593241794842,3
128962,0.7025401812411946,-0.19667631757837906,3
129008,6.989132431394174,1.177993241495294,27
129074,5.898007156130793,0.02079358858233893,12
129084,20.207708678510976,5.15612094493733,21
129111,0.2635538813989943,0.14072775055111542,3
129113,1.558887154783127,0.9461224503253636,0
129114,0.9088660462856563,-0.44239720109173797,3
129187,0.4174268157556277,0.2705854163822867,3
129238,0.6685074291478196,0.1260251223563859,3
129316,1.042715558399552,-1.469659378733699,3
129338,1.1221741264494454,-0.2865232240292428,3
129339,0.3967101578062343,-0.6423127188783251,3
129358,7.619164560336194,-3.8966232618733816,27
129368,2.9485508633675095,0.9248995878088584,0
129373,5.667145242633981,2.7801871598123626,20
129389,0.5464201409653736,-0.15297046922762814,3
129393,1.6259668901428261,-0.12129859465102676,3
129399,0.4499053088875927,0.48697884361245136,22
129410,0.5501350748751294,-0.1320539393298901,3
129458,2.1845071691274334,1.665718433291821,28
129465,4.843988518535752,-3.053290265116261,18
129474,4.0572771259941165,3.1761401454793363,6
129489,0.5936911518961046,0.05265103716289299,3
129503,1.9157920409173648,1.542774465999253,1
129505,1.1176738210594794,-0.5893175125002138,3
129538,0.6443228035123587,0.5002675158844913,3
129572,0.47375189608890006,-0.05238157862946536,3
129617,0.43326903034068676,0.11306805328826565,3
129655,0.6204609774794722,0.6880462677869966,28
129665,0.40517250234030694,-0.19786065477557635,3
129690,5.884036376297287,-4.751879445606965,3
129716,17.647576166371675,7.115347855359703,21
129718,1.1516395764075311,-1.479999153832687,3
129725,1.3546263134662548,-1.381222686836006,3
129790,0.7904041134173558,-0.06319484422697799,3
129835,1.2006607142214871,0.4639718662145863,3
129851,8.917028593526005,-2.7556474671797893,6
129861,0.24343884465581367,-0.1237570155986258,3
129883,2.7880941075875993,2.8126195319474,22
129929,2.7104571452380797,-0.26500574297986285,17
129988,0.7021188347885917,0.19683801414768232,3
130014,1.0072192094856305,0.6073539551603437,0
130063,0.8656858206844441,0.5942241124768802,3
130132,3.9379391597221516,-0.4295694892617274,30
130150,1.7481156643473794,-3.526756555453853,3
130152,0.3811337125662317,0.40117325275303595,3
130157,1.8563336385382865,-0.2688137392220128,3
130166,2.3457981518086224,0.8797880829087225,3
130168,0.5152667663895769,-0.6774964210344194,3
130199,1.3295751809126035,-0.6865408282861735,3
130215,1.0395527294328375,0.79535420020645,28
130243,1.390274899361446,-1.56473435311031,5
130258,1.6732733909160546,0.9553415071370075,3
130396,0.28377215881598405,-0.41787990324914903,3
130426,3.929284173664048,-6.212575435686375,29
130430,0.46882724561525774,-0.23690575530897579,3
130438,6.862335394592782,-0.20181874094814115,5
130474,18.549315090335117,-15.30679812686065,25
130480,0.4388806167954911,-0.09157297558335639,3
130482,0.31287581378004875,0.3141349073188008,3
130485,0.4134219176498205,0.43979889359864316,3
130493,0.4497491548741443,-0.6829905092298907,3
130518,0.4415452307256521,-0.49636803005221514,3
130543,1.7364323689600107,0.1757991209238793,3
130554,0.4060628163440178,-0.23059571585279,3
130570,2.4337519940549117,-0.4854430049581872,3
130571,27.810887394251022,-0.37062493866775353,21
130581,0.7592208945043444,-0.9841021372543629,3
130591,0.43326903034068676,0.11306805328826565,3
130624,1.4591027491642163,-1.1708735210714352,11
130658,0.6420435851810908,-1.1297830342868993,3
130677,1.8143200271420477,0.042810736231106,26
130679,0.5193541294285713,0.4018801308918289,3
130705,1.8756533267624,0.9164881768377431,3
130710,0.6258795856587406,0.07833586976521827,3
130722,1.2388169427557112,0.15721890922519693,3
130784,1.0073580148748107,-1.7037058614623022,11
130792,0.3366418963268659,-0.35624198606735946,3
130793,0.9226015764377532,0.6919458736673362,20
130806,1.0109274871338225,0.5858115966346952,3
130837,1.6830121213628537,0.3529412389726045,3
130844,0.6685074291478196,0.1260251223563859,3
130847,3.5776835036172296,2.0560268708618263,30
130866,0.3415341297684314,0.02130214894607873,3
130882,0.8580475665105214,1.0980255135455015,16
130913,1.0987202443173258,-1.1999705431532919,3
130915,0.6907507433930118,0.18026176900171556,3
130939,0.8577799479891751,0.5427149999201099,3
130950,1.4177195854974067,-0.12073825771958117,3
130952,1.0361253769636123,1.3259079607494537,16
130978,1.5062659576056918,1.6617808226337858,3
131026,0.7182301297996894,0.7774144273208845,22
131027,5.1021448178898705,-3.373069361837405,11
131032,0.7518685694499336,-1.1459804913302265,5
131046,22.419094047504625,-10.803080169293407,23
131094,0.8738227322256233,-0.38180690133642226,3
131099,2.6791798079163445,3.2591547799031657,30
131108,0.9125886471332677,-0.6665127975335542,3
131137,0.35023965497358145,-0.13917096249547656,3
131154,3.0027478339730087,-0.643655903939377,6
131166,0.2973974038495321,0.337229970002176,3
131182,4.905800375375047,2.648916354971355,3
131202,0.42680109345958595,-0.2622375201471743,3
131238,1.213972466425373,-0.6236733754833408,3
131311,2.0173793649548593,2.420584863071973,30
131338,0.21530117799176063,0.2293332138341473,3
131354,1.2701256116174489,0.7727761407920163,3
131402,14.097594403644951,1.8233002738586122,27
131437,1.2184560432900007,1.1878904122027882,1
131476,0.6907507433930118,0.18026176900171556,3
131482,5.200900030200719,-1.2334861392456706,1
131510,2.7870189993541015,0.39936500853298856,12
131548,0.6321475175976596,-0.6247734913377597,3
131560,0.5676533470795285,0.02393757948510981,3
131564,0.5201096622303958,0.5143987227901623,3
131588,0.8011060735045639,-0.4022089829301264,3
131594,6.785626771661282,0.9615044171697271,24
131597,1.1454079744416406,0.34362640914327236,3
131622,3.7923050525664044,0.2022540418294525,26
131655,0.7953596251002233,-0.06359105014689635,3
131657,0.895043732666258,-1.5406677853959745,11
131675,1.5106627499132574,0.3360739744486469,26
131678,0.27475811193912375,-0.231360429332066,3
131686,2.7046310697069487,3.0905493732445213,30
131779,2.722209091303592,3.0563098967585165,16
131819,0.43326903034068676,0.11306805328826565,3
131837,8.686326438409816,-6.121494121424893,29
131855,2.699884439382584,0.8590314677983969,16
131883,1.2184560432900007,1.1878904122027882,1
131884,1.1902687297493622,-1.5060981740065111,11
131914,0.7261322131531341,-0.8408867730725968,3
131967,0.863948970831244,0.5414611160198544,3
132012,1.206890538260787,-0.43521512064075685,3
132031,0.3394864276279894,0.17241243349783628,3
132083,8.793948462897411,4.083357913151684,26
132133,4.331225941923803,1.997161326571009,20
132142,2.029524192598938,0.7828040084174819,1
132151,1.0740297505437175,-1.5591007940610584,3
132157,0.4554354286136331,0.15739235539862867,3
132166,1.1839013632172144,1.0459442716517602,8
132171,2.957455345718147,1.7464261759918172,22
132173,2.0655498576215416,-0.07253045774201544,3
132188,0.3366418963268659,-0.35624198606735946,3
132199,3.3694211010694617,0.9734956564104752,18
132229,0.9085613698560845,0.9525823561869572,18
132282,0.48419336040323313,0.501442588232554,16
132290,1.0100796540567847,0.5128538251105039,3
132357,0.8563384388969788,0.43324485424637627,3
132373,1.5835952019209005,1.2851272244647924,28
132374,1.1342626950362567,0.8783331700303864,20
132375,10.736405951797277,3.9882890059879825,30
132382,0.8172294281893243,0.9287826666360471,3
132383,1.507359901931355,1.4865918098750268,3
132392,3.9184664231259667,1.5238418076555207,3
132425,0.9831207030086794,0.5928225372878551,0
132465,0.44406377061498126,0.081134649219999,3
132492,0.09867867762757311,0.025751681285959366,3
132531,0.42522680000255464,-0.17526135383888525,3
132537,0.345270479491126,0.2750076958609463,3
132544,2.5881955764398845,-3.202056800756003,26
132572,0.9571629086782598,-0.0701883102726881,6
132616,0.41167103043167236,0.041319972191232145,3
132624,0.3057697038027656,-0.2622670499181423,3
132652,0.7742518960637929,-0.1470573876211928,3
132663,3.744991443721537,3.2610911776063722,30
132716,0.5464201409653736,-0.15297046922762814,3
132726,1.5101219814484381,1.176270987555214,3
132731,2.8612983931465616,3.2550999587394047,0
132786,0.7194617687904662,0.5714315424447255,3
132836,0.43326903034068676,0.11306805328826565,3
132851,0.9577943559871767,-1.4598477596563395,5
132887,0.6632647071541691,-0.6638468766468139,3
132901,0.5452275467081754,-0.020912256645172874,3
132909,0.7025401812411946,-0.19667631757837906,3
132919,0.35194101180961435,0.08517556196367318,3
132920,0.34121269920612773,-0.4663347805768478,3
132930,2.834182200891774,2.7040135862531423,8
132996,2.5984957362978367,-5.272778376678793,29
133034,0.31631144403441824,0.3293699358607534,3
133041,3.0837125631004567,1.930913323515957,16
133052,0.6323576744669006,0.4941885145475103,3
133235,0.854040066312863,-0.1362253129018699,3
133246,0.42680109345958595,-0.2622375201471743,3
133258,2.714391387241406,2.30119642058348,8
133283,0.37741951977531296,0.27383663882703946,3
133284,0.9728000133847203,-0.943517275355428,3
133296,5.104642303806434,2.5396187525998943,1
133310,0.5647110395974064,0.2496662685045033,3
133348,0.43326903034068676,0.11306805328826565,3
133414,0.8718024846571669,0.4305549568953866,3
133416,4.708628671498092,-1.4072787556170225,24
133418,0.5020412499747148,-0.9462215644272075,3
133424,0.8563384388969788,0.43324485424637627,3
133435,0.8713331639292586,-0.3183466743058726,3
133462,0.7815345258249692,0.3357003730171777,24
133548,0.5085464277670536,-0.7638371183318934,3
133557,1.317376002430994,-1.2220568422833589,3
133571,9.871888979156665,1.854342082926332,24
133654,0.9406772765271434,0.16835049284910975,3
133682,2.024263700310701,-3.336195086353081,3
133689,12.440944563437697,5.147723431859928,9
133706,5.645493638379001,-9.227098820826106,29
133738,4.547457400758262,-2.701497931016261,3
133744,1.0127303048599174,0.24832557964613647,3
133747,18.198526147941052,4.658098657221629,9
133764,1.8202295540630786,0.8154978911683884,3
133771,0.9141106471366298,0.8501810179635059,3
133776,0.6945116080195182,0.13092735631997962,3
133786,3.501547694982375,-7.245198137259106,29
133790,1.57868544372544,1.4941804378262022,1
133811,1.436282877419945,0.8383226063206715,3
133846,1.8290686602985549,1.836116013547631,3
133860,0.7610813655150448,0.6630095551708256,3
133905,1.5554904195246115,1.1002418726702532,18
133935,1.1496977582877788,-1.2727690205132605,3
133950,1.0361253769636123,1.3259079607494537,16
133957,0.796044221440307,-0.07069011329027226,3
134005,5.929751865612373,1.8016069570264508,22
134031,0.43326903034068676,0.11306805328826565,3
134118,0.6567060966848068,-1.4794632042596707,26
134120,0.3205094744044199,-0.3817678123033507,3
134137,0.4146668231416959,0.3122829243246661,3
134171,1.0361253769636123,1.3259079607494537,16
134225,3.168512446557486,2.3626805090271907,3
134247,11.609883485265234,-13.118679145493022,25
134264,3.4813686764184597,-0.13971023301856555,0
134278,3.569629439798063,1.4718454079041061,1
134302,0.6480733081829855,-0.12327370580300165,3
134311,3.1328609967440326,-3.6948580269307834,3
134381,1.2318179441504813,0.8357497646986749,3
134403,1.8116258703360653,1.648990334648936,28
134434,5.5672259527569645,-1.871104089196494,13
134467,0.6790373222630262,0.04702611120176564,3
134478,1.1837764229277474,0.4574472618459437,3
134483,0.6399645775948314,0.6596993218719239,18
134508,1.4669074410360645,0.5001405700551718,3
134516,4.760953783365576,1.5418063919093437,20
134529,1.6416937661894297,0.9090071023696565,13
134556,1.1555756437823377,1.1265874016412034,1
134630,0.4892315260844249,-0.4196272798690277,3
134641,1.5241358466591926,1.8649837745402553,16
134684,1.4195405615822034,-0.8912227616592819,17
134705,1.0925752197828358,-0.5613060379350068,3
134723,0.6244801611032841,-0.1748233934030036,3
134732,0.8209096935710063,0.8655487618659916,18
134761,1.8016762755050089,-2.0317160011600897,3
134784,5.059375532412382,4.1338078173765815,30
134797,8.29566517920327,-0.7473675705786347,30
134835,0.8838252127968103,0.6228871772529884,3
134837,4.712873951751921,-2.748307546356113,29
134839,0.2320261503639801,0.02967143827020629,3
134841,1.240902479356631,-1.333682658702302,3
134863,0.6612136189622293,-1.0322477334503481,3
134869,0.9507985218592887,-1.2855106048526492,3
134900,2.3256444689708844,1.1022593331849522,3
134921,0.4258465267462017,-0.21353187502533633,3
134948,1.2718584570003282,0.6452482870481058,3
134986,0.5545071541807982,0.5742612875862779,16
134999,0.5253594824603722,-0.20875644374321486,3
135043,1.2257822378721732,1.5686078764935734,16
135045,33.74853790390389,-7.474632539171916,7
135074,0.8769378462766835,0.5241905357382072,3
135141,0.5865216589020299,-1.0958841352727064,3
135149,50.11264823191175,-8.302574233961263,7
135172,0.49400294064535466,-0.5060431429623596,3
135186,0.3222263829802241,0.1712538705064163,3
135228,0.3359846053448637,-0.0060254600787599255,3
135265,3.792623385636026,-3.5799025327737057,29
135280,0.511328053725901,0.02156237779976558,3
135294,2.7094832013699675,-5.506062852626295,29
135317,0.564638545307972,0.20909870485156432,3
135329,0.9471533920383359,0.5709225981180495,3
135351,5.453701617112734,4.9620554620273305,30
135359,0.8620149203884591,-1.3138629836907054,5
135360,4.574163533570236,0.9225115235125579,3
135376,2.483343622615909,-2.3701889435814567,3
135383,0.43326903034068676,0.11306805328826565,3
135395,2.6160009419459085,1.2721405829214696,17
135398,2.7727032732658317,1.5873679134308862,1
135411,3.963991045809138,3.886194751964605,22
135443,1.2117151474349344,-1.549810049485057,3
135458,13.14442220600525,-6.767129007857738,25
135460,0.44921718788991954,0.4234871109261581,3
135469,1.0161004892939591,0.618220912633613,3
135607,1.0852060578460685,-0.5575201612148203,3
135609,1.7484151631597586,0.48156057439735184,3
135624,0.8449400607723592,0.1543880254794978,3
135652,1.1092319989012531,-0.025567373448315778,3
135665,0.5601243455289687,-0.6486437936501865,3
135673,1.7028725827423221,-1.2925172472113169,3
135681,4.017968757855412,1.8135820996465362,16
135703,2.739230855571887,2.317849795665861,18
135704,0.43375732328643707,-0.42717329066554416,3
135730,1.3380095184978082,-0.6588829693984768,3
135736,1.6656149423850921,-1.373455543755157,3
135753,3.490049977727148,-0.9472732761852192,26
135763,4.329522051158114,-4.922785632839385,5
135768,0.4581089270761055,-0.14057839568558522,3
135776,0.4099777648409834,-0.14266960656217761,3
135778,2.5828435941816923,1.013382516534298,3
135799,0.4504157283316166,-0.1789768506931075,3
135811,0.5734704905272041,0.02619735016862661,3
135820,0.9742959010441286,0.21045839527981908,16
135831,32.43907117868224,8.535041360620475,2
135833,0.3556360860398164,0.3204861198455801,13
135838,1.6137965078264547,2.263917884632628,30
135847,1.124973830916734,0.8294146079062,16
135865,1.3583464881313645,-0.8331630339711897,3
135873,1.5819491314575815,-0.6280575053878447,3
135895,0.6307314207918281,-0.1997118643925065,3
135902,0.9417396254130377,0.16932948723154284,28
135911,0.888108098648158,0.2317651315736343,3
135946,1.7577707413902168,0.6710283901438425,3
135957,1.2701256116174489,0.7727761407920163,3
135959,1.1132498837806972,-0.8123491222103346,3
135974,0.7978148311667463,-0.5343451239195802,3
135975,0.3725880311641917,-0.3590837700806949,3
136010,10.781617653823035,-4.5035528000124,27
136014,1.5650007088416253,1.2795290186803052,16
136022,0.4532856215860481,0.3434732937964497,3
136055,1.000895283405524,-0.025768557760290512,3
136062,0.6990260293945352,-0.8469922754861642,3
136071,0.9701877931234435,0.6585820662399572,24
136096,1.1294799336557204,-1.5263371252195739,3
136104,3.3571251520153775,1.960481211209441,20
136117,0.5314340942392822,-0.6353227195603532,3
136135,0.8626733141306077,0.438513907015948,3
136136,0.9499033223811724,-1.494623272941606,3
136137,0.9468080901192314,0.5415489371596869,3
136139,10.252425110193888,9.523589276603978,20
136193,1.674501409258546,1.8529952019987153,1
136205,24.946741664649974,4.443802994627149,21
136216,2.0884834411876025,2.9118962470358727,22
136234,2.887789780717538,3.0294488588401043,16
136235,0.5647110395974064,0.2496662685045033,3
136237,0.6232038820013479,-0.1620285124534176,3
136240,3.1515066470670345,0.22269537522340632,24
136252,10.259117235681133,-5.323090043188452,17
136255,0.8771618057034062,-0.07309093746927162,3
136304,0.43326903034068676,0.11306805328826565,3
136313,5.361981061749855,2.342134233869496,17
136326,4.251620022868002,-0.1062874559508328,27
136347,1.0927737853438746,1.2782469046648166,3
136348,8.087239182895967,2.9856182194186047,30
136350,0.29232001950369874,-0.502731106275964,3
136357,0.12139724664253732,-0.06236733754833408,3
136363,0.43326903034068676,0.11306805328826565,3
136374,0.4120571092241805,-0.6257512478029538,3
136382,17.27148189052933,-1.954237284540859,27
136396,2.7705695331389215,-3.944355976551497,3
136420,0.5643170458647266,0.10310605952314547,3
136430,0.43326903034068676,0.11306805328826565,3
136465,1.0927737853438746,1.2782469046648166,3
136473,5.60111671302733,-7.544782783143806,29
136491,10.801789934831568,-0.3587986559401529,22
136509,2.3857815015330806,2.61739837800254,16
136561,2.9513834182513734,0.6985882474472527,20
136584,1.0040885831515336,0.7911554473358166,3
136598,1.0927737853438746,1.2782469046648166,3
136638,0.8927261377745608,-0.7525854921108708,3
136662,0.3247242619180553,0.17258141989018697,3
136667,0.7653156286005502,0.8754086479271035,3
136733,2.9909663736507714,1.5548092391208697,20
136746,2.0747944821869795,1.6211352664491645,1
136747,1.2744835016823142,-0.05168983515741207,3
136791,1.3184871406048622,0.4544681750461946,3
136829,0.8668929007996505,-1.7980657839324137,29
136916,2.7170906887716426,0.5053769339540142,3
136930,0.32865348248031834,0.2824591926055972,3
136943,1.9076972323410182,1.5717467205332862,18
137065,1.103204014084956,1.411747088844216,16
137077,0.42888997399458756,0.2713574999600549,3
137118,0.4383079491460559,-0.3646604193826563,3
137137,0.7530870547972804,-0.8201585395256572,3
137143,0.9694899054455924,-1.301731584003048,3
137190,1.4254977910874276,1.1385927146632149,26
137211,5.679584995551084,-1.6096779812618143,1
137283,0.43326903034068676,0.11306805328826565,3
137302,0.3209460232624707,0.32223759342027775,3
137336,4.510248052477724,0.7060158540171501,1
137397,0.43326903034068676,0.11306805328826565,3
137434,0.45572182963739655,0.41067969939660715,13
137437,1.1064120006732607,0.5867462095195753,13
137497,0.44665858152198995,0.10932458162221542,3
137513,1.9838317567278865,1.2173632844827615,3
137515,0.4227742652976265,0.3606532008549074,3
137524,1.0021637378280628,0.21042789940931259,3
137527,0.7056665754717482,-0.5660567947897753,3
137584,1.724941573719186,1.979275177504398,28
137587,0.9783124881552379,0.5894652391341283,3
137588,1.3381932231274356,1.4827863125431875,24
137589,28.309536185503664,-6.152350364016564,19
137620,0.7668371465696083,0.6575009100178736,28
137627,1.8235467958855285,-2.0438347618855324,3
137684,1.0610817057434088,-0.7783914437079098,3
137688,11.743535447601765,5.402672894370486,9
137742,1.9520713596540216,-1.2898343499780551,3
137803,0.2927264081049924,0.30811760134124927,3
137816,1.5448692236294506,1.494885794685217,1
137986,0.3434274569341239,0.28976392484784497,3
138010,6.291408625018037,4.582193123257529,0
138018,1.056532458439164,1.2620987910094805,3
138073,0.43326903034068676,0.11306805328826565,3
138097,5.169632018699059,0.7654643387500264,30
138115,0.863948970831244,0.5414611160198544,3
138123,1.5724639288850053,1.4684971967116254,3
138139,0.3552610065595025,-0.17813823546634222,3
138158,1.6272142081493473,-0.7437543358145441,3
138176,1.0689447205286773,0.7048141189482986,3
138189,6.082431389914541,-0.24146590450600902,20
138193,0.7327546097160481,0.5313021145758571,3
138198,8.194437348328014,1.2422295210863776,6
138220,0.4511809070489087,-0.2562174620586556,3
138232,0.5298850119314243,-0.5664532689053756,3
138239,4.058798812954239,0.8794724183129399,3
138298,0.8626733141306077,0.438513907015948,3
138300,1.455786329449012,-0.17319770842765891,3
138301,1.4311890027131644,-0.6153129460408807,3
138372,0.46882724561525774,-0.23690575530897579,3
138379,3.3562570399841283,1.352692087988415,22
138380,0.5759696970168975,0.3494374694365827,3
138381,0.5899474816095137,-0.14161047441297425,3
138382,0.37338961186864866,-0.15402472931787986,3
138397,2.758547849331979,-0.3960324739102599,1
138437,1.1558356441762763,-1.7254026351719471,3
138441,4.022707015453291,4.195730228838775,30
138467,0.655624803914398,-0.30077625362123683,3
138515,2.0506778803284016,1.509561109451434,3
138529,1.203055900677193,0.6964583214702355,3
138543,12.513066885464008,2.7966112990252796,30
138546,0.43326903034068676,0.11306805328826565,3
138578,6.028135695534333,3.981581691929162,30
138586,0.4683549574100524,0.35489195382957633,3
138602,2.8517280805143255,-1.1713629656509665,17
138647,3.2016591060991324,2.418980505332305,1
138674,0.3415341297684314,0.02130214894607873,3
138687,3.593079369039994,3.503002248951548,30
138744,0.8918244598420484,0.5624421385761043,3
138761,0.11601307518199006,0.014835719135103145,3
138777,6.087507332969711,3.759817182869371,8
138780,0.43326903034068676,0.11306805328826565,3
138826,1.4886238688385822,-0.22611358637533857,3
138844,29.692591595367002,9.575170348319032,21
138855,0.4741106381982447,-0.4685801185033198,3
138883,3.006006560436412,0.3591431506959586,3
138892,0.40140908626847155,-0.8291421408849449,3
138910,0.32865348248031834,0.2824591926055972,3
138954,0.8095490409568485,0.7141952375945233,3
138955,2.772987635383514,2.2159724819109643,22
138975,1.8623548293536527,1.8516452626927773,1
138995,6.630272343415393,-0.9614186710229656,16
139037,0.990748494364315,-0.7130638326337858,3
139064,1.9575047305541615,3.049259742449983,30
139070,2.1044502731984935,1.9766773264818924,3
139126,0.43326903034068676,0.11306805328826565,3
139183,1.3977875261503752,0.9051054616125211,0
139206,0.2786628444703102,0.22676961097984835,3
139209,0.9856151255414348,0.13369189969228085,3
139220,0.25458583947186303,0.23313377708569727,8
139221,3.5081406367161017,3.128691762448054,30
139222,0.5696307367239399,0.37257703864285063,3
139243,2.240692556787787,2.308028660899849,3
139286,0.43326903034068676,0.11306805328826565,3
139287,0.5229348596298673,0.1279940364067372,3
139300,0.4537039463378909,0.5144717681893662,3
139321,0.29274353980151263,0.018258984810924625,3
139327,1.2353851525143136,-0.8444862298732603,3
139359,7.7697623014948,7.699652867106657,28
139376,1.9424444707747042,-0.9578692128402706,3
139387,12.60471600859939,9.027572668742211,9
139396,0.7327546097160481,0.5313021145758571,3
139406,0.39471471051029244,0.10300672514383746,3
139421,0.9451403178694201,-0.7838896542502786,3
139458,0.4876451297727679,-0.10174775064817378,3
139462,0.6436363962861337,0.6501792118259254,26
139467,1.4297637416788744,0.42491946464420816,17
139548,2.92860320006555,-1.2748127853244267,3
139574,1.301856850734445,0.619752427505836,3
139575,2.2174174560221473,1.524699247397649,3
139580,0.6165381305587602,0.700696657794009,3
139586,1.1382216834340477,-0.6297919698717003,3
139598,0.13671654889121895,0.12320390981898213,3
139607,1.0226445044286632,0.18683502290811063,3
139630,0.8626733141306077,0.438513907015948,3
139634,0.5764394610020009,-0.867560041560021,3
139636,1.8724974585570942,-0.8487886441563086,3
139642,4.82094856358455,-1.2810002801251403,1
139668,0.596877858712249,-1.2328983138376137,3
139706,1.448129363921205,-1.0294230241779374,3
139734,0.3012841222351954,-0.29036423456659965,3
139742,10.686956164905968,-2.2023759464174533,25
139747,1.9739400343978848,-0.04789972178782975,3
139783,1.6851107770727012,-3.2002798744558185,3
139826,0.9806257902977387,1.2548863011948588,16
139827,2.3075149621780637,-1.0002365973457064,5
139828,2.6113447416481415,1.0911264711822504,16
139835,5.767891396625764,4.376912452219556,12
139910,0.6288154147187563,-0.6214802575731782,3
139913,9.287429804523853,4.172414684714418,0
139916,2.3991992508972557,2.7682003558887325,30
139968,0.3556360860398164,0.3204861198455801,13
140000,25.653280072306618,7.088315385916401,21
140005,0.989801968191772,0.8732168356455752,3
140013,1.5853232129827066,0.30785795801595245,3
140036,3.0664188181736507,-1.8473816816216817,3
140043,1.139435545361961,1.1543979360600798,3
140080,0.6850024850279142,-0.050244388076255045,3
140087,0.43326903034068676,0.11306805328826565,3
140161,0.2671175266318935,0.240125338809985,3
140167,0.34614439591258145,-0.6714581280119541,11
140184,4.987281316058983,2.1028196491125724,3
140196,1.3702533113879132,2.134481819714988,30
140223,5.9973879813602675,-2.8885808982511216,12
140255,7.17728676907294,1.5754387403170855,9
140264,1.6147325358968854,0.19364930267361083,17
140293,0.9371900849407522,0.7249266774563757,26
140294,0.9300340946498173,-0.6324164740531029,3
140340,5.678482966516367,-1.669127795441143,3
140358,9.080019142953248,-5.338941003210078,25
140372,0.9641691277673269,-0.7861633562122724,3
140410,9.007408432021986,-1.9623169115751844,12
140423,0.29603603288271935,0.0772550438578781,3
140424,0.6910275261000794,0.43721120393564045,3
140436,0.5354823616066636,0.5296026259268173,3
140451,1.3115077620049913,-0.008774377364198407,3
140478,0.3209460232624707,0.32223759342027775,3
140555,3.768968165045934,1.2333697303330111,6
140605,0.656689815237871,0.1416390398643846,3
140662,7.673798389377066,0.07095745114585877,9
140705,0.27405108691963564,-0.5259890281081306,3
140711,0.3488977029225111,0.3633014745462307,3
140727,0.45184985759089996,-0.06263504538385473,12
140763,2.5902611352305627,2.0068624018620866,16
140773,1.2032596630649912,-1.1929858405124851,3
140824,3.539192631026288,-7.083554418095971,11
140856,0.45024776783305764,0.17398944983046988,3
140879,2.078663246129478,1.3851658013293684,22
140894,0.7327546097160481,0.5313021145758571,3
140930,0.7231228256064947,-0.7811593241794842,3
140947,0.4227742652976265,0.3606532008549074,3
140974,2.0289974698293154,2.2023956961948565,22
141008,0.4415452307256521,-0.49636803005221514,3
141010,4.528603249755077,2.662324764844547,30
141015,0.5001402448462005,-0.2029727289648575,3
141016,0.5708342769597637,0.062192744505949596,3
141049,0.43326903034068676,0.11306805328826565,3
141088,1.298523371593976,0.11894496747139074,3
141109,0.7504129463884295,0.2899824163841164,3
141127,2.139268158549987,-1.2253109623312448,3
141157,2.2566647074834756,0.9385517603191711,16
141201,1.3489423303664732,-0.23049917109609877,8
141210,1.924487667111901,-0.6480386627452315,3
141309,0.48177260986210146,-0.0018150830359289628,3
141310,0.46697219207206925,-0.8801252051473658,3
141322,0.46697219207206925,-0.8801252051473658,3
141328,3.4268616890233154,-2.477569656665264,5
141330,0.37741951977531296,0.27383663882703946,3
141338,1.10969982439773,-0.5296582580210166,3
141385,0.6685074291478196,0.1260251223563859,3
141444,16.009578344656763,-1.367550521180713,25
141450,0.5899474816095137,-0.14161047441297425,3
141491,11.50851983886836,1.6730486254891728,12
141493,20.84338765049471,5.989108098348452,21
141511,2.8551189215799204,2.9519499375760154,30
141518,0.43326903034068676,0.11306805328826565,3
141543,1.412757192607516,1.2142154422526656,3
141565,0.19735735525514622,0.05150336257191873,3
141600,0.3209460232624707,0.32223759342027775,3
141608,0.43326903034068676,0.11306805328826565,3
141704,1.286871901013386,-0.2971272665854643,6
141710,33.72209885375076,6.360020491736557,19
141719,4.279157712258866,1.9618598743537603,3
141774,0.2927264081049924,0.30811760134124927,3
141801,0.1830857473638759,-0.14094063529367074,3
141819,3.850210046832661,3.245610547126618,30
141832,0.43326903034068676,0.11306805328826565,3
141871,0.49632736865959315,0.27802489881358766,3
141876,2.293752283964787,2.240503903063131,30
141888,2.00244355648765,0.6197712714989625,3
141901,9.50107528779204,1.6384869175814323,0
141902,7.351809405485084,4.907589479533577,30
141935,0.4971469027433282,-0.6794497753004672,3
141949,1.0980308073713272,1.0212384600162234,3
141954,0.590738221426962,-0.41190974942179065,3
141958,4.536718633871488,0.441540076669406,18
141991,2.464912976740618,3.104542182010827,30
141994,1.0618405509977986,-0.1073434919818768,3
142024,1.3904319390189466,0.04287974301557756,6
142026,2.2803387041806102,1.2473517065959752,0
142041,1.0590960611578244,-0.3047866835839382,3
142062,2.9732934805982043,1.684003963184133,22
142076,0.43326903034068676,0.11306805328826565,3
142093,13.705799935147894,2.247519375581544,9
142098,0.4120571092241805,-0.6257512478029538,3
142121,12.806141644661809,8.651610129381313,21
142134,0.525132892355438,0.5097956871210644,3
142143,0.578959223699328,0.10703983274906267,3
142253,0.7069863334224207,-0.05652537790835231,3
142256,6.487684418050076,2.634926541107107,22
142300,0.7261322131531341,-0.8408867730725968,3
142331,2.3232672363466618,1.086459755299846,3
142366,0.43326903034068676,0.11306805328826565,3
142398,0.7261322131531341,-0.8408867730725968,3
142444,0.39442694440682247,0.13630864423931083,3
142479,5.925865908495303,3.713577231345169,3
142524,20.1869442886675,13.307119816812401,21
142537,0.863948970831244,0.5414611160198544,3
142555,1.999272814784016,2.552475847248252,30
142556,0.7008795846809384,0.5256556556408312,20
142565,1.2065787262959864,-0.46752775485227926,3
142579,0.9618898140601861,-0.756713916663186,3
142584,2.453648550504926,-1.4411242393996857,3
142590,1.2184560432900007,1.1878904122027882,1
142600,2.2297292698447326,1.6047176166333186,18
142623,2.3082785954220033,0.24505502233943252,28
142626,0.7231228256064947,-0.7811593241794842,3
142649,0.7996843518591273,0.0811685772544555,3
142661,0.6155094877649181,0.526649164475993,24
142671,1.0902377004056325,-0.47250335334522575,3
142680,2.6777510918860616,1.8781989504986554,20
142715,8.518717286355773,4.736581575033874,9
142745,2.199339569829241,1.5911445383644203,3
142751,0.43326903034068676,0.11306805328826565,3
142775,0.11327746720297208,-0.0953854401632202,3
142801,4.0399396418222135,-4.299728329481149,3
142823,3.273891895898444,-1.2251257171173984,6
142861,5.037441396518613,3.005503831381583,20
142904,1.228446372242228,-2.1218411820947027,3
143011,1.222115269984825,0.5594177984266072,28
143055,0.43326903034068676,0.11306805328826565,3
143103,1.2184560432900007,1.1878904122027882,1
143134,2.709913443260234,-3.359466945591339,3
143163,7.959109756007944,0.6746490084983099,9
143175,17.54724765781065,-5.11507435197844,25
143199,0.9437000483204948,-1.983562477807763,3
143211,5.431052025490522,-0.2912534247348616,6
143236,0.7742518960637929,-0.1470573876211928,3
143253,19.930407310875722,-2.400212706718937,25
143294,1.1307157631342086,-0.13757947734222198,3
143302,1.8339522199315945,0.8974065980090695,24
143337,0.7008795846809384,0.5256556556408312,20
143349,0.8508190697267453,0.08360781522638432,3
143388,0.9150382780755015,-0.3271994456897165,3
143400,0.8069611323960277,0.6283142151828053,3
143409,0.6165381305587602,0.700696657794009,3
143415,15.91836912009823,3.193534765550328,21
143427,2.0792668854603833,-2.527608911140819,11
143429,1.4969689728638447,0.7594212933186791,3
143435,0.7261322131531341,-0.8408867730725968,3
143463,0.17090102295616222,0.1287044640187921,3
143491,0.5525893647824386,-0.2931372986735412,3
143497,4.216225864092979,2.5385162237679983,0
143498,1.1837764229277474,0.4574472618459437,3
143597,0.517717991795176,-0.21338249646594784,3
143609,1.4194229391382196,-1.585175935870089,3
143683,0.7355064853703919,0.8359043999724425,3
143715,0.6438431473916262,-0.08952733360748885,3
143743,0.3860122547832552,0.24926483969676003,3
143768,0.4182002319501911,0.03070754493945672,3
143792,16.833809936357838,13.873647124747299,21
143807,0.7380812611502026,0.5535566989338689,20
143809,4.631064280266303,3.8213136945359163,8
143837,2.4432850573075875,-2.562619311622881,3
143856,1.403243959980348,-0.4393543110424811,3
143908,0.3434274569341239,0.28976392484784497,3
143909,1.6750663746406809,0.799881747957416,28
143939,2.5600763606385564,-3.9025482610329383,11
143964,1.6643296577180355,0.10516832139815481,3
143965,0.7491150196563453,0.28139723534067634,3
143968,11.939868690773888,10.39232049331065,21
143976,0.8266939107773008,0.4711279049619928,16
144017,0.35349316671121034,-0.028262688954176156,3
144038,5.904026087775568,4.486476167224682,6
144062,0.8265170237027866,-1.2903096668129352,3
144107,1.1590933764808802,0.3715374777586472,3
144114,1.647566582781987,-0.9075302890720202,11
144127,0.7592208945043444,-0.9841021372543629,3
144131,0.49400294064535466,-0.5060431429623596,3
144133,1.1187520723596958,0.468318712159663,3
144134,0.4631299092356314,0.04648496871513616,3
144151,1.727861654778006,-0.15190553713937946,6
144162,0.5580088730210141,-0.4410284566279801,3
144186,0.7367193426099704,0.09220871202480622,3
144194,2.438917516988243,1.9050571779762613,3
144219,0.5639522971710826,-0.39323246911712617,3
144223,0.6787347578116811,-1.31117060311778,3
144227,0.35225288197985694,-0.10809469560091213,3
144255,7.262140512318101,-0.31215148044558816,13
144256,0.46594619261565834,-0.19204424681935306,3
144262,0.46698620663144197,-0.1855612833273021,3
144314,0.37481245712474953,-0.3214971827231152,3
144315,4.114290877846125,1.9282969537830508,30
144316,1.0295087042763036,0.8372612845300191,3
144318,6.85826831301654,-2.8687335428627425,27
144338,1.6022743812895237,2.495907514788975,30
144348,3.2968181204325813,1.7313609561739107,1
144395,0.2927264081049924,0.30811760134124927,3
144433,0.6910275261000794,0.43721120393564045,3
144458,1.752098497133182,0.001562594901158204,3
144466,0.9141106471366298,0.8501810179635059,3
144478,7.561466132899337,-8.934270487872492,25
144516,3.124260672128744,2.1592142438249127,20
144531,28.937503521870045,-5.339039015230122,23
144534,0.4184459637383465,-0.08730926031809959,3
144549,2.4326855172800825,3.284348345190889,30
144555,12.902962249559806,-0.5879258641931043,22
144595,0.8751321088901474,0.3117174897735661,22
144619,2.0748232722555375,-2.2223877003717356,3
144628,1.2184560432900007,1.1878904122027882,1
144707,0.4876451297727679,-0.10174775064817378,3
144727,1.364355304076939,-1.5965006653825982,3
144729,0.5867131231338104,-0.29647533688724664,3
144742,1.5026936715766204,-0.8412417414014247,3
144799,2.3877866919663155,2.4634442587624115,22
144811,0.7799396081511606,-0.37939085892848323,3
144828,2.7902011223859278,0.40376901285908334,20
144830,0.4631299092356314,0.04648496871513616,3
144892,0.44406377061498126,0.081134649219999,3
144899,0.18665811408047983,-0.0033474778215332917,3
144910,5.0011302954918335,-0.9224031078421093,1
144925,4.970062707569146,0.4874480037321556,0
144943,0.3222263829802241,0.1712538705064163,3
144953,0.9679161795327291,-1.1402366339308674,3
144967,0.47026818727253017,-0.6072542972522197,3
144997,1.395178202001613,-0.24055231422497217,3
145053,0.4258465267462017,-0.21353187502533633,3
145109,2.8757348559276803,1.2377680523007033,30
145131,0.6148687584021343,-0.9253973776640224,3
145161,1.191210340826844,0.7795142753508284,13
145165,6.458223482870906,-0.9137080211902967,18
145190,0.43326903034068676,0.11306805328826565,3
145198,3.073952482795903,-3.6912365728073557,29
145218,0.5610097955507788,0.5667126793986854,26
145234,0.6179551108566778,-0.9859406851085919,3
145236,3.1844791958238314,2.8862406845309145,22
145247,0.3209460232624707,0.32223759342027775,3
145286,1.0610218112841252,1.0046927157708705,3
145330,1.1752851177470955,1.0930898802387934,3
145344,1.0863192868814824,0.9599496700777737,3
145369,7.982387675038184,-7.855445616006777,11
145412,1.750179482716172,0.7025143475652608,3
145431,6.130936428541821,2.3238207618318847,12
145449,10.88638981260344,7.599334750106326,18
145451,15.355359879428955,-15.18733213670988,25
145473,0.3222263829802241,0.1712538705064163,3
145474,0.27405108691963564,-0.5259890281081306,3
145496,1.181660715311242,-1.3881863479591234,3
145543,1.7388865121001982,1.376524105462344,3
145546,0.4535197766666105,0.3002507778307115,3
145612,0.48232557059145725,0.513098709198417,3
145614,0.540710721999593,-0.862698099470018,3
145619,25.46120041789316,4.172429206532888,21
145635,1.4138948206384254,1.3679543544831245,16
145641,18.367755016637233,11.842715668092792,21
145688,1.3599120857811111,1.1429299924214738,3
145706,1.3702533113879132,2.134481819714988,30
145737,6.279455748686159,6.1029840165594305,30
145765,0.5913805603090262,0.21900189114358698,3
145783,0.7874695394021968,0.648130041327258,3
145885,0.9577943559871767,-1.4598477596563395,5
145887,0.5177462219071206,0.40063591996027526,3
145898,0.43326903034068676,0.11306805328826565,3
145947,0.9748474395616767,-0.6350502510700675,3
145956,0.9514906461461949,0.22185911422003912,3
145961,0.8618860262903452,-1.3126767104578243,3
145992,0.8247702536838468,0.585027240395398,28
146026,2.6930044172915863,-0.9417122963064015,1
146083,1.8161948031560833,0.620472089707465,3
146106,1.6309486623239275,1.055235228271888,8
146108,0.43326903034068676,0.11306805328826565,3
146110,1.0326982537417124,0.38527929355832835,3
146113,18.504670749139205,-0.36639728819128997,27
146118,1.8672363767389564,-0.2737172016606451,1
146175,7.824742993455783,1.592462153603587,30
146207,0.5538310334601303,-1.0743330048191266,11
146230,3.4975914174376186,-2.0481451063546143,5
146279,4.792299953080315,-4.787932135800902,3
146281,0.5452119568360159,0.31459733353225205,3
146310,0.43326903034068676,0.11306805328826565,3
146345,1.7751569832367735,0.6764491529895307,3
146348,12.005272438954988,2.237025626834658,0
146386,0.6055828707787707,-0.6473751644632864,3
146407,0.7384227767837025,-0.5148871867772383,3
146421,0.3115717870603538,0.08020852641512137,3
146428,0.38429297400133394,-0.578373361040014,3
146466,0.43326903034068676,0.11306805328826565,3
146517,5.288053667592482,-2.452500917064412,5
146530,3.685140974069026,4.82599501073642,30
146564,3.854776167014196,-0.10357010960527203,3
146573,1.8037455979432493,1.084840427427074,3
146582,0.5810387329220748,0.1422155960074858,3
146585,0.28252609962471914,-0.39475095597945165,3
146616,1.516159552396703,-2.6067350394485866,3
146641,0.7518685694499336,-1.1459804913302265,5
146699,0.9207269787889275,-1.7737396120448756,11
146709,1.2419458058315027,0.1486463724084698,3
146722,0.5339821939742341,-1.035829811464595,11
146778,4.329098776351281,4.983956047180072,30
146803,7.323607843386077,2.023285212042486,16
146804,0.43326903034068676,0.11306805328826565,3
146855,6.745407562054882,3.394431343888052,22
146878,2.0541242388804237,2.43327246940512,12
146900,0.43326903034068676,0.11306805328826565,3
146932,6.0941443336542385,4.377211447219369,20
146991,1.8691762548200668,2.0837894899815543,1
147045,3.4094953408359197,3.260564831262229,22
147101,0.5864479870688929,0.3882553161604029,3
147141,20.720034142085467,2.3151936430617774,21
147156,3.3915656872954156,0.5969311449900574,3
147162,0.345270479491126,0.2750076958609463,3
147166,1.8949971015987868,1.7824206147609676,1
147224,4.713520086098894,3.6574455470502416,6
147307,0.48799327249033964,-0.07277733668788518,3
147385,1.3088279769040427,0.24207207733733477,8
147396,0.8420363235533004,0.8960068167014643,28
147414,0.39442694440682247,0.13630864423931083,3
147420,5.010519637761968,4.099067559804844,12
147451,8.574163295150138,2.027510441495965,28
147462,0.9701877931234435,0.6585820662399572,24
147475,1.1653810941584124,-0.8353104572916484,3
147513,0.6685074291478196,0.1260251223563859,3
147528,0.7752856433853088,0.3333825956602912,3
147616,0.3725880311641917,-0.3590837700806949,3
147640,0.2927264081049924,0.30811760134124927,3
147649,0.6258795856587406,0.07833586976521827,3
147676,1.7804973505470454,0.029901287991952352,17
147678,1.008735264778862,0.9356405324354883,3
147686,5.567865551062074,1.552468995960976,22
147687,2.8845562810200023,2.173518807154347,24
147752,2.5613904998770938,-0.05970524406178932,0
147762,0.8969489354064208,-1.2493278538633716,3
147764,1.2656322942307359,0.10465457283516076,3
147803,1.5888446741230244,1.2396554549294692,1
147839,1.946138212647865,0.2550317150482092,16
147847,28.404402403949113,-0.01723148158722597,21
147851,0.7530542934754649,0.09819666953170575,12
147863,1.7375718040769623,-2.621508923507267,3
147900,0.4504157283316166,-0.1789768506931075,3
147901,0.15378655570840044,0.16380943845296234,3
147947,3.884645029451555,1.6032028942417542,22
147965,8.175031462313115,0.25494438580378276,20
147975,0.3967101578062343,-0.6423127188783251,3
148028,11.770084768514378,2.6892394855071773,9
148030,3.848113089771509,0.5429610475408577,28
148052,0.36641733065155996,0.02285416265500732,3
148053,0.5000822345435763,-0.2761585965234697,3
148098,1.6022743812895237,2.495907514788975,30
148121,0.6399645775948314,0.6596993218719239,18
148123,0.9342873171501003,-0.06851085380076223,6
148124,1.083029678699895,0.934302684674393,24
148153,0.7327546097160481,0.5313021145758571,3
148154,1.7617542574987453,2.7443337682049846,30
148157,3.219844943478312,-0.2230283482348925,0
148191,1.0773297408955256,0.06419400419922758,3
148192,0.7468324607052916,-0.864858391533582,3
148199,2.733601000303669,-1.1380960563861173,18
148220,0.5456750085187563,-0.15084138224836935,3
148239,2.0253663833676714,-0.17943496611923848,28
148258,3.978671762377267,3.821670123207522,28
148263,4.272477607948913,4.592899031874528,30
148303,1.9575047305541615,3.049259742449983,30
148314,4.145520658525579,2.3979722287255596,3
148344,0.6055828707787707,-0.6473751644632864,3
148378,0.9088806077481473,0.4114067796649625,8
148408,1.1119304336556979,1.037872299236174,22
148514,1.5886907877757515,1.2034844368006588,16
148547,1.7617542574987453,2.7443337682049846,30
148586,1.5875988343841467,-1.319807627317774,18
148590,1.7981921734751516,0.21947287619233438,3
148604,0.32367278020782475,0.27309608846279193,3
148607,1.0092348263057331,-0.08154095217899131,17
148613,0.46594619261565834,-0.19204424681935306,3
148620,1.1375861018170554,0.6712064304857492,3
148621,0.3725880311641917,-0.3590837700806949,3
148662,4.312594680707033,3.478224658522181,30
148671,0.9571629086782598,-0.0701883102726881,6
148695,2.8709782940726414,0.9161970928146415,1
148712,3.822495270674849,0.7427921442713159,16
148739,0.571361230072497,-1.1850888121372727,29
148744,40.3405113464915,-4.158405378640213,2
148782,0.7405324675931539,0.4492767464184635,3
148798,2.289927686423418,1.7938962122264714,16
148804,3.3871390507147257,2.5575881263853297,16
148847,1.121811417255175,0.9788923413368703,20
148898,9.767126668726117,5.674676102409229,16
148928,0.4458605511524963,0.36283137756775735,3
148929,0.4146668231416959,0.3122829243246661,3
148934,7.286661532090599,6.04995199663641,30
148953,0.5074082461864566,0.05528243956084408,3
148962,0.3128794054295034,-0.4098452607324942,3
148965,0.3624025942566232,-0.1493677475261635,3
148969,0.43326903034068676,0.11306805328826565,3
148986,0.9354379991142094,-1.0395501430272578,3
148996,0.9004955356661153,0.34797889966093976,3
149043,1.1696869490744994,-0.6693737517239449,3
149061,1.971869229424648,-3.2129500402562345,11
149069,5.674623253936063,-1.7784906458399399,3
149071,5.3725870408122365,1.8355490627853983,16
149084,11.629982612757567,1.9638414332896947,9
149111,0.49033765691359454,0.5572695999816283,3
149120,3.686196317594797,0.6400067915188249,3
149140,0.6257588108590068,-0.8196905214649884,3
149172,0.43326903034068676,0.11306805328826565,3
149194,0.3205094744044199,-0.3817678123033507,3
149198,1.0436011536551884,-1.378564656315671,3
149204,2.5078152389789645,1.3034567088870455,3
149206,0.45882000978057647,0.040690095024801,3
149231,9.05110087371293,7.113776957780374,22
149250,2.089166534628686,-2.8573950156583736,5
149259,0.3057697038027656,-0.2622670499181423,3
149267,0.8580475665105214,1.0980255135455015,16
149361,0.611373283791253,0.4562491989012001,3
149373,1.9268207513291742,-1.390739940519908,0
149400,0.5890380438060671,-0.38637141272293724,3
149445,0.3300837091083466,0.3022700006352489,8
149483,1.909124335719584,-2.5981898687874634,3
149484,0.5639522971710826,-0.39323246911712617,3
149510,1.7218443502433687,0.49294530686344357,3
149511,0.7327546097160481,0.5313021145758571,3
149661,5.728826272061323,2.964809273460044,0
149690,10.92974802557708,-0.3259486900127067,20
149802,3.3499115269519275,2.9497970968991685,30
149810,1.5159948018470721,-1.9861608191489086,3
149825,0.7655010432320875,0.5550457378041456,3
149893,2.2612044421517057,-1.0508489316850274,3
149907,2.637446394355083,2.2691048698825282,22
149908,11.921818327931359,3.7824172571630896,9
149934,18.746871523052132,6.991520898563688,21
149985,1.6827212669533884,1.1366364302518424,3
150000,0.7206903297246703,-0.15792006354688004,3
150042,0.5893754740879763,0.07376696961984498,3
150054,0.6945116080195182,0.13092735631997962,3
150067,0.8172294281893243,0.9287826666360471,3
150124,9.745428972689114,-0.7083931977724846,16
150297,2.153503604822618,3.0823060395871655,30
150327,0.9470475843001168,-1.3582932683582416,3
150350,1.092733696941575,-1.3205996319105975,3
150364,0.43326903034068676,0.11306805328826565,3
150431,0.7577627656072463,-0.6078462225930473,3
150464,0.7261322131531341,-0.8408867730725968,3
150468,0.9166065560074598,0.7544167936666394,3
150471,1.6628827737163459,0.21740785423126177,16
150482,0.3247242619180553,0.17258141989018697,3
150498,5.444186080686792,-4.9908568588211555,11
150508,0.4408131141695732,0.48957405003277077,3
150554,0.9577943559871767,-1.4598477596563395,5
150555,0.4146668231416959,0.3122829243246661,3
150561,2.6109512502862904,-1.7947583965386222,3
150566,0.360124454604894,-0.14855279814474465,3
150567,0.3209460232624707,0.32223759342027775,3
150587,1.4354779708395513,1.3487526803423857,26
150611,0.235772174946484,-0.05659454542709576,3
150627,1.458345947609504,-0.1002499458105384,3
150657,0.3623992098093195,0.20263836288954318,8
150661,5.981794658623338,0.4207932035235021,6
150695,0.43326903034068676,0.11306805328826565,3
150704,2.482578984092884,3.3849072210714053,30
150706,0.39310431853355443,0.20136956836508285,3
150814,2.566246787791838,-0.39316996216364564,3
150890,0.4693704985070483,-0.23718026950979731,3
150894,0.7842920319081865,-0.8590703630171692,3
150896,6.130657684520851,-2.2254161873160836,0
150911,1.815191875603053,-2.5209318077789757,3
150928,0.5322462462757905,0.5167012860701147,3
150951,0.6004459635924226,0.37990049994407693,3
150960,2.120808688515247,1.23830634733553,3
150966,0.751230099447132,0.5636478824342563,3
150968,19.283456974659032,8.439354345694563,21
150979,16.58489185289,0.3759011366316401,21
151002,0.7182301297996894,0.7774144273208845,22
151043,3.07694369849659,1.4253088265108507,3
151063,1.4495769363454332,-2.498934297234453,11
151068,0.43326903034068676,0.11306805328826565,3
151086,1.5364730444256427,1.5248151421324818,16
151093,2.70349356658496,2.167426696001934,1
151098,2.5921457139241997,2.029772262825043,3
151101,3.4169151806376226,0.9098477359716203,3
151104,4.297296869736807,0.29703664373006494,3
151107,6.882248951895962,4.8291956603234185,9
151122,2.0433445864492428,1.9332619159097975,0
151139,2.2994497475994744,0.9698536306757584,28
151143,3.8733506421032313,-0.8445428322487711,3
151262,0.9945733745877984,0.1961838438033015,12
151263,2.032051333211663,-0.20384299346257514,3
151370,0.7376256140433142,-0.32112264799634477,3
151434,1.370195854630653,-1.680711881031296,3
151454,0.25873998276879007,0.18772873023035955,3
151459,1.333529217381694,-0.2545463095555388,3
151470,1.2257822378721732,1.5686078764935734,16
151483,0.8514692622908779,0.14377559822772237,3
151503,1.966323476580452,-0.6416489281886335,3
151537,6.1263800668237325,2.9674939458233576,22
151589,7.708940872194701,1.4284281812081119,0
151608,1.245027307439707,0.10695814124767407,3
151613,1.942897754195099,0.4513801890065842,22
151634,2.227673230083138,0.8280443840109937,6
151643,2.73559370971201,2.8186029653028926,30
151653,2.582320257878559,-1.0445149104354918,3
151655,0.22342078489718414,0.028570986576118968,3
151702,3.667669082476838,0.08883776609081857,20
151738,4.0186416421371085,3.062053348909582,1
151750,0.4535197766666105,0.3002507778307115,3
151762,0.6422545380295545,-1.3266274254159118,3
151780,3.4018660638419886,-1.3353200729605923,11
151786,1.0161004892939591,0.618220912633613,3
151787,0.6839908803311506,-0.5616776684222,3
151790,4.20200238487055,0.3743907302067889,20
151799,0.5580088730210141,-0.4410284566279801,3
151800,1.150280039009921,0.12421003932045695,3
151806,0.8988902522498222,-1.7244345908861183,3
151811,1.099595309172106,0.5506650763825741,3
151824,1.3354574339077983,1.5621204993191597,3
151846,0.6399645775948314,0.6596993218719239,18
151847,1.5142355340145341,-1.7544005524405544,5
151928,1.2556660714080514,0.6463099087872047,3
151967,0.4285681023890787,-0.23956716309489168,3
151991,9.597730393585183,4.688698069728686,20
152016,2.9834240651882062,3.4253789570616138,1
152020,1.101485648576951,0.5490202777253856,3
152036,2.7254879577663047,0.7811969795355633,3
152046,0.5380101636018675,-0.8097227054560197,3
152047,0.5550089752902989,-0.16856775742337204,3
152082,1.0666803603433808,0.4423294320983072,3
152099,2.866622576837258,0.0017789898497410264,3
152107,0.37741951977531296,0.27383663882703946,3
152186,6.248770081706864,1.1734250066929062,30
152206,0.2933565615669052,-0.14823766844362332,3
152249,4.324253277105084,1.0660479598952544,0
152260,0.4691583896551143,0.3106042529283223,3
152295,0.6815149460450198,0.39324666691531507,3
152307,0.571361230072497,-1.1850888121372727,29
152309,4.008454162978096,3.6216785906860762,16
152354,7.074149197469912,-8.46562983249763,11
152357,0.5810387329220748,0.1422155960074858,3
152376,0.7400116018554432,0.3743919506865197,3
152409,5.197851443906667,3.377835748144149,3
152483,0.19056685628311584,0.20058662637651797,3
152496,0.863948970831244,0.5414611160198544,3
152514,1.2615504977427654,-1.6964683171399266,29
152524,1.3260612710279198,0.5795961238049565,0
152548,1.0935259184119066,0.220945265537248,3
152579,5.425611680221737,3.646438247789239,8
152605,1.6464240207140217,1.0418205840316557,16
152620,0.973445294664192,0.6042411306133982,8
152640,0.41167103043167236,0.041319972191232145,3
152645,4.296416078014371,2.873883912112227,3
152651,9.298723595324505,3.690626995827804,16
152696,4.484657811244,-4.873928253031038,3
152738,1.4581851027446122,-0.011695322882244365,3
152742,1.4513246652524863,1.314337855359926,3
152811,0.4333831103553182,0.3526775143895552,3
152813,0.48419336040323313,0.501442588232554,16
152856,1.6022743812895237,2.495907514788975,30
152942,0.7198484942201484,0.7791661497799222,22
152946,10.047277217617733,9.939975699358689,22
152958,1.2184560432900007,1.1878904122027882,1
152960,0.42209142271939065,0.14041349023700972,3
152963,0.26102941915947764,0.033380368053982076,3
153040,1.2184560432900007,1.1878904122027882,1
153042,1.2359993680257726,0.887055129562588,3
153054,4.699969902909864,-1.0911879723737075,22
153079,1.2620465936514917,1.236777909547406,22
153091,1.0980308073713272,1.0212384600162234,3
153105,0.3725880311641917,-0.3590837700806949,3
153115,0.5281823121941118,-0.6314352553672392,3
153158,0.4495586820299884,0.3861742429088881,28
153211,3.977439324762316,-3.717192558307688,5
153215,2.573409344647804,0.546816126910305,3
153249,0.7355064853703919,0.8359043999724425,3
153257,0.5867472780982539,-0.5428040733642502,3
153279,0.5533638404608379,0.5730772436943475,16
153283,1.29119830224669,-0.43189708171367147,3
153284,0.5211177828852606,-0.4820897613184993,3
153322,1.4090127662691598,-0.13282335565654282,12
153336,0.34396627871686014,0.1761983723194475,3
153340,0.2927264081049924,0.30811760134124927,3
153342,0.7518685694499336,-1.1459804913302265,5
153361,4.453177803065568,-2.982532792084368,3
153365,1.0891777465397183,0.019802446981546096,3
153367,0.6815344333852192,-0.026140320806466093,3
153400,2.2958081507594557,1.805800198017219,24
153424,0.6312679889413633,-0.1767236476791232,3
153496,0.8668929007996505,-1.7980657839324137,29
153502,0.5138907838529082,-0.0019360885716575604,3
153513,12.48308452504978,2.906783918667312,24
153563,0.5444505500197875,-0.2658752548546807,3
153620,1.2019116905170184,1.4059084493872438,3
153621,0.5920720657654387,0.1545100877157562,3
153653,4.233372341888952,-5.002303397794114,5
153662,55.43715544887744,-5.49872417890137,7
153676,0.6225343205184426,0.644711899156141,16
153682,1.6305455135709144,1.3989852154036848,1
153718,8.392286400810065,-6.767338892118551,29
153723,1.366390625936319,-0.25569844211140624,3
153797,12.146117130114758,3.7804818902056168,9
153818,0.44665858152198995,0.10932458162221542,3
153869,0.43326903034068676,0.11306805328826565,3
153927,0.751637060664758,-0.39816739434467385,3
153950,0.9984557023148308,1.286962012317125,3
154003,0.37741951977531296,0.27383663882703946,3
154021,0.7859072498216134,-0.18864848475698584,3
154064,1.3878287247297805,1.5603847530754287,28
154070,6.694174677737405,2.4512609748193026,0
154125,0.43326903034068676,0.11306805328826565,3
154126,1.2019116905170184,1.4059084493872438,3
154137,0.6272135602816539,0.7174401701056712,3
154160,2.8463243670806704,-5.947186661980544,26
154269,0.7897598121280626,-0.8174106960064107,3
154330,0.39353051051487625,-0.5976166955761544,3
154345,2.9955262035787427,2.8832878231242547,1
154346,0.8068346188600237,0.42154861666128424,3
154354,1.034248649177423,-1.9841066712592583,3
154409,1.3045205690469055,0.2143993817658689,3
154443,1.3120386925319376,-1.7207682101758301,3
154460,1.2006607142214871,0.4639718662145863,3
154465,3.618425507035857,-0.5305896092890948,6
154469,8.389247307270685,-9.593977127690987,27
154487,0.6298674324426299,0.6817703810574319,22
154529,2.828900958827817,0.5118354669806865,3
154543,1.2314439960931178,0.7520548188820885,3
154583,0.4301072876330278,0.27773891314526633,3
154610,1.1733524453500723,-0.8609355579502392,3
154627,0.8379442897294238,-0.6646649551021152,3
154663,0.9101432402206147,0.8947474074318581,13
154675,1.4282125404716908,0.5814492110172528,3
154679,1.0980308073713272,1.0212384600162234,3
154730,10.14715283800747,-0.5556658241569384,18
154763,0.7577627656072463,-0.6078462225930473,3
154773,0.42680109345958595,-0.2622375201471743,3
154781,0.506039365126259,0.1748803948873652,3
154787,0.7327546097160481,0.5313021145758571,3
154791,1.6221297795611642,2.138154889201728,16
154811,2.175517399287211,-1.386805473934306,29
154844,1.7642771722518915,-0.7928447412063401,16
154857,0.3950219321053086,0.07217424166620183,3
154859,1.4575194394242657,1.1218900134526697,16
154944,2.2852596495884736,-3.2263219388256497,3
154975,6.199125635741469,3.411337121586792,6
154981,2.207157836501362,3.087079427558484,30
154992,9.15533466999665,4.976028635364345,30
155000,2.796386903345407,-2.8222055004975974,3
155011,0.5459403187298044,-0.7461356489229565,3
155014,18.356924905525972,-8.841305035973313,25
155043,0.4535197766666105,0.3002507778307115,3
155047,0.43326903034068676,0.11306805328826565,3
155141,2.3193603166868795,-1.182661330848837,3
155146,1.5747112861834924,0.9383155119604584,8
155147,28.813361954076193,6.969660397411496,21
155154,1.8960586301939581,0.800363200915705,3
155172,0.7331179940107083,0.5907937594590772,3
155173,0.6802092679970717,-0.18144479920855272,3
155219,7.618518219705239,5.540438502686294,16
155258,1.6022743812895237,2.495907514788975,30
155286,1.2854475794282343,0.7991671078708554,3
155287,0.6767064064832323,0.37204428037256865,3
155291,0.8457275449776495,0.4278765150703082,3
155306,0.6411540520580329,0.6476716335984977,26
155332,1.0506733675934707,-0.25709531387791906,3
155343,1.0179090693480843,-0.8923941592636623,3
155368,0.5619727207758601,-1.1607989972389228,3
155376,1.1187292033585639,1.0424721531497627,18
155450,1.6682931653389235,2.0269362335890353,16
155495,13.647301975350324,-7.99611109730604,25
155549,1.162562161762342,1.3765870121834374,26
155559,0.7327546097160481,0.5313021145758571,3
155580,5.811913292580072,6.210974270226425,1
155603,0.596877858712249,-1.2328983138376137,3
155650,0.6996945685221503,-0.18598868182456202,3
155778,6.496060811104171,3.8578150785835557,28
155807,0.9509223580843943,0.09881368812698671,3
155808,1.435801341047789,-1.363719963606566,3
155810,0.7025401812411946,-0.19667631757837906,3
155820,2.1847559390203286,-0.5076123645021464,3
155824,0.596877858712249,-1.2328983138376137,3
155913,2.0897096013987753,0.6923397793851618,3
155940,2.0236127143176716,-2.473718517398856,3
155982,1.0505781249438013,0.40597538293776303,3
155992,0.2575705927005929,0.21732294363588373,3
156020,0.43326903034068676,0.11306805328826565,3
156089,1.700953058917097,2.521659196074934,30
156140,1.244000555848409,1.1279112293295208,3
156150,31.496384668439752,10.558680464867136,19
156163,0.43326903034068676,0.11306805328826565,3
156214,4.245139425888217,-2.043866385377508,1
156243,1.1467299006505476,-0.66058913900267,3
156264,0.43326903034068676,0.11306805328826565,3
156269,9.434364088804802,-6.09370610360315,26
156274,1.0925752197828358,-0.5613060379350068,3
156300,5.067311226051452,-5.785406657333895,3
156304,1.103204014084956,1.411747088844216,16
156319,0.3205094744044199,-0.3817678123033507,3
156342,0.21282911911198804,-0.3134099274368618,3
156343,1.2469076649395856,1.0934049836678743,3
156432,0.5619483525374855,0.4827178036361101,28
156438,7.0631474793808815,-1.1050293145555181,22
156467,5.980009959905603,-8.301379373657394,29
156494,0.35225288197985694,-0.10809469560091213,3
156527,1.7617542574987453,2.7443337682049846,30
156534,0.43326903034068676,0.11306805328826565,3
156551,0.5648081138868958,-0.23383453687351838,3
156575,1.1714965678797575,-0.018930472671832704,3
156584,1.7088503620890643,0.7677107248608533,1
156642,0.5580088730210141,-0.4410284566279801,3
156670,1.6035732259274575,1.5266763903334037,22
156706,4.275837035936403,0.9414618755979184,17
156726,0.43375732328643707,-0.42717329066554416,3
156816,1.9827800476022108,1.746739030787017,1
156837,0.43326903034068676,0.11306805328826565,3
156876,0.43326903034068676,0.11306805328826565,3
156972,0.43326903034068676,0.11306805328826565,3
157018,0.6300363138823597,-0.4379814633521528,3
157068,0.6398219720740158,-0.29352650265211827,3
157079,1.5809921770464754,-0.8838384077968506,3
157082,0.4816371858266568,0.5349139127944263,3
157083,2.054610156810994,2.0772438481763666,16
157101,0.3267159103850676,-0.13477163815314488,3
157127,0.877332800955668,0.19420270250826466,3
157163,1.2705103214048783,0.8982326942836818,20
157187,0.8708851171574445,0.6519855628956286,22
157192,0.5944110425490238,0.5878842546173283,3
157247,5.266522590807557,4.562682064468695,30
157252,1.1682325988629723,-0.3523201339696749,16
157273,23.45589756575893,4.539139675764735,21
157281,0.5520807414127892,-0.565536458525016,3
157290,0.6898005137977226,0.3506392436305865,3
157380,0.42680109345958595,-0.2622375201471743,3
157468,1.7250280299200842,-0.8510466638669386,3
157558,1.0402670547648645,-0.24255329553353866,3
157594,1.6181714691328328,-1.0008116841376766,6
157602,1.1470043226014404,0.9738479401771285,3
157655,1.8194879401608326,-1.1970744659257202,3
157660,0.8226904671305989,-0.6678507432920593,3
157684,0.46697219207206925,-0.8801252051473658,3
157787,0.6537835425514594,0.7430261333088377,3
157799,13.230155891523262,7.87577889516881,21
157811,0.9007979493167773,0.2539009634795448,3
157818,0.43326903034068676,0.11306805328826565,3
157945,0.5316390460736878,-0.21701746325034518,3
158033,9.358180557845438,5.06082451532282,20
158034,1.280472546286733,-1.8354879592515694,3
158065,0.8915738471501506,-0.5431411310611565,3
158104,3.983242690419874,5.4424917712834615,18
158127,1.0852060578460685,-0.5575201612148203,3
158165,0.41167103043167236,0.041319972191232145,3
158172,2.5653470652548194,1.666597072944737,20
158226,3.174603559804936,2.0196827980547303,1
158254,19.405851735724088,6.285800387049315,21
158258,1.1678591464376253,-0.08563856725095279,6
158262,1.1250601709063608,-1.864333569204853,3
158295,23.068673107144708,-12.338664986653608,23
158344,0.7468324607052916,-0.864858391533582,3
158347,1.0336960381569689,0.17206991471565813,3
158385,3.172616247992555,2.3354597541146997,1
158433,7.344080594159768,-9.329472347294148,12
158506,1.3471088960967745,-0.46856436682765235,3
158509,1.6132053287937673,0.15612231360397893,6
158559,1.051073231793863,-0.07707471052585751,6
158567,0.27405108691963564,-0.5259890281081306,3
158583,1.6860127977399464,0.813236139654169,3
158606,1.0138267299263368,-1.2613988652244958,5
158618,0.564638545307972,0.20909870485156432,3
158687,0.4333831103553182,0.3526775143895552,3
158746,1.5234505664375892,1.0317043333195843,28
158774,3.481545634934284,-0.27179421353961686,3
158791,0.2872849620551584,0.15225403519848785,3
158846,2.6642923068806095,0.29070943916840636,3
158852,0.2713648800508419,0.2825678135359572,3
158867,0.39379305843684254,-0.41417951117644786,3
158918,0.7745000683027683,0.4576025546933271,3
158984,0.5090099189734506,-0.15619821742842802,3
158997,0.5189257654762083,0.7264078003575118,3
159004,0.45689420395797237,0.44123321357959827,3
159033,31.10083546994998,-3.5592922142091834,23
159040,1.4596129037271948,0.3098271598104815,20
159059,0.3234500938211109,-0.5236974781098539,3
159137,5.573980792400487,4.956694900266546,30
159211,0.4333831103553182,0.3526775143895552,3
159230,1.30002259925513,1.2674108268463538,1
159376,4.215368849012451,-4.462736672914237,29
159428,0.428693752013255,0.2068379367679981,3
159440,4.548525489450922,-1.26558277625736,13
159455,1.3544628761743374,1.3988854399261827,18
159506,8.1842173159067,-9.793846506397001,25
159510,0.19735735525514622,0.05150336257191873,3
159525,0.3209460232624707,0.32223759342027775,3
159546,0.6156968837523753,-0.02361511505865699,3
159564,0.3820426059739037,-0.02012328912281061,3
159647,1.5086039462536653,-0.3004850578924613,6
159720,2.6707881631917343,0.8141416782954836,3
159732,3.9954234061599756,1.9950634836266326,3
159754,1.7402853454008818,-0.3053889653996884,3
159783,0.2635611436146628,-0.06032115494989612,3
159802,0.3341960868444237,0.08088099581424428,3
159817,2.956753165200885,1.9072529219931431,3
159822,5.31907100360844,4.281745457654183,30
159834,4.814144643404459,-0.8418429488527249,30
159847,2.3510068304953884,1.0654977674746615,22
159854,1.2882907809541668,0.9004665176823674,3
159858,10.472695392812142,1.543421602996548,1
159860,2.216172204114809,-1.2698522179875646,3
159946,1.6064872611996885,0.6820000868443239,22
159950,0.3036236190757554,0.10492823693241912,3
159977,1.3854552129768665,0.01958415882666258,3
159998,0.47606160214221754,0.5064350895984376,3
160032,0.9672512243149208,-0.9227617581763293,11
160117,0.6312679889413633,-0.1767236476791232,3
160165,1.0723703264966111,0.6574591169165556,3
160168,2.2395676348916744,0.08702823605020027,3
160180,0.5103265202347488,-0.02688037395081319,3
160200,0.7518685694499336,-1.1459804913302265,5
160231,1.3061286070458062,-1.4401567594976725,3
160295,4.291386036045532,3.9504224650091078,28
160334,3.1181382862925884,1.099710725565469,22
160344,2.3213536912265464,0.46044864645832817,3
160378,0.7757417229900122,0.011239689484659735,17
160393,3.4893605729082076,0.34723973859307705,8
160401,2.410067445725975,0.41225364761614186,3
160431,1.255468755108335,0.5924240909050066,3
160434,1.8856193682949995,-0.22687766726455144,3
160451,1.499204694929402,-1.4875469632524643,3
160509,2.7704448298561966,1.5641182940767822,1
160541,1.0927737853438746,1.2782469046648166,3
160548,4.3986251619726415,4.92762396227304,30
160551,0.4804926508038228,-0.1961987256181966,3
160558,6.859471412593249,-1.172947404222034,28
160571,8.193388078873504,7.266649577530224,18
160574,0.7261322131531341,-0.8408867730725968,3
160614,0.3798794117208939,-0.6244831007082481,3
160636,0.3222263829802241,0.1712538705064163,3
160681,7.488280776752047,1.2596888781509332,12
160735,4.644014387965076,-3.406689129943982,3
160803,0.15761529283257777,-0.13187759779933253,3
160812,0.5867472780982539,-0.5428040733642502,3
160819,26.744726361401785,13.468976146156733,19
160841,0.9514434880998557,0.48136107945409673,3
160878,1.500825892776859,0.5799648327682329,3
160994,1.1786664694578692,0.5842046135126983,3
161032,0.643898786063652,0.663754850489989,18
161037,1.1850456013602002,-1.1197764339791345,5
161039,3.7873342981261873,3.4132321639487766,16
161041,2.949344815307284,1.5889490957814234,22
161070,4.96855836662034,5.724176814408761,1
161102,0.28109322179634016,-0.42686906826868165,3
161114,1.8023265955049312,2.31670064044837,30
161211,0.525132892355438,0.5097956871210644,3
161222,0.8663290012189919,0.5321662222035594,3
161234,0.6264467282265277,-0.18710488404214398,3
161237,0.37356558851933697,0.3084805633730186,3
161250,2.3355374729671285,-1.957942475169431,3
161252,4.431269832341227,3.2304915068998437,1
161265,2.179639721345417,1.4187667463988176,3
161299,3.3240520634920605,-1.6022986788653173,3
161326,1.5068808034679857,1.7436322161686448,3
161346,0.3932957360455572,-0.17830597027276113,3
161348,4.199581981554944,-5.711073072984477,5
161361,0.4209318325742367,0.4532366856960392,3
161373,1.5459244561036043,-0.42251872457366735,3
161385,0.6115394076055312,-0.5245340998362846,3
161390,0.8505567147023194,0.6167174864490506,3
161391,0.5184586465463884,-0.09861896464240132,3
161434,1.2684744381068875,-1.0856428003012302,26
161448,0.8988902522498222,-1.7244345908861183,3
161462,1.1895894046405198,-2.500397145514659,3
161467,0.4408131141695732,0.48957405003277077,3
161476,3.1038589292880183,-1.126240280421136,28
161511,0.46573196898382213,0.3379117144146472,3
161533,0.6138712890447806,0.6236984317460708,24
161539,0.3967101578062343,-0.6423127188783251,3
161615,0.8833298005906287,-0.1938282091673861,3
161619,1.0341836335949532,0.6292231492143807,3
161662,0.8773102658930181,0.880605987413301,18
161677,1.772439925606548,0.5679759149854985,24
161681,0.9004506469940821,0.7256412027682706,3
161694,0.43326903034068676,0.11306805328826565,3
161744,1.1282461778833295,-0.27953290670862463,3
161752,10.636206145996667,-10.562435473720374,27
161755,1.9767053421570187,1.0587244588465454,1
161831,0.2814943365719592,-0.21669622676401876,3
161849,0.43326903034068676,0.11306805328826565,3
161853,0.4631299092356314,0.04648496871513616,3
161870,0.7499004081782592,-1.001396819473827,3
161872,0.5781871343468511,-0.35149922961136354,3
161880,3.95605412730919,1.4805307439772994,3
161882,1.2552563117985325,-0.9425395500291764,3
161892,2.1909956324133777,1.0648012170062875,0
161899,0.3556360860398164,0.3204861198455801,13
161903,0.4928221502871434,-0.4853415685434055,3
161936,6.828463379152421,4.695002223600724,22
161974,8.329370311661288,5.111241264781079,22
161986,2.470715604731955,1.7097251306012358,16
161995,1.3076161642471322,1.3458429462282522,16
162001,1.84883807954879,1.038263391374767,3
162014,0.5619483525374855,0.4827178036361101,28
162019,3.980051633261036,0.8950581588123164,3
162030,2.4796518223427606,1.1149607041916976,26
162035,0.8673589136047476,0.09317079021702415,3
162052,6.285231460539428,0.5009963594259115,18
162085,0.43326903034068676,0.11306805328826565,3
162092,1.5929746473021675,-1.0468644708932058,3
162121,3.3950349383693275,3.4661098205587555,30
162137,0.4799734331961235,0.4947744914039429,18
162155,2.754685432624257,-0.0293227996614898,3
162186,0.4683549574100524,0.35489195382957633,3
162205,0.2970753381975119,0.272043000571724,8
162264,0.8526233770574292,-0.3376323983901844,3
162279,0.43326903034068676,0.11306805328826565,3
162311,2.7085103895304834,3.283308925453437,30
162376,5.111652399251201,4.244782978277964,24
162380,2.003560630178982,-0.6619942777175873,17
162473,0.9324838052833195,-0.7904170599165425,3
162474,0.15999114439870785,0.16492483046798098,3
162496,0.4392860937278754,-0.8279438688738066,3
162519,0.41398397243006413,0.30036596836857526,3
162538,2.5464341462401174,3.3279585184801226,30
162562,5.575197252968322,-2.640609255782453,29
162564,2.391235102729113,0.6106346928652102,6
162590,12.800889916416686,2.849840719379352,9
162596,0.7780627726681724,0.47743231491555205,3
162625,0.7331179940107083,0.5907937594590772,3
162626,3.537179910944979,-2.109947994774199,26
162639,31.76173585116348,-0.23840559821126614,7
162662,0.9838976095845666,0.01888203823150678,3
162671,1.4389737869841615,0.22585193990592412,3
162683,2.5302343676592973,-3.081933790108003,3
162715,0.5278031883620036,0.3494297845443626,3
162726,0.35225288197985694,-0.10809469560091213,3
162738,12.469448687159762,-5.633798903187458,25
162760,1.2430985863383537,0.989629971790678,22
162762,1.9198820210436964,-0.820475152225336,5
162780,5.94401522898279,1.734141150996323,8
162793,0.7008795846809384,0.5256556556408312,20
162798,0.721298308565287,0.7286305877983099,26
162827,3.8052928236442445,2.031290897204104,26
162840,1.213972466425373,-0.6236733754833408,3
162849,0.28571206825938583,-0.15971144206326113,3
162856,0.49578611920040694,-0.32631824658203035,3
162861,0.49252957251360513,-1.109597403194753,3
162886,0.7355064853703919,0.8359043999724425,3
162917,0.4422423583502487,0.22654076441071822,3
162935,0.8988902522498222,-1.7244345908861183,3
162962,3.3818960122713393,2.001964424399231,24
163016,0.45882000978057647,0.040690095024801,3
163063,0.7331179940107083,0.5907937594590772,3
163169,1.2431796186597104,-0.7147948649856116,3
163187,1.6022743812895237,2.495907514788975,30
163194,2.559373276032697,-0.7863449890662964,3
163202,7.723527373334536,-9.786698420344996,25
163249,0.41242666926199617,-0.5396769661927506,3
163307,2.3586262278442223,0.10954839944226728,17
163324,0.3778022865782271,0.3418472923488796,3
163326,4.8900632877999,2.032872497206632,17
163329,0.43410323484972335,-0.21115643610811366,3
163358,1.2610778803156353,-0.3529138956867487,3
163430,1.7717116268968345,-1.6240457455554334,3
163433,3.7306634477873226,-0.15948766056474403,16
163447,0.8479467210734329,0.43655942207002235,3
163449,1.515457623126955,1.2918238763985102,3
163467,1.663395525509904,-1.0776467820328306,3
163485,0.12199831812258491,-0.018194334171971294,3
163488,5.1004657978814265,1.953566110562622,0
163512,0.989801968191772,0.8732168356455752,3
163533,0.42522680000255464,-0.17526135383888525,3
163534,0.5920720657654387,0.1545100877157562,3
163542,1.0161004892939591,0.618220912633613,3
163545,2.024151151242981,1.3658867768616096,3
163570,5.238468526941995,-7.4043266725021315,29
163579,1.5058152987559192,0.9874164391457269,1
163600,0.5010220088806759,-0.46827333647051095,3
163612,1.924438609477662,0.8427918025727917,3
163613,1.0736806588529415,0.6729058629841266,3
163662,1.11740296487443,-0.735392725888351,3
163676,6.300655785591904,-4.408727692274883,3
163683,1.6170503792724509,0.1722734898329519,3
163689,1.2767964641569212,0.45621458627259615,3
163690,3.169112121313185,1.1152774724446473,20
163698,0.42093206058329063,-0.36261884841452846,3
163744,1.0385744145376263,-0.3251794658033109,3
163754,0.3695944546908543,-0.3780441052218632,3
163776,3.4092275635026925,-1.847997555757334,3
163804,14.370498005678867,5.83736846476934,27
163821,0.5253594824603722,-0.20875644374321486,3
163824,0.43326903034068676,0.11306805328826565,3
163851,4.68624159178777,-5.140198801028328,29
163871,0.12878529635029645,0.10866147181794186,3
163875,1.842590300570317,-3.7079970686938815,3
163876,1.8459723427865415,1.9089077486926456,3
163912,0.5696307367239399,0.37257703864285063,3
163930,0.17431161987662241,0.04266467880224574,3
163973,8.413525315590046,-0.2844926011301259,9
164027,15.605698108784853,8.660096087152043,21
164096,2.8401573336650374,0.9592044396361971,3
164105,3.1787049993412824,1.6705850630525036,3
164140,0.6687124228676518,0.6613697864444943,3
164269,0.387729666765326,0.08139668534774858,3
164323,22.362366446204955,-9.57680486058467,25
164335,0.5757664517744476,0.3532999130375085,3
164425,1.6927684445036153,1.3830465931662712,16
164465,0.6156968837523753,-0.02361511505865699,3
164480,0.9735848947307953,0.18827385506713093,3
164492,0.7890113770626748,0.30449461494168345,3
164513,0.6099947186879733,-0.7906751654491951,3
164518,2.177871551224787,-0.3290042236024422,17
164533,2.493294057252815,0.7047231411425201,6
164546,0.3722265385428455,0.2872403449636921,3
164549,1.1555756437823377,1.1265874016412034,1
164557,0.7658527646713998,0.533319158064817,3
164561,0.3798794117208939,-0.6244831007082481,3
164581,5.126964719999954,5.135173743573418,22
164584,4.5059162794835865,2.877570566283982,1
164619,1.1049590157342095,-1.1170496889314276,3
164675,1.7618962457055756,-0.15746826700988367,3
164728,3.1347014493924763,-0.7237619281814643,3
164762,1.6348908495227528,-1.0831479785820985,3
164775,0.49339338813786554,0.12875840642979683,3
164799,0.3205094744044199,-0.3817678123033507,3
164863,0.3525414836999639,-0.4613147804450659,3
164870,0.4503476305804644,0.29080897964622004,3
164896,0.43326903034068676,0.11306805328826565,3
164906,0.7377882102232522,-0.24085023737923783,3
164918,0.5850546378710157,-0.6254302436340224,3
164926,10.244329112664955,-6.263693589434724,5
164944,1.4531854372429822,1.3643744494204488,26
164955,0.7175955973916563,0.047994322493832266,3
164956,6.435676854017018,2.552941550069505,27
164965,0.43326903034068676,0.11306805328826565,3
164968,1.0703606454444083,-1.1178482876253932,3
164980,0.7003505032176194,0.5643876021530994,3
165017,1.269795109993654,1.161228750525675,3
165078,0.43326903034068676,0.11306805328826565,3
165098,0.2671175266318935,0.240125338809985,3
165183,8.230656366327747,5.7705053137696005,20
165232,1.77379195961143,-0.3339977272456172,17
165253,2.217739863432159,-1.745642354869643,5
165267,0.8044800118406944,-0.4878560818965352,3
165268,2.3800661685375206,-3.9304498027385013,3
165308,21.629315432314435,8.451666007990697,21
165316,0.8668929007996505,-1.7980657839324137,29
165319,13.73896921081475,7.087728595837137,21
165345,4.549684284270724,2.7127008769955023,3
165392,3.1670042406701895,2.3206212368285173,22
165420,0.42522680000255464,-0.17526135383888525,3
165435,0.4101496466736569,0.3696117294569464,13
165452,0.9029416335038376,0.22291138734705573,13
165499,0.42209142271939065,0.14041349023700972,3
165512,1.9983603214550894,-1.9532162820345296,3
165516,2.1791347871855002,-0.4837510204343898,5
165549,0.43326903034068676,0.11306805328826565,3
165558,0.43326903034068676,0.11306805328826565,3
165576,0.4514536366917813,0.08248484761851638,3
165582,4.0223643819642225,-2.1418032864753678,3
165618,1.1550013775939516,-1.7707768083290756,3
165619,1.009655725694212,-0.8863160239866237,3
165654,0.43326903034068676,0.11306805328826565,3
165669,0.1867081151763229,-0.2162145978833955,3
165697,0.3808297790917049,-0.40300259218328227,3
165743,0.46882724561525774,-0.23690575530897579,3
165758,1.1225345762807228,-0.21965326306466676,3
165759,5.672340968551065,-10.149085624835417,29
165763,1.3294455924658546,0.77860782566676,0
165769,4.9233140058819975,1.8010752437780486,17
165781,0.26098728355660683,-0.010029219140883235,3
165788,0.35194101180961435,0.08517556196367318,3
165791,0.2643140901402682,-0.2225660270475138,3
165806,0.5059439840225974,0.09354054173994522,3
165838,4.1303899358687195,1.4945910054903935,3
165840,0.39442694440682247,0.13630864423931083,3
165866,1.9544629688154138,1.0340875711031314,3
165879,1.3241777484396091,0.8428314370900049,8
165884,1.0165930841932553,-1.4770001317945465,3
165914,0.36921138839185125,-0.25744359338861916,3
165987,0.6054633908710878,0.008447697453308358,3
166017,1.8017088315728405,1.5156672264471598,3
166123,22.14578735766413,-11.109480847367358,23
166130,2.3049406849144134,-0.1839781680721585,3
166220,3.001186586878294,3.2808906696235494,30
166327,1.213972466425373,-0.6236733754833408,3
166390,1.1837764229277474,0.4574472618459437,3
166391,3.4754141733248907,-2.1684303239640306,3
166409,2.3285786240474473,0.5704927140337532,3
166412,0.9081348862592356,0.6886539103318198,3
166416,0.43326903034068676,0.11306805328826565,3
166540,1.0361253769636123,1.3259079607494537,16
166546,0.5088651519947074,-0.2361548835789837,3
166564,0.41051359094822504,0.271778721312282,3
166581,0.9571629086782598,-0.0701883102726881,6
166596,32.73617748463899,-3.1961690052513525,7
166639,2.4717925944683428,2.347384917643836,16
166646,2.8234920132536785,2.2795414675651546,8
166698,0.6436363962861337,0.6501792118259254,26
166753,2.195765668864149,0.2743538707054636,3
166758,0.831030260149129,0.6462677226878107,3
166813,1.6865647554223313,2.4638517555757415,30
166824,3.1840948763641737,2.0169056908136427,30
166825,3.674370926559221,2.1270245267396435,11
166828,0.3808297790917049,-0.40300259218328227,3
166830,0.4667370148358108,-0.1925309116473498,3
166890,0.4776977788885789,-0.6528686928075869,3
166891,0.5666070269825602,0.42934161724556213,3
166892,2.400872931847821,-3.4193697905972193,29
166918,1.3112285212534982,1.001107274263945,3
166922,0.8584958303432414,-0.06219330055061959,3
166934,0.5074082461864566,0.05528243956084408,3
167038,1.5075362683426627,-1.4305281906823522,3
167056,0.35923318005644683,-0.2839238991167254,3
167131,1.0044602037877026,0.5601378498055066,3
167176,0.9831207030086794,0.5928225372878551,0
167189,3.3038879865347095,0.8306737121316614,3
167223,1.0802299436773772,0.7534932966944858,3
167272,0.20360396758938024,-0.06247928697137121,3
167300,0.2927264081049924,0.30811760134124927,3
167327,3.873227539881491,3.44825588730693,30
167349,8.817302413410163,-2.916331645521652,22
167375,1.295637859544622,1.0248488663031314,22
167386,0.6159878616692491,0.00892502244793018,17
167389,0.4631299092356314,0.04648496871513616,3
167436,1.174502838332497,1.8295558454699896,30
167438,0.43326903034068676,0.11306805328826565,3
167442,0.7261322131531341,-0.8408867730725968,3
167471,27.965344158048843,-11.200301158421752,23
167482,1.456275056314344,0.7696366394513904,3
167484,0.34614439591258145,-0.6714581280119541,11
167492,0.43326903034068676,0.11306805328826565,3
167494,1.893451377009186,-0.1511104080065916,0
167507,0.3725880311641917,-0.3590837700806949,3
167517,3.0995308540946986,3.7697807267693153,18
167521,0.178786179302885,0.17950566132502901,3
167556,1.0063170763513245,0.25959775784529066,3
167562,1.608336387770262,1.6022313470175538,3
167587,3.6196150782617935,3.4551567448496314,30
167592,0.6455214515169931,-0.31399445613634,3
167611,3.7332044446908488,-0.13739496539969445,3
167614,6.0287889335230185,2.2132975915159467,30
167625,1.213972466425373,-0.6236733754833408,3
167644,2.323135721683434,0.5939614753850972,3
167657,0.9627716823191034,-0.3167284747002042,3
167678,5.5747085754790175,2.699189990361063,16
167704,1.3414330329885678,1.277256269334892,30
167722,0.42460108782319633,-0.26088578035260124,3
167746,5.3624054457836,2.808070266211839,0
167761,2.8431406507248287,1.3868651523621862,13
167782,0.8666521406960049,0.4657455676778208,3
167790,0.41167103043167236,0.041319972191232145,3
167800,23.586604913471987,-4.502634585591988,23
167812,6.462786824606372,7.393287565449796,30
167865,1.672230640964853,0.34105399994441127,3
167906,0.42522680000255464,-0.17526135383888525,3
167925,0.6687124228676518,0.6613697864444943,3
167944,0.8988902522498222,-1.7244345908861183,3
168016,0.4481821301499268,-0.21884547248050737,3
168034,1.312584997454454,-1.870964931003149,3
168036,9.155559775497666,-6.034953393614053,17
168047,4.321604062645447,2.8535286293505573,0
168064,22.11976281775196,6.62092353349247,21
168092,0.1830857473638759,-0.14094063529367074,3
168103,0.6226771036288674,-1.16343863676212,3
168132,3.5980156630550826,-1.4044777257683994,3
168133,1.2719869003768203,0.3594242959065366,3
168139,1.0126548217365394,0.588787982672304,3
168144,12.052258921230646,-0.5942844853535053,18
168212,0.3725880311641917,-0.3590837700806949,3
168245,3.4826832038765536,-3.0555801758245424,3
168254,1.2006607142214871,0.4639718662145863,3
168275,1.716955481716869,-1.0873751923328272,12
168307,1.006918501194074,-0.19124887531544013,3
168332,0.9437000483204948,-1.983562477807763,3
168336,0.8988902522498222,-1.7244345908861183,3
168338,0.7969248696077322,0.2722928410997576,3
168346,0.6979083467243407,0.19946005614088502,12
168387,3.4313312445269495,0.9874878437907942,1
168388,3.502568622686971,0.26041563057841227,3
168413,3.0362135123850886,3.496351079952433,24
168456,1.5728080304189398,0.12767197959885923,3
168463,0.3722265385428455,0.2872403449636921,3
168464,0.4774229812063196,0.11554427973463469,3
168500,1.1750696486343595,0.6693345955395731,3
168545,2.7280668504663925,3.3499490448906983,30
168573,1.2295094260157466,0.32986125701008284,3
168615,2.011792784614803,-1.8994416861979528,3
168622,0.590738221426962,-0.41190974942179065,3
168636,1.9000743477948563,1.867369076769308,16
168639,1.133566765934598,-0.08394914496760188,3
168642,4.518871118339341,3.18304149375165,18
168691,0.22348272412860626,0.22438207665628626,3
168719,1.5000878669621656,0.7868171977066971,3
168736,1.5660037844433292,2.4394077939599863,30
168763,0.2635611436146628,-0.06032115494989612,3
168802,2.0510046863719196,-0.0021989124447718694,3
168804,1.8216426889890847,0.657387566057885,6
168813,0.8396194184881921,0.616665482771865,3
168816,13.95267468002331,8.333066925813451,21
168877,3.836888030001243,-6.4750735780384465,11
168896,2.615755812859187,3.448616850377506,30
168954,10.772963866450725,4.439417576340456,22
168971,2.1881929732444982,-0.6975403216083086,3
168974,0.3661714947277518,-0.28188127058734147,3
168999,3.5763492640836296,2.1833450600319426,9
169006,1.2616145747597978,-0.31128414714577957,3
169017,0.34567632949901,-0.19323112743456283,3
169054,0.30120443588456497,0.16083171491556048,3
169057,3.984840084800106,-1.8035424916579066,27
169076,0.7780627726681724,0.47743231491555205,3
169130,0.5193541294285713,0.4018801308918289,3
169181,1.1299822269175475,-0.9782498710765568,3
169233,15.581944707448114,5.172663020155214,21
169243,0.7231228256064947,-0.7811593241794842,3
169249,3.6753026320960447,-0.9599749695868082,3
169272,0.3728389765094383,-0.014327455915547477,3
169298,0.4258465267462017,-0.21353187502533633,3
169309,0.5764394610020009,-0.867560041560021,3
169360,2.049555181071664,1.7851374196255567,22
169400,0.32117801145865477,-0.2627481402829844,3
169403,1.1513500047496665,-1.0919558934566445,3
169450,0.37521157165385843,0.19885299748650986,3
169457,0.3820426059739037,-0.02012328912281061,3
169462,0.545663368039805,0.5543986059965074,24
169465,2.45381805301031,-4.167111267578654,29
169492,1.3571485745175924,0.8745227304934102,3
169496,1.648026468315666,1.4458050617786848,1
169534,0.4252783573511597,0.3083587432245253,3
169563,0.6762090470822517,-0.1136895016201813,3
169600,0.46882724561525774,-0.23690575530897579,3
169626,0.11895896153981285,0.1348919880008704,3
169634,0.6110710373383066,0.5029445291110929,3
169663,8.398704333833805,4.220690628722266,1
169677,0.8524831113081521,-0.6838270004171783,3
169681,0.8988902522498222,-1.7244345908861183,3
169682,3.3967395551807216,-1.0704987677303885,3
169699,19.87055392205124,-6.0955360543659305,25
169722,0.2630892102603056,-0.31337292736301103,3
169727,2.334251978759492,2.3262417957395747,1
169735,4.689552306586716,-0.4123943955530023,24
169754,1.1555756437823377,1.1265874016412034,1
169770,0.8332417282355558,0.2847015649239442,3
169779,3.0605501625619294,-2.6892996167925616,3
169781,2.639627792964559,0.7744817558141496,1
169824,0.9125528082944611,-0.010099530938125698,3
169870,0.2334114798293661,0.216851136923312,3
169880,1.0927737853438746,1.2782469046648166,3
169955,0.5380101636018675,-0.8097227054560197,3
169964,0.42093206058329063,-0.36261884841452846,3
170012,1.4413930767679946,-0.19218538938764618,3
170054,0.8095490409568485,0.7141952375945233,3
170073,0.5291343661685124,-0.5948323403614861,3
170077,1.4669664940627616,-0.03148642015155911,3
170118,1.007851613217033,-0.9892134307446557,3
170151,0.26964252432052,0.33637832732061373,3
170154,2.2886336555843307,0.4877841144526225,22
170155,0.7518685694499336,-1.1459804913302265,5
170184,5.816863499893122,0.9797757362766938,18
170192,2.139768673787166,0.4533050340570075,3
170227,3.3648746178577262,2.304671017751279,13
170229,10.112644505807433,0.16874779618216987,18
170236,0.43326903034068676,0.11306805328826565,3
170248,0.8401865182934531,-0.9729656904752798,3
170255,1.889590588219705,2.364467218437243,16
170256,1.4906016078422049,0.7394913004098059,3
170257,0.43326903034068676,0.11306805328826565,3
170260,1.2227574443709897,-1.1545624440723954,3
170264,5.721097472488115,5.163886621792522,30
170310,0.8004005751058507,0.645014402460685,3
170317,0.471544349892968,-0.11318909085419152,3
170346,0.7742518960637929,-0.1470573876211928,3
170368,0.8988902522498222,-1.7244345908861183,3
170372,1.722219866567333,0.612970629104554,8
170377,0.4106991861936673,-0.20753273582107265,3
170379,1.7596600362909822,1.1177325977242396,3
170401,1.235126054946978,-0.050953425913664585,3
170415,10.84484985409518,7.9791364222084,9
170493,3.550998980880561,3.577717594080039,22
170499,2.691052620492866,1.8489628550384092,1
170513,25.074930278209823,-0.0036130746017032046,21
170518,25.905027959784665,-15.675408639054767,4
170519,0.29186637914465124,-0.11597580207956382,3
170527,0.5850546378710157,-0.6254302436340224,3
170545,0.8421888277643735,-0.6934300512546656,3
170558,0.6321677883753113,0.7010282728395815,28
170564,0.42209142271939065,0.14041349023700972,3
170575,3.3420471526192332,-1.1190101348442345,3
170595,4.5852893334152425,3.278252890354986,16
170610,0.2635611436146628,-0.06032115494989612,3
170634,8.32765779742962,1.3141231567149725,12
170675,2.0401797960350345,2.2796625404957265,18
170702,0.27405108691963564,-0.5259890281081306,3
170721,0.43326903034068676,0.11306805328826565,3
170722,0.9571629086782598,-0.0701883102726881,6
170724,0.19662151870570255,0.1767529423915509,3
170742,2.318559347434691,-1.6670189401519235,3
170759,0.8918078678901689,-0.37050654414176876,3
170762,1.381470333323255,-1.1797246258167111,3
170771,1.6022743812895237,2.495907514788975,30
170791,1.7150599180121642,1.4920496160818353,1
170792,0.8505567147023194,0.6167174864490506,3
170804,0.769318007984609,0.2268089708157774,3
170807,0.8095490409568485,0.7141952375945233,3
170810,2.6030330840493496,-1.4088177982485341,11
170837,0.6181362328988251,-0.5729382128313782,3
170845,1.350743303499173,0.5219683494914096,3
170850,1.7185206416475578,0.8822452239433736,1
170861,10.97762663387677,4.244125717012141,16
170866,2.1904626824132594,1.3371887018601616,3
170869,2.2743565812344304,1.9470047448469376,16
170947,10.988540178598415,-9.342596556843585,25
170966,0.5890380438060671,-0.38637141272293724,3
170982,0.7331179940107083,0.5907937594590772,3
170997,2.6854072101864843,-4.164928238504126,29
171003,0.5538310334601303,-1.0743330048191266,11
171007,0.43326903034068676,0.11306805328826565,3
171011,1.8611873447834593,-0.6165536202220515,3
171026,1.4429967612760868,0.05468694984699967,3
171050,0.8557440016345126,-0.2644006150330022,3
171065,0.4504157283316166,-0.1789768506931075,3
171078,6.555568547701979,-6.531204122271064,29
171079,0.6832988050539099,-0.8856919235289267,3
171082,0.4283570938568566,-0.3674253516835603,3
171096,0.9193097268303319,0.7794208791539557,3
171104,0.43326903034068676,0.11306805328826565,3
171118,12.427875987357373,-0.0984403437517067,6
171130,2.0907751037928337,-0.7124799259767566,3
171157,1.2416502185785934,-0.4879246933988273,3
171165,1.1789855254155808,-0.5279818871359114,3
171251,2.260138456399353,1.447643153289895,3
171295,0.7924959560566787,-1.0456928421948448,3
171346,2.3112298286338753,2.466137316867605,1
171359,0.5103265202347488,-0.02688037395081319,3
171389,1.3058723530523284,1.2145443113764371,3
171394,1.103000730441379,1.1665132442349957,3
171435,0.49339338813786554,0.12875840642979683,3
171436,0.5132907098260576,0.3756791364898211,3
171441,0.39080828631014786,0.2889723498391283,3
171445,6.753208922456158,3.1875130304265933,22
171475,1.5660037844433292,2.4394077939599863,30
171506,1.7673571835125341,1.2475999679545495,3
171638,3.31234875340435,0.9137761321279088,1
171648,0.9598507362375605,-1.0794374768469674,3
171680,0.4724653272820405,-0.19292094261264198,3
171728,1.7006205206155127,1.6709826881248704,3
171758,1.4238511125605042,-1.072599405510106,12
171765,2.0419476751786747,-2.242174830578097,5
171774,1.3740857288912158,-1.0670706334300724,3
171783,2.2344158283714948,-1.4341786298399537,3
171818,12.769620324752747,10.854202078065187,21
171858,0.7628562048735433,0.7282121992124024,16
171859,0.3434274569341239,0.28976392484784497,3
171872,0.6656737138805836,0.515103325663211,3
171940,0.47606160214221754,0.5064350895984376,3
171967,1.4468552413629703,0.8450869216657739,3
171968,7.815269162662338,5.176099474576785,1
171970,4.332058941218436,3.055765483770671,28
171986,3.19831753275764,-1.3677879494959366,8
171999,2.4848814865698388,0.7442636588423395,3
172010,2.099973397406043,-2.3591667798117517,3
172030,12.918910111143289,1.560456237716292,30
172036,0.4511809070489087,-0.2562174620586556,3
172047,0.32126782039264246,-0.2755690137626702,3
172048,0.3036236190757554,0.10492823693241912,3
172061,9.374520396724371,4.374420821979746,22
172089,0.5146830063776736,0.33235311959568004,3
172091,1.1231561975226474,0.5315374782785021,3
172115,0.43326903034068676,0.11306805328826565,3
172119,4.259346685242875,3.3205289082316,16
172124,0.20032404519095234,0.24990371015564466,3
172128,0.345270479491126,0.2750076958609463,3
172192,1.30712665723228,0.3194792179067939,3
172203,3.7434053815414177,1.0734176374583675,0
172215,2.241121444091964,1.677007770237843,22
172216,0.7813255590219579,0.14729327585997706,3
172293,1.3571813737451264,-0.681250826007731,3
172311,0.85661778678206,0.5478969192690707,3
172326,1.6622949779197196,-1.6186443309047498,3
172367,0.2635538813989943,0.14072775055111542,3
172371,0.9839529021360145,0.5504857821458654,3
172374,7.2753225980288,-0.6247538493640501,1
172377,0.17511982748679072,-0.06958548124773828,3
172406,0.6907507433930118,0.18026176900171556,3
172462,0.41340716137178546,-0.16880582478606174,3
172486,0.218367078963433,0.18767422864398742,3
172490,2.1125510929608553,-4.492571711633461,29
172512,23.831902618385666,-3.0725381761150103,23
172533,0.7742518960637929,-0.1470573876211928,3
172539,3.9384958191946673,-3.8125346566314167,3
172613,1.4669950193229215,1.0997793831481277,0
172664,0.43326903034068676,0.11306805328826565,3
172676,0.5444505500197875,-0.2658752548546807,3
172700,0.7961130559695845,-0.9940750296148236,3
172742,33.39822318802187,-7.173680989141438,23
172760,1.9753266649177876,1.0086302671000342,3
172775,1.2590240118570382,0.7591924439504296,0
172783,1.3727064754147744,-1.159544953504159,3
172816,0.3128794054295034,-0.4098452607324942,3
172837,1.0987202443173258,-1.1999705431532919,3
172840,0.2814943365719592,-0.21669622676401876,3
172852,0.46697219207206925,-0.8801252051473658,3
172888,0.43326903034068676,0.11306805328826565,3
173018,1.0483868408687136,-0.4984579783518622,3
173027,0.44355473592136535,0.17151302134865193,3
173090,0.44620750728036623,-0.2936864219238273,3
173111,2.8930048187775395,1.8550323905583945,16
173122,0.7359187323968174,0.07551834455485618,3
173131,0.4803351683494447,-0.4698115457140496,3
173190,0.19735735525514622,0.05150336257191873,3
173216,0.9437000483204948,-1.983562477807763,3
173253,0.20032404519095234,0.24990371015564466,3
173291,9.411966770341104,0.7026016437254997,12
173311,3.0586867994079294,1.1717023155992694,3
173343,1.0876072909916683,-0.6617447194032346,3
173357,0.8563384388969788,0.43324485424637627,3
173415,28.08859318390035,4.802689042974801,21
173464,2.4982145905175153,1.024380202425239,17
173481,7.239538346624626,-7.188795018587125,29
173486,2.2931205414340803,2.5662690480839823,30
173517,2.8171486919200626,3.7574904056249663,30
173632,0.43326903034068676,0.11306805328826565,3
173650,1.9931448915357959,-2.7087042371662635,3
173652,0.6878548698125498,0.3462018303739629,8
173679,10.913422204375964,3.610135018444923,6
173684,9.0211442407907,-2.6932695059028524,1
173728,0.49033765691359454,0.5572695999816283,3
173743,1.5660037844433292,2.4394077939599863,30
173773,1.993942912965649,-0.3676688545180731,3
173835,2.9605007772096963,-3.2603966196264333,29
173850,0.4120571092241805,-0.6257512478029538,3
173860,4.967291003744725,2.987838049491952,0
173879,1.4530400862954789,-2.895445322308536,11
173881,2.489929041636252,0.9368002060993789,26
173906,0.8562389165216608,-0.24322292063985626,3
173930,0.3366418963268659,-0.35624198606735946,3
173951,2.2770256797792623,1.6462981801091934,28
174004,1.1348619158630262,1.0596293959941925,3
174034,0.8013755962268047,-0.9090875930996163,3
174072,1.8823477781425706,0.9299448963583334,20
174092,9.883962931570776,3.6687179613370238,30
174138,2.0982531185482403,0.8374036424554662,3
174140,0.39442694440682247,0.13630864423931083,3
174142,1.174502838332497,1.8295558454699896,30
174145,0.43326903034068676,0.11306805328826565,3
174151,2.3695371039695208,0.13509023152747196,3
174179,4.73883895931984,-3.3233619356213935,3
174195,0.6321475175976596,-0.6247734913377597,3
174216,9.545635834164925,1.8678322496767439,9
174282,0.29585498394692605,0.22893481140587157,3
174304,32.037535637584554,10.892436823883966,19
174307,0.4449406203321811,-0.5344045709264545,3
174322,1.4080452743783003,-0.4756579608099987,3
174326,12.39119247415869,5.589069228121163,21
174367,0.9062693862821182,-1.0083105541164024,3
174375,3.671128239877513,-3.0740167863369123,3
174388,0.2630892102603056,-0.31337292736301103,3
174428,3.9269909990510157,0.9061966496923456,28
174501,2.0455914280266616,1.4001437332181677,28
174503,1.353918914469874,0.6547157753604,3
174509,3.7504440507973715,1.5027197636717726,12
174568,0.43326903034068676,0.11306805328826565,3
174590,2.6104796837967337,2.592439521428537,3
174594,0.5759696970168975,0.3494374694365827,3
174596,8.587569434133718,0.0808734316046186,9
174615,0.8851429262417001,0.4166760472178152,3
174633,1.1837764229277474,0.4574472618459437,3
174638,0.5471675828148092,0.35468628904164606,3
174642,2.2017774665832595,-0.15839571454802634,3
174683,0.36641733065155996,0.02285416265500732,3
174685,0.31631144403441824,0.3293699358607534,3
174687,1.6022743812895237,2.495907514788975,30
174700,3.3413105420731544,0.6488723123110277,30
174714,0.4301072876330278,0.27773891314526633,3
174723,0.5944110425490238,0.5878842546173283,3
174726,8.415500932760336,-5.8367155609611245,27
174738,0.588915866925443,-0.9396088859963461,3
174791,1.8370746272960021,-1.703500652545047,5
174830,1.228204674551629,-0.762389506992343,3
174834,2.3377231905864115,-4.092782852743225,11
174848,1.5705168644965046,1.358879223554965,18
174861,0.7231228256064947,-0.7811593241794842,3
174876,0.49210908952739174,-0.6446208174977749,3
174892,2.1849358453783436,-0.39037894056114103,3
174911,1.0477409834137263,-1.5704980511922317,3
174914,5.14130983754148,2.5860268208551767,20
174916,0.8988902522498222,-1.7244345908861183,3
174918,0.48419336040323313,0.501442588232554,16
174946,0.2834378025722289,-0.010891947669131255,3
174962,1.1521828240531873,-0.11365790650596799,26
174987,0.6296321181946035,0.13767667370703376,3
175000,3.7681652925983924,-4.444255657081378,3
175003,38.4996560746198,-7.637857171793307,7
175052,9.308354018769858,1.7400034988906596,1
175070,1.063796718378314,-0.20250313941892698,3
175100,0.4205227154000195,-0.6912965565614844,3
175117,10.36062313142419,4.764615558424928,16
175123,2.153204777597068,-3.1967566193259547,3
175141,0.3695944546908543,-0.3780441052218632,3
175145,0.473601728504529,-0.3799038891206546,3
175149,0.5544644653370258,-0.6659503114621972,3
175175,0.9663125929676473,0.6056152766857139,3
175185,2.136207171356075,0.11769894208006147,6
175190,0.3205094744044199,-0.3817678123033507,3
175205,1.2840920982245794,-1.2258867718838453,3
175206,1.5494056906597016,-1.319003643983726,3
175254,3.597369425085751,-2.142071476823386,3
175257,1.7202424278760462,1.116635114582334,3
175271,3.926585982493762,2.3275777996782803,0
175283,3.833616440585997,2.7360783090696756,30
175284,0.45882573065522114,-0.37535448611854916,3
175287,2.3720723686973257,1.1431806836876717,22
175304,2.9718679150214173,0.5887511195164248,3
175329,6.096923966394755,1.3435991167797336,3
175399,0.4971469027433282,-0.6794497753004672,3
175463,0.5253594824603722,-0.20875644374321486,3
175510,0.43326903034068676,0.11306805328826565,3
175517,0.6287257998572907,-0.15091878780558868,3
175529,2.0277462925376293,-1.0210874339514926,18
175536,1.6773626311537984,0.46301707824789384,3
175559,2.521624353139662,2.0421450178218508,20
175636,4.126985342199691,-1.8374240706558072,12
175647,1.729160580915442,-0.07891057113454748,3
175754,1.143113050455704,0.6954985267128146,3
175794,0.4918465988452788,0.15013006240615176,3
175796,1.605480010888711,-0.3063659676754724,3
175805,1.1788899625224787,0.006867675595722492,6
175828,1.089989515787462,1.1038639135130952,16
175880,0.43326903034068676,0.11306805328826565,3
175886,1.531299837712014,1.1343065133044892,3
175892,0.3799042095447738,0.24545986466253356,3
175978,0.6534784031171301,-0.7567510925918842,3
176005,0.6480733081829855,-0.12327370580300165,3
176037,0.3366418963268659,-0.35624198606735946,3
176054,0.9040221254034739,-0.9944064896410482,3
176062,1.2896074692376656,0.5463129075346419,3
176094,0.6321475175976596,-0.6247734913377597,3
176102,0.352615467473012,0.3190574728589543,3
176112,0.3798794117208939,-0.6244831007082481,3
176170,0.3624025942566232,-0.1493677475261635,3
176181,0.8172294281893243,0.9287826666360471,3
176214,2.5796014881089646,0.010091634879419054,3
176230,1.9348660995692648,-2.519736209172231,26
176236,0.39032471973535016,0.024345313081232833,3
176256,3.2937350008723842,-2.4282405970279077,8
176348,1.3702533113879132,2.134481819714988,30
176367,1.0341836335949532,0.6292231492143807,3
176417,0.7231228256064947,-0.7811593241794842,3
176444,1.0341836335949532,0.6292231492143807,3
176459,3.9406247802100856,2.633246073002784,1
176477,1.5804605009009849,-2.9776353690447106,3
176481,1.598001539635892,-0.06823145919370825,3
176494,0.4984754045139399,0.06806825678340489,3
176509,0.43326903034068676,0.11306805328826565,3
176576,3.7169090514860748,3.412648603723638,1
176577,1.385006773219085,-1.8543531983228425,3
176597,0.8076107535487722,-1.050374852260476,3
176624,1.7330448313295912,1.2395403774418283,1
176625,0.5545071541807982,0.5742612875862779,16
176656,1.7617542574987453,2.7443337682049846,30
176658,0.44665858152198995,0.10932458162221542,3
176667,1.2337486675191807,-1.1743923921027941,3
176696,0.3624025942566232,-0.1493677475261635,3
176709,1.6903116686936164,-0.98781536457667,17
176716,0.932835563838148,-0.5564346322814477,3
176785,1.3080481602346978,0.6789490389330816,3
176790,0.6367604525804901,-0.9940728912369476,3
176838,0.43326903034068676,0.11306805328826565,3
176839,2.0541242388804237,2.43327246940512,12
176846,0.6091095806857286,-0.06734774395216975,3
176853,1.7413627613053675,1.7778472741818934,3
176875,4.521680982766519,1.6681179381402291,30
176879,0.4388806167954911,-0.09157297558335639,3
176887,3.973802903577187,3.1099601978292295,18
176894,1.4242299919826868,-0.34594284990968965,3
176902,10.587040530671537,3.118362574460862,1
176903,3.4731503438753126,2.0929529576692443,8
176916,2.866026383698459,3.7068186208063403,1
176918,0.6910275261000794,0.43721120393564045,3
176953,0.3338734086515872,0.4165061835927411,3
176966,0.3234500938211109,-0.5236974781098539,3
177021,0.4428215875975284,0.17122952875138145,3
177040,1.6145836440824466,-0.8380073762854995,18
177050,0.8668929007996505,-1.7980657839324137,29
177072,16.963866099659203,-6.030524382305588,25
177073,4.58012149771289,-4.149739393051834,3
177082,1.0842202888931165,0.2746940364231538,3
177088,1.2331747524421826,-1.546056283703916,29
177090,15.372593850074251,-1.7687569072971474,27
177091,1.756759642332788,-0.4940642001167136,3
177098,1.3130304165449183,-0.9902632168150489,3
177108,1.4628425494209047,-2.1176670600032446,3
177113,3.0174708518036493,-2.7488463392255063,26
177128,1.0232165119502006,-0.0285424211247086,3
177157,2.7438121072000246,0.8326041981063301,16
177186,0.3967101578062343,-0.6423127188783251,3
177195,0.5280418108204293,-0.26682780319852195,3
177233,2.7354909111673544,3.1553893710099135,30
177277,3.588311683488872,2.1188770233738867,3
177284,2.64440163803867,2.8581763187327285,26
177295,2.0000908150868866,1.6920139838719557,3
177363,0.45040181240964716,0.37192988087328765,3
177373,2.139118524655295,1.6973191216449264,18
177374,4.708647687513896,-2.8441171863383605,3
177375,6.697331553995866,1.5753373289403731,3
177432,5.597658582161868,-2.748916740134172,12
177435,0.43326903034068676,0.11306805328826565,3
177451,1.8458511999170044,-2.6187486084933203,3
177458,17.69194704962745,-5.1887642507131195,27
177459,1.1477318242192798,-0.3839085170788191,3
177531,0.48419336040323313,0.501442588232554,16
177534,0.43326903034068676,0.11306805328826565,3
177590,1.0677170140018486,-0.49667462734873175,3
177630,0.4958347580805679,-0.4271450094105974,3
177638,0.4665976504402811,-0.4772649833365715,3
177660,1.051073231793863,-0.07707471052585751,6
177683,0.6487803334489557,-1.4616076138634333,26
177688,0.43326903034068676,0.11306805328826565,3
177690,2.1914835291940893,1.3040267856566805,1
177861,0.4415452307256521,-0.49636803005221514,3
177862,0.4683549574100524,0.35489195382957633,3
177870,0.47375189608890006,-0.05238157862946536,3
177932,0.360124454604894,-0.14855279814474465,3
177977,0.7182301297996894,0.7774144273208845,22
178028,0.1748904459816576,0.16248211988490235,3
178032,0.48419336040323313,0.501442588232554,16
178035,2.3327601737098953,-3.9865252233718387,11
178056,0.786594042045708,0.37179189203272095,3
178058,0.4435715722696206,-0.5327602491697577,3
178065,0.3599242471100742,0.3895830748899611,3
178069,1.7046396827859769,-0.392670282545057,5
178072,0.49339338813786554,0.12875840642979683,3
178079,0.29003268795497517,0.03708929783775786,3
178130,1.517024193785991,-1.0579354244933203,3
178144,1.2619916465495036,-0.2026807251427337,3
178151,5.906450457553329,3.7662260442165314,3
178181,14.655879075302881,-10.128498033806846,25
178195,1.9777302465827662,-3.422741548345162,3
178199,13.4091302193717,5.239106981673316,0
178201,5.944838397935875,6.315202235392113,22
178223,3.1556946443429537,0.45205253920078614,3
178229,1.6022743812895237,2.495907514788975,30
178240,10.76083401090563,-5.577403667265101,25
178254,0.4567641512907889,-0.22903487417101143,3
178306,0.3488977029225111,0.3633014745462307,3
178322,2.498474876643437,3.212966162692041,30
178339,0.43326903034068676,0.11306805328826565,3
178356,1.1878311932709258,0.22233449268555625,17
178522,2.3846286636526712,0.22850044575094458,17
178534,0.3556360860398164,0.3204861198455801,13
178568,0.4153732750950977,-0.805749753614345,11
178597,0.8872312835458156,0.8347928091864708,24
178667,38.02932324624616,4.183777387470629,19
178701,6.091331267851926,-6.780618382151808,29
178714,0.4301072876330278,0.27773891314526633,3
178797,0.6892965312830945,0.5114029745183523,3
178839,1.6290728009857496,0.996278166586596,3
178880,1.9616338512643752,1.8618142855995294,3
178919,2.4193536500100397,-0.4887257500367935,3
178920,4.534806049554151,3.439331516443491,6
178950,0.7790594398543282,0.15944638695499236,3
178961,0.4189440420728785,-0.7827743823376475,3
179012,0.3209460232624707,0.32223759342027775,3
179019,9.265471601601087,1.083682411989448,1
179068,8.43676896583038,-14.380585162427495,25
179075,4.726650343681428,1.1920728248502173,0
179144,0.3798794117208939,-0.6244831007082481,3
179147,0.3449002568988613,0.17531962181529326,3
179184,1.5753701434450225,-1.295937675666693,3
179239,0.6529361765261642,0.6072721556882186,3
179280,0.908362945369794,-1.1549720809716477,3
179288,3.151036594859538,-0.6635345423688017,3
179290,0.7742518960637929,-0.1470573876211928,3
179291,0.4182002319501911,0.03070754493945672,3
179321,1.4187354028946007,1.2653053405147756,3
179327,1.6148389127102172,0.3196360048360002,28
179334,0.5890380438060671,-0.38637141272293724,3
179414,1.5134944967422683,1.25976007203341,22
179416,0.8626733141306077,0.438513907015948,3
179433,5.428700361473183,-0.07499594065241369,27
179501,0.6815344333852192,-0.026140320806466093,3
179532,0.9023026107498107,1.019938729597616,28
179534,3.183058304693469,1.8913317939475152,0
179591,1.6694021679965405,1.5566302005759152,20
179659,0.4514536366917813,0.08248484761851638,3
179688,1.4334606285719624,0.15705520352629346,16
179694,0.4966038747221635,0.3041592038790471,3
179718,3.356836585784204,-3.3150307767480833,5
179730,6.162013134867228,1.4803726530858152,3
179733,12.108926612502497,0.8496261580133376,9
179734,3.6397761127419366,1.5107468272783824,3
179739,0.8578701181638831,-0.14781772706433557,3
179741,3.9428193270457976,0.5391656251725262,1
179744,4.085850940173185,-1.4002222867867065,16
179772,6.548645093620263,5.772437654830967,1
179791,2.504204817124692,-0.6434956742463425,0
179797,0.8852201394704297,-1.3848737195113254,3
179826,3.972139973821186,4.646430574450463,30
179843,2.627101618591783,1.1470189578940095,22
179885,0.8681395100243977,0.16365919539997453,3
179904,0.3066891633918721,-0.32256629479702165,3
179906,0.6107649920419111,0.41050990429872214,3
179978,8.942141536023334,4.618505143520054,18
179982,0.4683549574100524,0.35489195382957633,3
179986,1.5823529605893967,-1.2369699365152875,3
180002,1.7347943739569454,0.18787001458623298,3
180032,1.5189158748729341,-0.36738598085688196,3
180042,12.64758464843362,-0.282969645820753,9
180120,1.1628245515398603,1.390162650847501,18
180146,0.5647110395974064,0.2496662685045033,3
180305,1.0341836335949532,0.6292231492143807,3
180320,1.0740796693822359,-1.2619087953439871,3
180348,5.299801620654163,4.761543019650784,1
180376,0.5867472780982539,-0.5428040733642502,3
180378,2.0600136996094145,-1.8033729962728775,26
180383,1.1269273181720747,-1.8125723200959394,3
180415,0.5850546378710157,-0.6254302436340224,3
180440,0.43326903034068676,0.11306805328826565,3
180441,0.43326903034068676,0.11306805328826565,3
180445,0.2927264081049924,0.30811760134124927,3
180495,2.2092611532629185,-1.4052716212852978,3
180586,11.401436531884759,-5.00323189715331,25
180591,3.360683520133936,0.28970135009626563,1
180651,12.818875670219521,3.928303726567444,22
180658,2.7127378186950133,-3.116948202352356,3
180707,0.43326903034068676,0.11306805328826565,3
180722,1.523877334117529,0.8077065849908871,3
180733,3.4447836240337524,-2.776790894214933,3
180795,0.29603603288271935,0.0772550438578781,3
180801,1.972145687703317,1.4554335672813343,3
180802,0.7757417229900122,0.011239689484659735,17
180815,0.39379305843684254,-0.41417951117644786,3
180840,0.7182301297996894,0.7774144273208845,22
180917,5.223340717880962,-5.22809409344806,29
180925,1.0153037499232977,0.4152485478160691,3
180942,0.4184459637383465,-0.08730926031809959,3
180957,11.669178242210915,3.995725088475583,1
180958,0.40672711304545234,0.09955091720524005,3
180960,1.1654858431288107,0.4244102389281581,3
181076,2.206934314398253,1.492836094405341,18
181077,7.633969764127717,-6.798843636716214,29
181084,0.6733260937847769,0.5155498301885704,22
181165,1.0871530403950918,0.11782818991591704,3
181176,22.798110141940793,-2.8621672754647127,21
181201,0.3725880311641917,-0.3590837700806949,3
181212,1.6114028105233686,0.13126989440903625,3
181223,11.893087849018906,-2.2762438850887836,6
181255,0.6165381305587602,0.700696657794009,3
181296,0.596877858712249,-1.2328983138376137,3
181316,0.4179223562955552,-0.4443632098693333,3
181411,0.8381271540323383,0.12598653270291862,3
181436,0.058373275828930246,-0.023195160415912762,3
181452,2.844396988096037,-4.081804719242809,5
181473,0.8159525673910455,-0.5488492792288768,3
181513,2.169899531389856,1.669251491656885,1
181683,0.6955565363398221,-1.2071466325516544,3
181687,19.57967908277599,5.9852099873219,21
181691,5.010859542576566,1.141884430517092,6
181714,2.0059356229384315,0.396600583872683,17
181736,1.0379823062171376,0.05374603477596282,18
181796,1.6339103518216263,-1.0532118604862553,3
181830,1.1837764229277474,0.4574472618459437,3
181833,0.22854449202899876,-0.4740355248549091,3
181854,0.4449406203321811,-0.5344045709264545,3
181870,0.5256533942500243,-0.8641206957018555,3
181877,0.4761823227167776,-0.3861148528987473,3
181879,0.3556360860398164,0.3204861198455801,13
181896,0.40342271049647915,-0.2461731511973298,3
181944,2.2244354448981225,-1.3650251251439747,6
181948,1.0542424197225388,-0.7064894888747846,3
181956,0.2841337291782984,0.1510087424039136,3
181995,0.43326903034068676,0.11306805328826565,3
182053,12.622276998074277,-3.2266833707356986,25
182063,0.43326903034068676,0.11306805328826565,3
182085,18.471755866346456,-0.5637173805641462,9
182101,0.9577943559871767,-1.4598477596563395,5
182117,0.27475811193912375,-0.231360429332066,3
182154,0.5109659360078738,0.33420629016626774,3
182164,0.6398219720740158,-0.29352650265211827,3
182180,2.696406746383814,1.7398740596754894,16
182202,6.39548333355443,3.4173096411143637,9
182208,0.5545071541807982,0.5742612875862779,16
182212,1.1373618424858098,-1.3853173759050716,3
182229,0.6682952999071367,0.531566434972893,3
182275,0.13910791123189353,-0.07071829462778617,3
182334,7.482725234786108,1.4502225381304263,13
182382,1.2859348399021073,-0.17339311369366583,3
182393,0.58393635275766,-0.06456440223056925,3
182414,3.0577000216292394,-3.0031959934499435,5
182423,0.7757417229900122,0.011239689484659735,17
182429,0.30210087765803095,0.16131038073376155,3
182442,8.72687011172033,0.19747854602586978,6
182459,14.895141590110374,-4.320738670644512,9
182506,5.232131449388218,0.4286183717242176,16
182527,1.2550636154649861,-0.48825960528401274,6
182551,0.9560243617415234,0.3335303302249502,3
182599,3.463608208162496,-5.481037021252918,11
182700,0.43326903034068676,0.11306805328826565,3
182746,12.20948337487509,-12.080534423770061,25
182781,0.9314642086239306,-1.7108236335917366,26
182819,0.45868943233189696,-0.6408897873548745,3
182847,3.550476750534815,-2.3933216064637906,5
182931,0.5074082461864566,0.05528243956084408,3
182969,6.354276059201224,4.518001170749737,16
182987,5.320935200961884,-2.387428192494711,6
182993,8.991475223767702,4.1231358203411945,9
183025,0.8130048576712066,-0.9307468627464207,3
183046,8.361158669473218,4.302765992234541,27
183061,2.3757761328230496,-0.5649036549830113,3
183088,0.9177977614104063,0.13769526567510457,3
183101,5.576087470237827,0.9689308886148316,16
183103,1.565210813722394,-1.7522011142573417,3
183131,2.785775538321881,0.3116329778043003,6
183132,1.7963160246344982,0.6347439019246274,3
183142,2.099973397406043,-2.3591667798117517,3
183145,1.9440123676718626,2.346022303814458,22
183146,2.3132010625412636,0.06936581606160339,3
183178,0.9815814911728815,0.9756174311167298,3
183187,4.584685026835933,-7.485857448667943,5
183196,2.3852376148316448,0.229866792166784,3
183200,1.209625300330254,0.3482299885852916,3
183248,0.8988902522498222,-1.7244345908861183,3
183277,1.0678549758990068,-0.002522220201918713,3
183284,3.014205713758293,-1.0002794609137093,3
183340,0.42209142271939065,0.14041349023700972,3
183347,2.5198444907231115,-0.23419913643061305,3
183371,0.863948970831244,0.5414611160198544,3
183436,1.3058723530523284,1.2145443113764371,3
183476,0.5707543782885978,-0.31518561784475885,3
183524,0.5241877698270302,-0.07266246564252289,12
183532,3.814010464074432,2.1483609323227713,9
183537,0.484602154277614,-0.9400413792167358,11
183540,0.9465775489021439,-0.2774994991272085,3
183572,3.5979211439071457,4.478431172741434,30
183597,1.188991799528909,-0.2704631291726529,3
183651,0.3222263829802241,0.1712538705064163,3
183664,0.685719795148163,0.622756120480829,13
183722,0.43326903034068676,0.11306805328826565,3
183725,3.260250987854674,0.8346256555071844,26
183739,0.39442694440682247,0.13630864423931083,3
183740,1.05855550429344,-1.6706093140010354,5
183753,5.056899073714155,4.978224990701322,13
183800,0.4966038747221635,0.3041592038790471,3
183801,0.5850546378710157,-0.6254302436340224,3
183832,1.213972466425373,-0.6236733754833408,3
183849,1.694427657500998,1.3069843521031188,3
183883,3.2441191433432772,0.6629720160590186,28
183923,1.6645237619011402,0.14532641276422217,3
183931,0.4683549574100524,0.35489195382957633,3
183952,2.099812496140678,1.9043305831982849,3
183958,0.3725880311641917,-0.3590837700806949,3
183963,1.1055971788216472,-0.16549719402948077,3
183995,7.992120093002041,-5.513366387425942,13
184089,1.0197170174095798,0.5013233694486685,3
184112,0.564638545307972,0.20909870485156432,3
184121,1.3965243555377185,1.0476933415773533,16
184132,0.5369187627827567,0.5455140129516916,24
184137,0.6685074291478196,0.1260251223563859,3
184154,0.43326903034068676,0.11306805328826565,3
184195,1.449899599612663,1.2541916497124652,3
184196,1.668561958419607,-0.6799441810405971,3
184223,0.5133232180577075,0.007437518706608482,17
184279,0.6710869375317776,-0.29005962550892206,3
184292,0.4727012527303581,-0.23083743057150574,3
184299,25.10614294863911,-15.955900032141045,23
184305,0.6148082485565985,0.1876625780076897,3
184354,1.0524310416792413,0.35173334222931785,3
184360,3.37068523081351,1.5307715829599415,17
184365,2.20812190036448,1.1266041852384605,3
184401,5.538451719220165,-0.4507195883769763,3
184402,0.4120894702809136,0.21109480320089652,3
184424,8.559127115944243,4.796842071289317,0
184465,3.0789555839500293,0.8213336808047825,0
184479,1.1646584376311593,0.8010686104888837,3
184483,5.442396301190912,-0.4761592643424696,11
184493,0.30490697005298534,0.32093860220242876,3
184513,2.4497335660933475,-1.9052964395027787,3
184532,4.8686516684105285,-5.867668500319653,29
184547,0.345270479491126,0.2750076958609463,3
184562,0.5287063405197419,-0.6113858215772321,3
184629,6.329445783423672,2.5708572355709634,9
184632,1.1655905462504759,-0.6992671655116491,3
184661,3.0031753220851347,1.7946370008194739,13
184684,1.0583809772890376,-0.3362811406529534,13
184777,1.0976954577206255,0.919337518976363,13
184789,3.8437835779525673,3.22816005921126,30
184845,1.865828262688518,2.6366352653400904,30
184890,2.204899319548579,0.9025298570612839,3
184891,2.6440982285668007,-3.7677014520284025,5
184904,4.01801470144423,-2.562807105403242,3
184918,1.226480900511432,-2.0374328242261592,3
185056,1.5055606566509707,0.8077047116038685,3
185087,1.0084933298662282,0.5257692238136317,3
185123,0.29603603288271935,0.0772550438578781,3
185140,1.5934091261040066,-0.3998228668319334,3
185147,3.246904343389603,-3.45367270658654,29
185154,1.2184560432900007,1.1878904122027882,1
185163,1.4933766181374413,1.1560229939870836,3
185176,3.2378473142912676,0.13323024828713428,3
185233,45.13747245313817,-9.885491370846436,7
185248,0.7182301297996894,0.7774144273208845,22
185252,4.837963876004604,3.660468269554032,26
185254,4.698097292685625,-4.268737370170356,3
185263,0.962072914002835,-0.22078156105216493,3
185275,7.56075253373906,-3.329219780319516,6
185288,1.742256396002905,1.0274864411013829,3
185296,0.3967101578062343,-0.6423127188783251,3
185308,1.4602282233499502,-0.4217003683829683,3
185313,0.6820792100497562,0.6929982574956342,24
185351,1.0956496495750023,1.051251066147924,22
185384,15.791872981101873,-11.598721898807929,25
185390,0.6804453717618555,0.49337398915924047,3
185402,0.3101312914866765,0.32293464404109395,3
185448,0.29603603288271935,0.0772550438578781,3
185450,2.4146286720330643,-3.3043997570769186,29
185467,1.444469554727922,1.4082342520515043,1
185468,3.777129619280373,4.7145265465371375,20
185497,0.5285797156110309,0.2674228219189426,3
185514,3.773667449720801,4.132298289105169,30
185519,0.3778022865782271,0.3418472923488796,3
185521,0.6436363962861337,0.6501792118259254,26
185580,0.7182301297996894,0.7774144273208845,22
185593,1.0599820008110579,-0.8559138701813216,3
185608,1.0852060578460685,-0.5575201612148203,3
185634,1.685215075254424,-1.8769966281592612,11
185651,0.43326903034068676,0.11306805328826565,3
185653,0.43375732328643707,-0.42717329066554416,3
185664,1.4039843006418664,0.9586216344679677,3
185671,1.665012371554454,0.8038722329754256,3
185677,1.249954333472816,0.7539839128692905,3
185722,5.882308660801632,-2.753603276314725,3
185741,0.32367278020782475,0.27309608846279193,3
185771,0.5639522971710826,-0.39323246911712617,3
185921,0.9107481198589275,0.720634199502714,20
185992,0.7048429508358518,-0.1338742127208081,3
186032,0.3863558890508894,0.3259844154538256,3
186039,4.533783061743998,4.179723028024542,22
186312,0.5184586465463884,-0.09861896464240132,3
186334,0.27821582246378707,-0.14143658925557234,3
186446,1.2358498530887485,1.439872805894381,16
186457,1.0355905583805685,-0.5761528158063951,3
186527,3.7091449936063396,-2.388770646246466,12
186533,0.5029264520790255,-0.3974934587634156,3
186547,4.4286288365968,-4.357656172937899,29
186570,15.599008444555377,-13.009517113832297,25
186591,0.3209460232624707,0.32223759342027775,3
186601,0.4258465267462017,-0.21353187502533633,3
186664,0.9320177575893799,-0.2677963775033039,3
186678,2.0840701509567277,1.699670267515373,0
186697,1.2184560432900007,1.1878904122027882,1
186762,1.4121017154168622,0.6708510362552202,8
186784,1.1167012539320997,0.19899830055183534,3
186807,1.2269836908473257,-1.1598756016991532,3
186811,0.6156968837523753,-0.02361511505865699,3
186821,1.349210993652741,0.8929569075703193,3
186832,1.0925752197828358,-0.5613060379350068,3
186837,4.265259390361401,-4.639857389582432,29
186848,1.2539854576278568,0.7014907919621969,3
186850,0.44665858152198995,0.10932458162221542,3
186890,1.7065759170943713,1.741596940749821,22
186899,0.9541527363553254,0.21126357052825037,3
186991,1.3839143501606663,-1.402582501593344,3
187008,0.5912633772902764,-0.6387170807791515,3
187024,0.2635611436146628,-0.06032115494989612,3
187029,1.5763108609294594,-2.0804359514525332,3
187039,0.5707543782885978,-0.31518561784475885,3
187043,0.6411540520580329,0.6476716335984977,26
187065,5.363291990101917,-0.01074262368922901,27
187145,27.92881733681595,13.321774177552252,19
187155,1.352499676304537,1.4007051418592413,3
187170,8.446444999649767,-9.732881748450668,5
187232,2.0892433842340172,0.6842882627990001,3
187239,0.9121694994039907,-0.3709900792513157,3
187244,1.7507050125058723,1.8508650168370049,28
187245,0.4154290494138051,0.10694470188682849,3
187256,20.50457012655153,6.891471030093664,21
187266,2.2944857192367327,-2.5022747049316627,3
187277,0.3556360860398164,0.3204861198455801,13
187290,0.7327546097160481,0.5313021145758571,3
187309,0.43326903034068676,0.11306805328826565,3
187333,0.43326903034068676,0.11306805328826565,3
187410,3.3846256222071776,2.267781916857867,16
187463,1.5153957852709383,0.08812861033697057,3
187517,14.3536213291737,-1.2999263174856697,6
187520,0.9663125929676473,0.6056152766857139,3
187574,3.6215949312918165,-0.7849525735795777,16
187584,3.409172254304313,1.8946121381400685,3
187613,3.644949430405573,0.4301474218529037,28
187618,0.43326903034068676,0.11306805328826565,3
187624,7.411467971223201,-9.418113034352524,5
187747,3.424985943735132,0.7882228022871008,3
187752,1.853794438499389,-0.9171998781354591,3
187761,1.5202522945782455,-0.07914162693938721,26
187762,2.382191852751363,-2.1892415303764876,29
187801,1.1749064354287138,-2.032455620116859,3
187810,0.43326903034068676,0.11306805328826565,3
187822,2.678901352772163,1.7392309952780165,12
187830,0.9663125929676473,0.6056152766857139,3
187835,1.27511833215511,0.9254013707194424,18
187863,9.522539974168822,7.119271559419806,30
187871,0.8988902522498222,-1.7244345908861183,3
187904,2.4074782433491726,-0.47761247896437303,3
187918,1.0619812337379553,0.7454084971467451,20
187922,2.4809587727327833,0.1497397296535682,6
187932,0.863948970831244,0.5414611160198544,3
187970,0.9310578894530476,0.4580994689018263,3
187972,0.2671175266318935,0.240125338809985,3
187981,2.586502506666362,-1.1578372730318858,3
187989,0.9348202037354587,1.093484349523412,3
187990,3.1270083808207607,-1.2119607466944644,27
188010,19.565029059266077,6.077319070065727,21
188022,2.097232653290071,-0.13914700494242455,3
188027,1.2949362102943076,-1.1967168251624414,5
188038,0.4724653272820405,-0.19292094261264198,3
188106,0.20360396758938024,-0.06247928697137121,3
188119,0.43326903034068676,0.11306805328826565,3
188155,0.4683549574100524,0.35489195382957633,3
188178,0.7918415745534176,0.6985734685164602,3
188253,0.42460108782319633,-0.26088578035260124,3
188268,0.43326903034068676,0.11306805328826565,3
188273,8.356061824771654,2.3419668469058053,27
188279,1.2415970409827075,0.9297530794915948,20
188369,0.25458583947186303,0.23313377708569727,8
188379,0.9444235044022383,-1.9604943141268891,11
188396,2.1609411669090743,0.6883903615203211,3
188411,0.09867867762757311,0.025751681285959366,3
188441,0.5520807414127892,-0.565536458525016,3
188478,0.43326903034068676,0.11306805328826565,3
188483,2.0349472270924993,-0.577360668895181,28
188490,3.5263330279439917,1.8237096023503885,16
188513,3.835957034422095,2.1598864161753273,16
188518,1.448667832215242,-0.14260601670734963,3
188557,1.2515326127928266,-0.2785508213522499,3
188558,1.8896609253346812,2.2687683954955946,30
188583,2.371405635054212,0.23870310237361828,3
188589,3.6690140736593135,-0.850306931549546,6
188593,2.3844544843785513,-4.09442117335016,29
188598,0.9992724823259501,0.9706653316715056,13
188659,2.4151020628460076,2.812398718969105,22
188661,1.4724122458333713,-1.6601483198669615,3
188676,0.40298910568344226,0.36463711183880493,3
188696,3.3801344124472097,2.07025934324281,30
188788,0.6910275261000794,0.43721120393564045,3
188799,2.23468283047818,0.06707745806308724,3
188877,0.43326903034068676,0.11306805328826565,3
188902,0.9571629086782598,-0.0701883102726881,6
188912,0.43326903034068676,0.11306805328826565,3
188951,4.23392565884922,-3.132769734764075,16
189005,1.1999617453620817,-0.016690456013041286,3
189066,1.949571141955647,-1.6219337998454044,3
189076,1.628552796622287,0.5169861866670276,3
189080,2.7804704088643475,-0.763972952241074,28
189100,0.7518685694499336,-1.1459804913302265,5
189104,1.6410213051802096,-1.4771560299729627,3
189115,2.4372029781281688,-1.4862611443586409,3
189139,2.0508943593358024,-1.5222879197598438,5
189190,0.43326903034068676,0.11306805328826565,3
189279,1.4073263414316177,0.7194744937015567,22
189286,0.4182002319501911,0.03070754493945672,3
189320,1.5460157724809442,-1.881317611913795,3
189334,19.733891217224567,5.855916140449336,21
189392,1.4384909505832022,1.5989909159242832,26
189403,0.593892913085221,-1.1472742777280576,3
189457,0.8735390699422098,0.266918015714301,12
189463,0.6569661265989709,-1.269118256471733,3
189474,2.421661497915089,-1.543017948764903,11
189492,0.4227742652976265,0.3606532008549074,3
189516,7.6960001841687165,-4.195002843296192,3
189541,0.43039688954188926,-0.36917499621538674,3
189558,1.9331839805024968,-2.1227128748889985,3
189631,1.3811979269844628,0.5314306227454886,3
189632,0.3295543452549766,-0.25369314352860733,3
189655,1.9053594202055246,-2.654268985325685,3
189666,6.833137354712193,3.783943592747046,22
189678,2.9689859812455297,-0.5025950844694944,3
189688,0.4333831103553182,0.3526775143895552,3
189747,2.2378846019897907,-3.9706295027462097,3
189750,0.43326903034068676,0.11306805328826565,3
189804,1.0927737853438746,1.2782469046648166,3
189835,5.200670520230051,-1.4218285666285189,12
189855,1.3078528461457424,0.9359739333864588,13
189891,1.132733429237448,-0.9337544998999433,3
189973,5.951110578138527,1.9718283458989556,12
190033,1.3775272453378076,-1.6120552829632402,3
190074,0.48013683745849645,-0.4118265163330009,3
190080,2.2745807168675087,-2.4485261449272504,17
190185,1.1640815860089009,-1.988823883645116,3
190220,0.6685074291478196,0.1260251223563859,3
190265,0.7029115546612068,0.44944638060887937,3
190289,3.6718599756889163,2.038138546474241,3
190318,2.6902593402702095,3.58056185702584,30
190335,1.3372967369178905,-1.8191855614943095,5
190347,1.240004304592241,-0.09984241749699257,3
190374,6.292658701479944,5.0773728517588275,28
190409,1.1184695787681023,-0.8652342999675623,11
190459,17.149038730039234,7.178427959448045,21
190479,7.0813888860069385,5.533374777430232,30
190485,0.5278031883620036,0.3494297845443626,3
190521,3.787650856154192,4.498570134224964,30
190523,2.131348254815325,1.1981446909736575,3
190531,0.9663125929676473,0.6056152766857139,3
190533,2.330659053077688,1.7474000952989672,3
190676,0.40977758806424563,0.3495662127635269,3
190688,0.42093206058329063,-0.36261884841452846,3
190708,15.459553074919485,-7.49526504861823,25
190741,13.415496897871494,2.614288624494044,9
190789,1.3172732144587378,-1.496128113803058,26
190791,0.7230053064578829,-0.6169800221831157,3
190806,0.4532856215860481,0.3434732937964497,3
190807,1.3657400450746313,-0.14630939321515682,3
190808,0.36692364456331866,-0.3147204599017708,3
190814,0.41167103043167236,0.041319972191232145,3
190818,0.37019647795084004,0.38503437389853845,3
190831,5.082808221816261,2.3567036489772932,3
190844,6.399641379053244,2.9337370886827934,18
190885,2.4695029010123197,0.4140453105096057,3
190917,0.5912633772902764,-0.6387170807791515,3
190923,4.97171763142662,-0.11887110480307889,30
190925,17.401003006664027,0.6585526030994064,9
190939,4.606921259810244,3.7868074927697566,8
190976,1.442971212225215,0.07809863752803099,6
190981,0.8563384388969788,0.43324485424637627,3
190997,1.1837764229277474,0.4574472618459437,3
191009,0.5362388914581626,0.3464692478186265,3
191014,1.6110616660593537,0.28536260101440614,3
191049,0.36692364456331866,-0.3147204599017708,3
191072,1.2042667592383702,0.4822617552612298,8
191126,2.4919415109453613,1.1924931041185756,3
191165,3.0272693333629155,0.3439480326517507,3
191173,0.7755762218493402,0.8600578347337458,28
191187,6.583908803218311,1.574495690815776,22
191188,6.564024005732382,-8.61044631421643,29
191214,0.6774941927136426,-0.36032315376108215,3
191452,0.4537039463378909,0.5144717681893662,3
191523,0.44921718788991954,0.4234871109261581,3
191548,1.904331846663059,0.9035950885332263,16
191575,0.3359846053448637,-0.0060254600787599255,3
191604,1.1217206177619217,0.1885997067217916,28
191610,2.181268744142084,-3.085624699116455,3
191638,2.062658424701789,1.569155949216699,13
191671,0.7398584586584602,-0.22387805037968872,3
191685,0.31377578123419675,-0.5913884777670046,3
191694,1.1678591464376253,-0.08563856725095279,6
191716,1.8443463651047858,1.2319650057709002,3
191724,0.9516715237124158,-2.000317716411727,3
191728,0.5083437013000791,0.10589218032402425,8
191761,3.6699726205559675,4.703471460677003,30
191775,0.4380641335885719,-0.43141472759413824,3
191803,1.0436142572829032,1.0624912879958779,26
191807,2.1875344946922626,2.595579081161739,30
191819,0.44355473592136535,0.17151302134865193,3
191841,1.763210818772685,0.4649981705013655,3
191865,0.8626733141306077,0.438513907015948,3
191875,1.7093119159026346,1.9789435624588256,3
191881,2.217988032929827,1.0629278070243533,28
191883,3.618950375360472,1.8728472288855866,22
191913,1.738183021549806,-1.2955207462015352,3
191968,0.4258465267462017,-0.21353187502533633,3
192007,0.47291237979778,0.4062352425405186,28
192083,0.5810387329220748,0.1422155960074858,3
192093,20.59381346213455,14.917166407558318,21
192095,0.822948293898637,0.23214951359100822,28
192119,4.081842931286869,0.96258335845677,6
192129,0.643898786063652,0.663754850489989,18
192135,0.3946575969431148,0.10159746679248706,3
192158,2.7007065764495244,0.9152339485399805,3
192176,3.420829198874036,-1.2736685760816477,12
192185,1.2423712082867993,-0.7874738231999167,3
192191,1.3539496693292812,-1.5992335678428384,3
192199,0.43326903034068676,0.11306805328826565,3
192203,0.7331179940107083,0.5907937594590772,3
192211,2.9787496856834967,-0.6041013394081902,3
192215,0.4966038747221635,0.3041592038790471,3
192230,1.1653553279274438,-1.8071689275563672,3
192244,4.855498676992443,1.2579199767154596,20
192245,6.354143931802387,-2.57648129205253,3
192262,1.2184560432900007,1.1878904122027882,1
192353,7.266920629858594,-6.279076259859859,29
192428,0.9856699729756985,-0.6194661847929687,3
192460,0.5444505500197875,-0.2658752548546807,3
192476,0.44665858152198995,0.10932458162221542,3
192479,1.6242221975269062,-0.6749492781314996,3
192492,0.8234709931129187,0.6498037969570232,3
192660,1.7840993194657695,-1.8677618611090512,11
192665,1.3232994480622233,-0.6906130296008712,3
192696,0.7661923866364627,-0.3516675002913502,3
192710,8.667519382599266,5.711478928844588,30
192727,3.022963145904228,1.6732445395469029,0
192733,1.1865792458346642,0.5754763486735177,3
192739,1.1837764229277474,0.4574472618459437,3
192765,0.6422545380295545,-1.3266274254159118,3
192779,0.5074082461864566,0.05528243956084408,3
192844,2.218144924338565,1.3388075740522356,16
192845,0.9930640181317786,0.5680453183028468,26
192875,1.0980308073713272,1.0212384600162234,3
192895,0.43326903034068676,0.11306805328826565,3
192979,0.6907507433930118,0.18026176900171556,3
192982,1.0446978824418627,0.9716354491011496,3
193017,0.3388549903701356,0.18093567928000553,3
193063,0.643898786063652,0.663754850489989,18
193106,1.52051216096285,1.8392609135298004,16
193148,0.27027755887228916,-0.3980078969805074,3
193156,1.644271456880348,-2.131596907492301,3
193168,1.7824800239934278,1.006024960858585,3
193248,0.676788422984143,-0.07483082661352194,3
193294,0.8589445270823531,0.5383246903873012,3
193322,0.33267867920221544,-0.39957018687731827,3
193335,0.4966038747221635,0.3041592038790471,3
193336,1.1498195062849654,-1.566326603390512,11
193337,0.46697219207206925,-0.8801252051473658,3
193344,1.9992570869075579,1.1677455984114393,1
193350,1.4292656522963645,-1.1095518895211918,3
193412,0.9345432338535142,0.6798252897024849,26
193428,2.975262925689157,2.5393495852424506,3
193448,0.5066076310632887,0.31778174166406703,8
193458,5.6856504369249885,3.3572995241491483,16
193469,2.737803243075571,-1.3458744589873641,3
193499,14.729592560131252,9.99393736249525,21
193500,0.5339821939742341,-1.035829811464595,11
193502,0.7304686481798585,0.030803396856807976,3
193529,4.801479255870182,-7.468105226553767,11
193549,0.7008795846809384,0.5256556556408312,20
193610,0.47026818727253017,-0.6072542972522197,3
193612,1.2533628815610693,0.9664656886176609,3
193642,0.43326903034068676,0.11306805328826565,3
193676,26.59967537405685,8.825095288295728,21
193680,1.4451984433217442,1.0675935741360403,1
193695,2.059266716893625,-1.5054842932196582,6
193716,1.3585612606661126,0.4582145232823318,18
193723,3.440783558303549,-1.28852146080902,6
193738,0.5675538332059863,0.4365377364704572,3
193740,0.600300431329388,0.48376080184551373,3
193746,0.1650418545541733,0.15113500031762445,8
193750,2.327744731882313,1.5554457723232002,1
193759,2.0228824872574473,-3.3800618922107595,5
193769,2.3636005202690127,1.4233856981377808,3
193778,3.0768378845035778,-2.2590597965609636,3
193786,0.44921718788991954,0.4234871109261581,3
193798,0.5314340942392822,-0.6353227195603532,3
193817,0.7331179940107083,0.5907937594590772,3
193819,0.3198673879323408,-0.07320794714373756,3
193898,5.117114507689413,-4.678761396258118,3
193966,0.3670605845241769,-0.3002835888948393,3
194126,0.428693752013255,0.2068379367679981,3
194172,1.4100900117962658,0.8544460092423672,3
194202,4.394050085651674,-6.448146141512003,29
194205,0.36660148378844104,-0.4797128588380006,3
194243,0.9514434880998557,0.48136107945409673,3
194273,2.692659945986749,-3.860118690212189,29
194287,0.4017121629802606,-0.38715231275546624,3
194296,0.7933934849455808,-0.035484744856479,3
194425,0.6298674324426299,0.6817703810574319,22
194457,4.619898238968401,4.254157299984161,0
194463,2.4706587665906805,1.926635579846454,3
194513,0.15761529283257777,-0.13187759779933253,3
194514,5.353254109887491,2.723567006755181,20
194519,2.344459182813403,0.050303052926295076,3
194525,0.7714435708701437,0.5947409814325744,3
194534,2.264858969244308,-1.1479334606304057,3
194543,0.4535197766666105,0.3002507778307115,3
194556,0.5256716091635788,0.19466834768318841,3
194600,13.296373998313939,6.024727397178973,21
194605,0.8650253907877391,-0.8605982182756319,3
194606,3.3208599208894825,1.7946296230840835,22
194614,2.4557491253009895,-1.8092206592453377,3
194636,0.9082277185844216,0.7399469188804827,3
194639,0.45208223319804014,-0.5227791807689377,3
194669,22.54938094695614,6.282300940983028,27
194676,0.4511809070489087,-0.2562174620586556,3
194699,0.6424504428529509,0.6188237925576765,3
194706,0.5696307367239399,0.37257703864285063,3
194735,0.4435719893699544,-0.27150906490345994,3
194739,1.934603442780981,-0.35425071834831934,0
194799,0.19735735525514622,0.05150336257191873,3
194803,0.650472303412225,-0.06662426486266855,3
194877,1.1205622048725072,1.0567012342443822,1
195008,0.7883511697203686,-0.8516227743722019,3
195033,3.3967333182696295,2.3021341693481703,3
195049,0.2487857461695984,-0.056939514445129215,3
195064,0.6815149460450198,0.39324666691531507,3
195079,0.797846494050604,0.44161181280555134,13
195100,0.8653319923641077,0.2972739469584934,3
195101,1.202895396430771,1.2862179861721583,3
195116,1.3565971384700835,0.3403264451356768,28
195123,0.9711779731402985,-0.49893870038667265,3
195124,0.43326903034068676,0.11306805328826565,3
195128,0.17593439612066786,0.11647659484812085,3
195182,1.6801910918548224,-0.7034449728154318,27
195198,2.324379484558884,-1.2675137938985526,3
195247,1.3283911824998054,0.8678302331488014,0
195250,1.0073035821136278,0.586206094418612,3
195322,0.3714684754657191,0.1679045368083571,3
195326,0.8988902522498222,-1.7244345908861183,3
195374,0.823593750076037,0.1374133663694985,3
195386,2.2157552736719217,-2.2446359535093836,3
195441,0.07456779530188766,-0.0028654911831094954,3
195469,13.41716912452159,-5.754422378681771,25
195488,0.36531479465781225,0.19415409737646033,3
195583,0.3247242619180553,0.17258141989018697,3
195694,22.7035524343202,-4.00216046993111,27
195714,0.43326903034068676,0.11306805328826565,3
195770,2.480052976017038,0.8650234185404092,3
195803,0.8452453484904869,0.6657763010419461,3
195880,0.857567313834654,0.2789558741608128,3
195904,7.2108550777717735,6.012786478755849,1
195940,0.6685074291478196,0.1260251223563859,3
196006,0.43326903034068676,0.11306805328826565,3
196018,1.3347634878802435,-1.611071186683612,5
196031,0.4799734331961235,0.4947744914039429,18
196047,16.672778576195007,-2.8635931843392823,25
196052,5.267291579147267,1.9871636751416237,1
196053,2.7079366446712165,0.6219391836479274,3
196066,0.45996265801813147,0.17033480422278985,3
196077,47.33851582328239,6.837889727742957,4
196085,0.3524610458827535,0.2633374663904081,3
196099,1.6345382379071527,1.3227299091733586,3
196106,1.5267512885717205,-1.0538881912670355,3
196108,0.44355473592136535,0.17151302134865193,3
196113,1.665986978750828,1.8686393381690918,16
196129,3.108453496761367,-3.66269049009712,29
196146,0.9281835504803789,-0.5475184474798817,3
196149,1.0972159704879256,-0.9537698574500059,3
196160,4.100898910319159,-2.0885758097449125,12
196187,2.744076729610768,3.264997650133686,30
196191,0.44620750728036623,-0.2936864219238273,3
196204,0.2334114798293661,0.216851136923312,3
196225,0.39080828631014786,0.2889723498391283,3
196228,4.168758175916651,4.2966445442712615,30
196253,4.185464492911792,1.7358102018514199,12
196282,1.9662641879634242,-3.2625399922659746,3
196298,0.43326903034068676,0.11306805328826565,3
196317,1.6208391481180802,1.7511703424337217,22
196363,0.43326903034068676,0.11306805328826565,3
196441,0.6298674324426299,0.6817703810574319,22
196457,7.3488363341706275,-2.437481756121062,0
196466,20.57889829583393,9.79128177248179,21
196475,1.617094797937864,1.4098110002725586,16
196477,0.45573606121643256,0.34321190405011226,3
196493,0.43326903034068676,0.11306805328826565,3
196502,8.524359446547626,3.8360909770278564,6
196527,2.033934537218099,-2.1228937726497543,29
196553,0.4532856215860481,0.3434732937964497,3
196621,1.2186832466940343,-0.8208561884067607,11
196656,3.392411394140345,1.959496742044228,1
196723,2.5096624029965837,0.7935685252784934,17
196738,9.061926707989388,-11.446289639923188,25
196747,0.97762778509322,-0.8592584328936982,3
196773,1.8400659515605202,1.0930962090784297,3
196775,2.6613919734415705,0.30106324730549333,3
196810,1.2184560432900007,1.1878904122027882,1
196812,0.9308886605933486,-0.8758414313417653,3
196858,1.0622715176724606,-1.0906231638671935,5
196886,2.030749623198359,-1.7920563672282905,3
196891,1.073919366270769,0.8105056773679277,3
196930,0.45184985759089996,-0.06263504538385473,12
196985,2.866606147094237,-0.25729975384601134,3
197000,0.3863558890508894,0.3259844154538256,3
197124,0.4535197766666105,0.3002507778307115,3
197158,0.42093206058329063,-0.36261884841452846,3
197189,1.2184560432900007,1.1878904122027882,1
197206,4.754557237053892,2.187941915399744,9
197293,1.5861362563772559,0.2585563566479264,6
197364,17.925565783715747,-1.6075186070755558,25
197405,2.0135946095974315,-3.484257684451728,3
197410,4.04209300181346,1.117388517611133,17
197424,0.5253594824603722,-0.20875644374321486,3
197502,1.1125437327323198,0.1542894097208268,3
197505,0.43326903034068676,0.11306805328826565,3
197550,1.2452619575877992,-1.0172220849004296,5
197659,5.290672124007882,-8.686522832988242,25
197664,0.7540992757311813,-1.4089938882077655,3
197687,0.6091095806857286,-0.06734774395216975,3
197727,1.7487177984064224,-0.3578151977078418,3
197728,1.5145343252802586,-1.9213697333018134,3
197763,2.2423679100673835,-1.9408022516235397,29
197775,16.188216338409998,4.264142908802465,9
197828,1.3442493742811963,0.8722221190790052,28
197882,2.3581817072066875,0.24311656095148293,6
197939,0.8722591897955301,0.42829873281064157,3
197942,0.9703044049152894,0.5949105094800696,3
197961,0.7505028401196676,-0.06799100989830799,12
197973,0.2456901990834715,0.1258559802281768,3
197997,0.5281823121941118,-0.6314352553672392,3
198011,0.8987320600003761,-0.7358507888013031,3
198012,2.067425809831534,0.5931162840409265,3
198045,1.0303121509206223,0.6742724193814884,24
198046,10.71520656804304,2.2705396288071187,30
198055,2.6077347974735647,-0.6775262289706726,28
198114,2.1141390634276913,1.1079870272598613,3
198177,0.545663368039805,0.5543986059965074,24
198213,5.355611618624611,1.8649301528877544,17
198214,2.077358216672529,-1.2824805284364706,12
198243,0.7182301297996894,0.7774144273208845,22
198290,1.0113241671913178,-0.5850281649259778,3
198295,1.7617542574987453,2.7443337682049846,30
198302,0.5667597182180226,0.6294523500421338,3
198303,1.9098456808715267,0.46819669808768555,3
198306,1.0361253769636123,1.3259079607494537,16
198331,1.0852060578460685,-0.5575201612148203,3
198389,0.22786803060821628,0.17160595202505613,3
198412,6.361769579888684,-7.980750317733193,29
198483,1.8426175129967457,-0.6720887541793222,3
198487,0.2927264081049924,0.30811760134124927,3
198506,2.189643422998547,-3.619047530765688,3
198507,0.6399645775948314,0.6596993218719239,18
198515,0.5339821939742341,-1.035829811464595,11
198547,0.5444505500197875,-0.2658752548546807,3
198557,1.0115721885083881,0.6431386074741968,16
198564,2.1915061678206182,-1.4595894676928771,3
198585,0.7635766025381413,-1.4750669285075027,3
198621,2.1326206315308758,0.9807756397504064,18
198625,2.9879889053629176,-0.35117669021364634,3
198692,1.2670445163470576,0.7317887003620738,3
198699,3.916993115400698,0.1269041877899585,3
198711,40.63385926653319,-27.994147595194217,10
198726,4.121305940366276,2.0208039665919584,22
198760,0.3101312914866765,0.32293464404109395,3
198767,0.6141828585710299,-0.8394026050383261,3
198781,1.30002259925513,1.2674108268463538,1
198790,0.7331179940107083,0.5907937594590772,3
198834,0.8988902522498222,-1.7244345908861183,3
198840,1.1090805437425042,-0.12461220719103619,3
198887,0.8563384388969788,0.43324485424637627,3
198930,4.435201851528154,-0.6502649302513569,12
198983,2.4253333123481178,0.8867867955731692,6
198996,5.429071716087441,4.37718668271511,20
199016,2.419062943630228,-0.8867605974595352,3
199025,2.1997341949185105,-1.8676824755497563,18
199041,6.170772517137469,3.818522137905828,1
199092,3.554378294285069,1.2031290518145532,0
199095,1.8735836964330699,-0.287722665729733,3
199106,1.978093254724243,2.650502597160883,30
199178,1.3375287238245868,0.9451990822121751,3
199180,0.43326903034068676,0.11306805328826565,3
199209,6.8560617247589,1.7495931199238641,1
199219,0.6138843845836008,-0.16969655502941552,3
199244,0.7550734727250281,-0.46467255491321335,3
199309,0.27405108691963564,-0.5259890281081306,3
199336,0.2524420820119026,0.26889473859259855,3
199359,1.5922421496592682,1.3435878709771452,3
199390,1.9288785258425523,0.7022372483809757,3
199416,0.39442694440682247,0.13630864423931083,3
199431,1.7780998512254214,-1.7288313027051867,3
199494,1.0168916367090874,0.7645990188185326,3
199510,0.43326903034068676,0.11306805328826565,3
199515,3.7679878031256933,-3.616370747373803,3
199555,0.5281823121941118,-0.6314352553672392,3
199562,0.863948970831244,0.5414611160198544,3
199572,1.0852060578460685,-0.5575201612148203,3
199640,1.6826918683518872,-1.7671582636352507,3
199764,0.5092258644485887,0.4191204409259108,3
199772,4.16531212016982,2.8855136452796524,0
199800,2.1938607383733446,-3.8896742447039316,29
199841,0.43326903034068676,0.11306805328826565,3
199857,2.2766205269916844,-0.9230257027974905,26
199871,0.8294137447987564,0.9516822766339433,3
199901,1.6022743812895237,2.495907514788975,30
199981,0.9407301342819944,-0.3310265589004046,3
200009,0.47857697812651556,0.36930901495331847,3
200196,0.5182216158055082,0.10879106093177346,3
200206,0.600300431329388,0.48376080184551373,3
200213,1.1730281344940874,-0.29418048056703283,22
200226,39.243852321940324,0.8123476529964085,7
200234,1.233638311292739,-2.2269712050745616,3
200245,1.2774288106918597,-1.1727990068488692,3
200246,0.43326903034068676,0.11306805328826565,3
200248,0.6787347578116811,-1.31117060311778,3
200250,1.0680104300786122,0.5012494398026007,3
200300,0.7904041134173558,-0.06319484422697799,3
200323,0.41886891816278143,-0.2581582854975523,3
200402,2.3968751665913866,-1.0995155483973105,3
200409,2.471449728521221,-4.088557169608308,29
200422,5.828433613987396,2.2174286808497334,30
200493,1.9985805463814938,0.5443516014189087,3
200508,1.8532869386596125,0.843302299158641,3
200556,1.444469554727922,1.4082342520515043,1
200557,3.106343343212109,-0.35186755096335864,18
200574,0.5357736474770852,-0.14810434103821749,3
200583,2.0147414694194334,-1.009934014211982,6
200585,0.58393635275766,-0.06456440223056925,3
200590,0.505753517283737,0.4344460232724991,28
200593,2.1101419869232574,1.4561900950259072,0
200607,1.621412401903565,0.4681681274437126,3
200643,6.833531108610599,-0.06123062426736318,9
200653,1.0980308073713272,1.0212384600162234,3
200659,0.7231228256064947,-0.7811593241794842,3
200667,0.6910275261000794,0.43721120393564045,3
200674,23.07763095288376,-21.470402491237444,23
200772,1.7097538198793791,1.0270783567399902,3
200876,0.43326903034068676,0.11306805328826565,3
200978,4.456841979226201,2.2513113927325046,16
200993,0.46697219207206925,-0.8801252051473658,3
201017,8.317155813551476,-3.953490003687425,29
201036,0.8098295559976669,0.8765619185024124,22
201042,0.9506906631633408,0.8373703237896688,3
201058,1.8611443854497591,-2.774996435536854,3
201066,1.5279418550373303,-0.8638809247628735,3
201073,0.7056665754717482,-0.5660567947897753,3
201141,6.258251196646569,7.190965217790884,30
201154,0.24605848913344072,0.26209510152473975,3
201256,0.7056665754717482,-0.5660567947897753,3
201290,18.468945698390034,3.985695316081157,21
201303,0.2814943365719592,-0.21669622676401876,3
201323,1.550218720074154,0.8566574528956087,24
201349,0.7327546097160481,0.5313021145758571,3
201353,2.0747944821869795,1.6211352664491645,1
201383,0.49271948107523034,-0.5322642339826262,3
201404,3.4977909533145968,-4.5065206866880585,3
201445,2.0944374588897383,0.7830096415853847,20
201447,11.841523896946141,-0.015207004377159865,9
201475,3.7115622581829752,1.794740648765411,6
201519,1.0361253769636123,1.3259079607494537,16
201521,0.19735735525514622,0.05150336257191873,3
201526,12.757400304773256,-9.240307521732413,25
201548,2.2842211181341785,-2.040814349533749,3
201557,1.1395557637841163,-0.5694910517769156,3
201568,0.6207328248993782,-0.6809920609442054,3
201593,0.4691583896551143,0.3106042529283223,3
201636,0.5696307367239399,0.37257703864285063,3
201641,17.472107409456438,4.876401531229929,9
201673,0.6156968837523753,-0.02361511505865699,3
201674,17.46039268147526,-3.75808252252367,27
201677,4.389767434015069,2.9438536750770212,1
201684,5.876410842292915,-2.969546044455277,27
201697,2.522923323589224,-0.24920253196734163,3
201701,0.4301072876330278,0.27773891314526633,3
201714,0.40826121618779904,-0.021504299160650553,3
201724,0.8376869492758465,0.42579408704538896,3
201725,5.087249035588399,4.92783315771795,1
201754,1.8064535265566148,-0.7059913749161763,3
201768,6.105170321066886,-6.449077482263312,26
201776,9.285452847497055,-15.953774062752414,25
201783,8.233075977149296,0.24094264738213164,9
201829,2.196574574533081,-2.335670018848029,3
201870,0.550385466844978,-0.47208068985265617,3
201898,0.43326903034068676,0.11306805328826565,3
201923,5.010333134550763,5.672607463851425,30
201969,0.676923680399954,-0.021383388017622823,3
202000,0.837888084145757,-1.565548764675295,3
202016,0.9437000483204948,-1.983562477807763,3
202058,2.56848894136829,1.051876394588306,3
202063,0.8589445270823531,0.5383246903873012,3
202069,1.230193899948419,0.38536089438802323,3
202095,0.41167103043167236,0.041319972191232145,3
202127,4.8494638226656575,-2.9725332507453524,17
202147,1.3490452251282867,-2.563609614858016,3
202162,0.46099978657227636,0.3932619893589678,3
202173,3.500941473524811,1.0008332483603462,1
202174,0.7405911976046522,0.476737504391341,3
202195,0.6482789620995942,-0.620319486703483,3
202212,0.9665294738400744,0.8076448963823892,3
202213,0.7554144071142228,0.4555154663702578,0
202246,0.3977289398715827,0.3069200770530413,3
202254,1.242822997301552,0.42902146558153154,3
202257,0.6321677883753113,0.7010282728395815,28
202277,18.73902255694714,-0.9668454302855667,27
202322,0.8668929007996505,-1.7980657839324137,29
202324,3.6988128761182715,1.2971133371612702,3
202346,1.0347007706965838,0.5259588654458798,3
202353,2.514706157095751,1.4056037972669178,3
202358,0.9571629086782598,-0.0701883102726881,6
202381,0.4724653272820405,-0.19292094261264198,3
202462,6.9690259372399,-10.104729602960273,25
202518,0.9239817925038736,0.013387533671895269,17
202532,0.27379008349285744,-0.26963420474633637,3
202553,0.43334086641837666,0.42247027561545125,3
202564,1.5036917719171714,1.592565139149945,3
202647,0.29603603288271935,0.0772550438578781,3
202711,3.5182839055438424,0.9930596371143504,3
202764,0.43326903034068676,0.11306805328826565,3
202783,0.3388549903701356,0.18093567928000553,3
202821,0.7894294210205849,0.20601345028767493,3
202834,1.5930251139527847,-2.6389525570050107,29
202885,0.670008577995335,-0.6198296931237848,3
202919,2.6616267163823695,-0.7767189399857013,3
202942,3.547017471321631,2.185302174452665,1
202960,0.9983244887371949,0.5794149754108487,3
202997,1.8147895879869798,0.8787201683152865,3
203014,0.416160130231528,0.26104638557960974,8
203017,4.74367178717738,1.1733237406475656,5
203033,2.5119926371839822,2.3514635516242475,16
203044,2.731843904646169,3.5153342534328,24
203058,0.42460108782319633,-0.26088578035260124,3
203075,6.931743876144311,-1.5000542670442436,6
203151,0.43326903034068676,0.11306805328826565,3
203156,0.26675068341224123,-0.16389845009198392,3
203161,2.1824781418002557,-3.042318023172997,3
203195,0.9433904319695811,-0.2594991333674461,3
203213,1.7342435840415606,0.602376485800631,6
203240,21.026455047317288,2.936315944151741,9
203280,2.513239217715003,2.0696607210423195,18
203379,0.41167103043167236,0.041319972191232145,3
203380,3.607992627449356,3.283590128573888,30
203392,0.6677287169538991,0.7810602496595799,3
203401,0.9138941607449335,-0.838999806998545,3
203411,0.5538310334601303,-1.0743330048191266,11
203422,1.466698157906576,-1.463615029904877,3
203425,1.1818122579383916,-1.4220491115343585,3
203441,3.7213611752731706,-4.9025312102914045,5
203506,2.543155504522131,-0.6061969618154661,3
203523,1.2407320788011036,-1.6617134410104626,3
203531,0.6907507433930118,0.18026176900171556,3
203542,0.5369187627827567,0.5455140129516916,24
203583,0.5316390460736878,-0.21701746325034518,3
203598,2.2944217503696676,-0.02719504062791589,3
203618,0.7720019531902576,0.4884434999280989,3
203621,2.677207278630038,-0.14822463832270924,8
203642,0.4117037600244763,0.05621933800999738,3
203649,6.227879255316,-9.792332541275607,25
203742,1.1331216106713342,0.6832731995553867,0
203764,3.69597281176517,-4.093200596834561,5
203799,6.174931396032401,-3.0895307228277695,12
203805,1.047557681155503,-1.2422202376868279,3
203820,0.43326903034068676,0.11306805328826565,3
203844,1.656893019705074,-0.38889363292485596,3
203900,1.554607616571402,-1.460915367695743,3
203910,3.388669515055269,-3.4388741877660522,3
203918,0.7190289484077178,0.31789227039664975,3
203968,16.64619663285847,-7.8941185567504215,25
203973,1.2364771286104532,1.1062498294563037,28
204011,1.6854593384050316,-1.1126463328163219,17
204117,1.0385744145376263,-0.3251794658033109,3
204167,1.9985664721945975,-1.2170748464876378,3
204179,0.42522680000255464,-0.17526135383888525,3
204205,1.0852060578460685,-0.5575201612148203,3
204255,1.860950347381753,0.4314120346234882,3
204285,0.27027755887228916,-0.3980078969805074,3
204311,1.6498446031540404,-0.348421456363256,3
204333,3.4047847931032527,-1.518129130510032,17
204359,4.573681693578197,2.0408115977007664,28
204363,0.636469280510753,-0.2598096391025259,3
204391,1.8311488013820356,1.6120322194753005,3
204393,4.108461267425143,1.2049131516937044,9
204448,2.5638943467788313,-0.5541061626373353,3
204452,0.5843749185438868,0.02464271748544638,3
204457,6.25092166921159,-1.4882211551838471,27
204474,2.6189566972808818,1.2136958871964731,28
204504,2.0105768567238984,-1.195078347785758,3
204522,5.881845946808377,-5.100662440335855,26
204533,0.4333831103553182,0.3526775143895552,3
204571,2.123318116725197,-0.752392989436897,3
204591,5.03335203093988,-2.934207358475446,3
204592,0.43326903034068676,0.11306805328826565,3
204611,0.6945116080195182,0.13092735631997962,3
204619,0.722234777363961,0.7041171260257522,1
204622,3.7025291792661332,2.546698589741078,1
204634,0.31631144403441824,0.3293699358607534,3
204652,0.49339338813786554,0.12875840642979683,3
204660,3.316891718346796,3.8618369771004266,30
204663,0.37741951977531296,0.27383663882703946,3
204669,0.36350041823707946,0.09357661415097493,3
204676,0.676788422984143,-0.07483082661352194,3
204696,0.37653093748103605,-0.7096661733204056,3
204698,1.6996339360676018,1.0729727517762047,3
204733,1.4338351046198925,0.24347991932435675,3
204748,0.4449406203321811,-0.5344045709264545,3
204753,0.6812807296261171,-0.7282970600211971,3
204782,0.6288154147187563,-0.6214802575731782,3
204783,2.4376841057943763,2.00833547729918,1
204790,0.7730731634493226,-0.5038701437135161,3
204807,0.7504235921057529,0.582225852861603,3
204813,9.044020483907575,6.752419192496264,1
204822,0.9842839383757512,-0.10274996197510643,3
204825,0.7261322131531341,-0.8408867730725968,3
204844,1.2567137958690722,-0.6719071069113877,3
204864,50.14074321157459,15.856244807684524,15
204909,1.02758442083062,1.0722860044968234,3
204929,0.9270353967756672,-1.6768155184607856,3
204936,1.370753772556173,1.5723637565666464,16
204946,2.0382070422242378,0.4271055846578875,3
204964,5.058621468445938,4.460802525955272,12
204972,0.5074082461864566,0.05528243956084408,3
204978,1.1262506897580906,0.45681292953973784,3
205038,1.4856686104694918,0.6633589442662403,3
205059,1.251134427521562,-2.446261166639774,3
205072,0.43326903034068676,0.11306805328826565,3
205085,2.5117542974163194,0.7890468322526925,3
205111,0.4227742652976265,0.3606532008549074,3
205145,1.4083797051121778,1.3992701263104692,3
205166,1.9272077948381632,0.5639002403078653,1
205188,2.2615969189633165,1.9948399219402757,3
205197,3.2998883227468614,1.533758657445772,3
205199,0.5643170458647266,0.10310605952314547,3
205280,0.10180198379469012,-0.031239643485685604,3
205281,0.9062266510746666,-0.17212398778389612,3
205285,1.5918320403951576,1.3778587629708778,3
205338,0.19735735525514622,0.05150336257191873,3
205353,0.37579470397255255,0.2807709571967417,3
205355,0.6442083953117649,0.4037435177904759,3
205356,0.05905375087658586,-0.049410603924815874,3
205383,2.291058447030019,3.283775297923368,30
205426,1.070796260395243,1.0641942931175719,24
205473,11.472414527955097,-1.4125228920697832,27
205483,0.43326903034068676,0.11306805328826565,3
205487,0.8277495344092268,-0.3285992728556199,3
205502,2.109072841244908,1.685178254236111,28
205508,1.7406495662878227,0.9925847130539076,3
205517,1.9156582476225206,-4.000857156002981,29
205520,2.7797825015342243,-2.295257899575955,3
205538,0.7331179940107083,0.5907937594590772,3
205554,1.7378124262864616,-0.34387139762134605,3
205708,0.8270620887775293,-0.3011114578881822,3
205735,20.741051928580777,-7.253033196338413,9
205765,3.0486968422442606,1.904683342642312,9
205783,1.0591486159994274,0.19140392305348392,3
205804,0.6630474083489734,0.0829878408223256,3
205843,0.8174306445059638,0.772734320539388,28
205849,0.48013683745849645,-0.4118265163330009,3
205856,1.006918501194074,-0.19124887531544013,3
205871,1.1663870243513952,0.7038618127473428,3
205878,1.3354574339077983,1.5621204993191597,3
205909,1.0915201126457126,0.5124251612157887,3
205919,1.9902278439634586,-0.49190466191434123,3
205922,1.2342702182436305,-1.5012354204741347,3
205938,1.2995622866084957,-1.6487193657395052,3
205939,0.2933565615669052,-0.14823766844362332,3
205943,0.4816371858266568,0.5349139127944263,3
205963,2.043887920587638,0.10613212671471209,1
205977,1.918815417261225,-0.7575475882041489,3
205979,0.5525893647824386,-0.2931372986735412,3
205980,14.205725421660375,0.8654919190696799,9
205989,1.2238924698986744,0.7213462519939218,20
206013,1.2950958524185836,0.41311982037648864,17
206016,0.48177260986210146,-0.0018150830359289628,3
206042,0.7261322131531341,-0.8408867730725968,3
206058,1.1157787672958959,-0.4701449645627727,8
206074,7.225002458159077,-2.302357070233446,27
206107,3.925475320733976,0.3820759789318818,16
206109,3.581570977217605,-3.109078510422287,3
206160,0.43326903034068676,0.11306805328826565,3
206177,0.5545071541807982,0.5742612875862779,16
206187,0.43326903034068676,0.11306805328826565,3
206202,0.3427468011825344,-0.3627023329649541,3
206204,1.795493152103106,-0.12370020726292859,3
206219,0.7635766025381413,-1.4750669285075027,3
206305,14.598659509890814,9.884773626787405,21
206335,0.30546664192407236,0.3177100924113677,3
206375,3.4411464978559754,-7.047604892780418,29
206393,1.9818543978486192,0.973778051855363,3
206418,0.7468324607052916,-0.864858391533582,3
206423,2.6282020090099927,-0.6474157135239194,3
206438,3.4971982268331807,-3.2229206870560074,3
206534,19.805262253808937,0.5583109148615201,21
206563,7.2704104587068485,1.3095578251977065,18
206567,11.863316819648135,-7.000752918684018,9
206657,2.942045089121314,1.6464447769253512,3
206684,1.3924369058642176,-0.8462788808358578,3
206691,0.5414307383873144,-0.05986466129081756,3
206695,1.7128717646173535,-1.6477612723812887,3
206701,0.2970753381975119,0.272043000571724,8
206709,1.1723058223351046,-0.48881531915328846,3
206736,1.3920257931550886,-1.2882700968113494,29
206755,0.3525414836999639,-0.4613147804450659,3
206764,0.48013683745849645,-0.4118265163330009,3
206775,0.4314173690446307,0.19073536223798987,3
206877,0.8004005751058507,0.645014402460685,3
206891,0.8851188879315868,0.05043300790441093,12
206903,0.4462512822725111,-0.38443050846953764,3
206944,16.74532502124037,9.023366396973787,21
206959,3.4963021649295656,1.1328123647653054,3
206967,0.4120894702809136,0.21109480320089652,3
206972,0.7904041134173558,-0.06319484422697799,3
206979,4.2314536331265575,0.6145946645783349,26
207019,0.4816371858266568,0.5349139127944263,3
207095,0.9320170606007773,0.8251821225313707,3
207115,0.4535197766666105,0.3002507778307115,3
207134,2.204936465785292,1.5064952658984272,3
207148,6.032480498554453,4.234021862679042,26
207178,0.3104879793225481,0.22527447627643143,3
207246,15.845482491720981,1.836445307925634,6
207254,0.43326903034068676,0.11306805328826565,3
207259,5.840379598114522,-8.315273065303153,29
207275,1.3224177152067582,0.9951524574341589,26
207291,2.6701458742338553,-0.5254475251817894,1
207300,1.350743303499173,0.5219683494914096,3
207339,5.548586575742746,4.160181133376029,22
207340,1.3917559922007234,0.9882344718644387,3
207341,2.4285234345962854,-3.8889261152852406,3
207349,0.8850436141786276,-0.5645742436546711,3
207350,1.3354574339077983,1.5621204993191597,3
207400,0.4657154654913167,0.45211362531135035,3
207411,0.43326903034068676,0.11306805328826565,3
207470,0.9883198574920434,-1.0109656334887467,3
207488,0.7959782790691242,0.11887229187695095,3
207494,0.8363601176944268,0.05824684628694567,3
207498,0.58393635275766,-0.06456440223056925,3
207499,6.152067048887802,-7.636754200730845,29
207563,8.38143355919439,3.3667423975633235,22
207569,0.5867472780982539,-0.5428040733642502,3
207573,0.636469280510753,-0.2598096391025259,3
207598,0.3209460232624707,0.32223759342027775,3
207616,2.2241897158754096,1.3865162661902393,3
207636,0.5580088730210141,-0.4410284566279801,3
207651,0.41558380632727315,0.03685572601402509,3
207686,1.5770644347693974,-1.118262862050552,3
207702,0.5337372617028878,0.5031660787823271,3
207721,22.216189225186483,6.084511100151013,21
207727,2.2056164659043205,-0.5163194215485747,20
207782,12.078877841787058,-3.939183608520233,12
207825,0.5785619165919507,-0.9032167667690546,3
207835,1.8162581054037352,-0.6382756520193562,3
207873,1.2289041132111151,0.26447551287704685,3
207875,0.45184985759089996,-0.06263504538385473,12
207924,1.7313535687404624,0.49672718174840474,13
207926,1.018230816264017,0.5499170463352149,3
207965,6.545078570431079,3.9375173276429374,30
207967,0.34567632949901,-0.19323112743456283,3
207971,2.106599104248612,-3.2483156200645324,26
208009,0.9571629086782598,-0.0701883102726881,6
208019,1.0587747272247714,-0.37851622972195004,3
208022,0.2778094931231141,-0.004982162824382049,3
208040,0.5696307367239399,0.37257703864285063,3
208058,3.5218948382454633,0.1485777762299756,1
208059,0.6436363962861337,0.6501792118259254,26
208064,1.6682931653389235,2.0269362335890353,16
208077,1.5955690449561248,-0.13515735769061923,17
208085,1.523721280391105,1.6131288392087124,16
208095,3.0074012746529735,-0.5237611113879471,3
208141,9.695820532009371,2.6752752014410874,27
208147,16.222812834169133,-1.2546729656800182,27
208161,0.8250544864850041,-0.2675775294228997,3
208251,1.3147081935568834,0.5611280966730925,3
208298,0.43326903034068676,0.11306805328826565,3
208302,1.1435977690072998,0.316138537600627,3
208332,0.6905582203441503,0.6136336691047092,3
208339,1.7466457069394352,0.6457606208515397,20
208352,0.5545071541807982,0.5742612875862779,16
208365,0.3679573759750171,-0.6048844869912988,3
208367,0.7228185167426232,0.3650526611544736,3
208378,1.511447341060045,-3.0614486049780414,3
208382,2.066411115714822,-1.7896266551133575,3
208390,0.8041891676888416,0.616387570923149,3
208406,18.253772665789594,-12.867227152214806,25
208410,0.4537039463378909,0.5144717681893662,3
208415,2.8293957049768665,2.8214540488049056,30
208450,0.4648309863376598,0.11377247680598863,3
208451,0.8058239371453286,-0.2603190141861492,3
208478,0.7894294210205849,0.20601345028767493,3
208480,0.41558380632727315,0.03685572601402509,3
208481,0.3257889447402238,0.02392198257455805,3
208492,1.458888812811763,1.4307672748022249,1
208506,0.7056665754717482,-0.5660567947897753,3
208508,0.5899474816095137,-0.14161047441297425,3
208513,0.9004955356661153,0.34797889966093976,3
208551,0.6258795856587406,0.07833586976521827,3
208556,0.2671175266318935,0.240125338809985,3
208568,5.530240731113889,-1.220264132621532,22
208570,0.3413515908409375,-0.07122342545372165,3
208584,1.5660037844433292,2.4394077939599863,30
208591,1.341559531513473,1.2213073902196874,3
208600,2.3394988089450033,-0.6734147780120956,0
208605,11.03002296004305,4.250441972213284,22
208620,0.2956316886451382,-0.31935854038957573,3
208622,1.206676613581831,-0.5922787905115556,3
208624,0.27676349224845526,0.1070184554696134,3
208641,1.5215673558786895,-2.8878732276482384,3
208645,3.238577639766929,3.861364394946155,30
208648,1.143113050455704,0.6954985267128146,3
208663,0.13408963447716377,0.13462924599377177,3
208665,1.2913038724304873,0.5485953460526769,3
208668,4.159457606838302,3.180680629840486,3
208671,17.482357306090304,8.523420037274553,21
208683,1.4724154024768072,1.1543034954555969,16
208697,0.35225288197985694,-0.10809469560091213,3
208700,2.782274698438643,1.0579444922006664,17
208715,0.7918415745534176,0.6985734685164602,3
208741,1.6022743812895237,2.495907514788975,30
208751,1.3937204250283297,1.3405218338236673,16
208786,1.5148859374621906,-1.3004313107636871,3
208788,1.0242466872240636,0.45790799158326356,3
208815,4.556992586176481,-1.2453380697702656,3
208829,22.24343725000657,0.3817023991694793,21
208867,0.7231228256064947,-0.7811593241794842,3
208897,1.3642535446073327,-1.6480878432922477,3
208907,3.307738251048072,1.294704863337867,28
208960,3.5454140505789327,4.1125451917822975,30
208969,1.6465377461404995,0.4501861270074025,3
209059,2.5285176428544323,-4.2425293246503655,5
209147,0.7766759628973124,0.25554238312415817,12
209148,1.6200617297212723,1.2613435585188846,16
209151,0.41558380632727315,0.03685572601402509,3
209156,0.7969248696077322,0.2722928410997576,3
209160,7.146838438470685,-10.070651140214396,25
209163,0.25458583947186303,0.23313377708569727,8
209174,10.138453222568796,6.876519715588206,30
209186,1.2017046865818255,-0.33280554263745193,3
209204,1.5462581647342895,0.2254075266257462,3
209220,0.4804926508038228,-0.1961987256181966,3
209224,2.4851468346647487,2.253549865696841,16
209229,1.9862737870928202,1.7152067965036837,24
209238,2.827850830195996,-0.6805907597297213,3
209272,2.3132623986669447,-3.1757680213744,3
209317,2.3596604676221573,1.8494851609189222,3
209373,22.05116399494454,-12.764509416233839,23
209375,0.5531290778979522,-0.5466768049205397,3
209389,0.43326903034068676,0.11306805328826565,3
209394,0.7129162102280243,0.586768617296275,3
209458,1.0505781249438013,0.40597538293776303,3
209464,0.6642926177991028,-0.7941533994504415,3
209486,1.3810263742283393,-0.5018786671730251,3
209498,0.8439276047868528,0.11901806825355243,3
209516,11.883991894860984,2.5483738480996565,6
209536,4.563165847425196,0.04356542972917709,3
209548,2.5938281740949956,2.1148660960363803,3
209554,1.1884704699137432,0.4375188712508359,3
209625,0.47889717799358833,-0.7299238798281698,5
209631,1.8860455399944283,-0.34895275636352113,3
209684,0.5261760351066578,-0.9049159912967351,3
209685,0.6846654046661484,0.7661862600913744,16
209756,20.848356044243793,-2.206505346721707,21
209759,0.3326539039223691,0.32293830379382166,3
209817,4.6446543305196535,1.5602499069686857,26
209830,0.6138843845836008,-0.16969655502941552,3
209833,0.6719333406528052,-0.6475361454373961,11
209870,3.209622362143132,-2.949041865204842,3
209875,5.689941749250898,-2.2190137941772226,1
209907,0.2653346253326565,0.11993181200596935,3
209962,0.5707543782885978,-0.31518561784475885,3
209974,3.906105135178434,2.0519579251008806,16
209985,1.0582991435167812,0.02287902180016928,3
210035,4.784257466264915,-7.517840089845871,11
210097,0.921962811505787,1.0122846252963813,3
210168,1.0586233627596835,0.09182539749946197,3
210174,1.5454117834845866,0.5795649713570408,3
210223,0.4079915852228573,-0.5268369200269681,3
210276,1.1707426465547242,-2.0299027027015426,11
210311,0.43326903034068676,0.11306805328826565,3
210312,0.7056665754717482,-0.5660567947897753,3
210315,2.853601188248584,2.083660081020863,3
210317,0.9798601766901087,0.5845390050826291,3
210324,0.8276959747475092,0.2493766975275765,3
210420,0.15334458169593604,-0.16128314739851082,3
210485,24.21626481406577,7.849631168473363,21
210493,0.4150228803456284,0.4298079327707607,16
210573,3.44660604357518,0.15130291411326213,16
210574,0.43326903034068676,0.11306805328826565,3
210587,5.8708839466678135,4.905937302289221,18
210597,2.9076422626097487,1.428211852024469,26
210627,0.3326539039223691,0.32293830379382166,3
210685,0.7330261148943586,-0.1616912436457964,17
210706,1.4642780822736576,0.6180447845932953,12
210717,9.17730220535944,-0.584271858067944,1
210722,1.2604149972169874,-1.9098176096621198,5
210791,1.6913203371598848,0.5003165405068141,17
210792,13.345362621462849,-8.469711176238386,25
210816,0.844972790365163,0.16928739129826303,3
210822,6.410799269621341,0.18511106860959464,22
210838,1.7872389706195482,-2.9597888611846614,3
210855,2.45998204905779,-3.0253453164499793,3
210874,10.018944266673639,6.049582505917272,9
210912,0.6224502181345379,0.3819458519324416,3
210921,0.5452119568360159,0.31459733353225205,3
210923,0.5663135917550085,-0.32075285312262936,3
210926,1.5218287633677212,0.527475398566207,3
210933,0.525132892355438,0.5097956871210644,3
210935,0.30210087765803095,0.16131038073376155,3
210945,0.43326903034068676,0.11306805328826565,3
210959,8.220543617454405,-0.6432063723854069,13
210969,0.42209142271939065,0.14041349023700972,3
211041,1.5530989785048617,-1.0283757746312177,3
211098,1.4970487923058104,-0.22054040215756712,3
211145,0.7518685694499336,-1.1459804913302265,5
211152,3.2828000793650745,2.93888405260766,1
211158,0.46996119157310384,-0.5434540636242063,3
211174,0.22590332691342374,0.12062378618667036,3
211176,2.6041450261827777,-0.7907604446495982,3
211231,7.997948679117281,-1.9427587827249608,1
211242,0.5580088730210141,-0.4410284566279801,3
211264,1.1470642737364247,-1.2035056214871254,3
211288,3.46007568153783,-5.028799672787114,5
211303,1.073499758001963,0.04552769293955937,3
211344,7.9319358881078275,-3.3546684425715045,20
211351,2.3634214447799096,0.7688370652335649,3
211368,1.1837764229277474,0.4574472618459437,3
211426,42.84279610387154,-8.840834034146127,7
211430,17.485748525720396,13.86870489418007,21
211460,2.8921982597638323,-2.959996394170882,3
211500,2.1704822240832784,1.4033423736143538,3
211684,0.360124454604894,-0.14855279814474465,3
211713,1.8204730855512212,-2.2883914291492,3
211720,0.49339338813786554,0.12875840642979683,3
211770,2.365774524694547,0.8447746627222289,3
211847,0.7904041134173558,-0.06319484422697799,3
211894,0.5619483525374855,0.4827178036361101,28
211919,10.901907639894848,4.65161985442964,22
211922,1.0729394608544665,-0.7264632242391761,3
211937,0.8401865182934531,-0.9729656904752798,3
211944,5.237252287702374,-7.5015165789432485,29
211961,3.60284198692417,2.5575208671430816,26
211971,0.3679573759750171,-0.6048844869912988,3
212009,3.4702182169132945,0.28097711247155727,20
212027,0.4227742652976265,0.3606532008549074,3
212057,1.0461314900277237,-0.32440752296918446,3
212088,2.339879342797401,0.056891099003916853,3
212109,1.2190226261217911,0.9970836416602284,13
212138,0.6288154147187563,-0.6214802575731782,3
212142,2.6575310904543636,0.9058166436487309,24
212216,1.6668301342921057,-1.9328776988798428,3
212252,1.2591294776420345,0.732757618023265,3
212260,2.572480999762917,0.06341472137316963,3
212310,0.3808297790917049,-0.40300259218328227,3
212328,0.9348202037354587,1.093484349523412,3
212350,0.5456750085187563,-0.15084138224836935,3
212357,0.5544644653370258,-0.6659503114621972,3
212385,0.4497491548741443,-0.6829905092298907,3
212427,2.143261083455901,-2.824794379127361,3
212467,1.417144930345653,0.3611818060222688,3
212497,0.5810387329220748,0.1422155960074858,3
212539,1.6536674499845805,0.0626483805497663,6
212578,0.40826121618779904,-0.021504299160650553,3
212631,0.3990039561946952,-0.2617211636125522,3
212645,7.646560204973744,-4.058996543171974,29
212719,0.9220029509726545,-1.175055593191329,3
212775,0.6677287169538991,0.7810602496595799,3
212789,0.5839295732188127,-0.04281928362547639,6
212797,1.4823260519127028,-1.2339191724503114,3
212806,1.9860664331619289,-2.8974843328161737,3
212835,0.6196941046579318,0.3759648135622032,3
212849,0.535063024583393,0.33563106717378394,8
212853,2.8725182561365017,0.7660988923801539,1
212898,13.619621130602063,-14.575658656621394,25
212923,19.097093361484827,5.636121769884759,21
212965,0.46230941604347964,-0.06894695054641753,3
212986,1.3269100416999458,0.9373407505556299,3
213064,0.9590517638911312,-1.0832047225115098,3
213066,0.48177260986210146,-0.0018150830359289628,3
213079,0.7186525052807906,0.010412526189251876,17
213098,0.3209460232624707,0.32223759342027775,3
213119,4.297865977419081,1.733236919743813,28
213126,6.895556552659846,3.10892783560537,28
213141,0.5987770270602644,0.581288946828879,3
213150,12.286164831532776,-8.280736035063628,17
213191,0.1882527724278531,0.1005198218222253,3
213197,0.7969248696077322,0.2722928410997576,3
213202,0.5145895521691766,-0.09788300221969683,3
213207,2.5049734509517547,-2.0837500636437696,3
213255,4.3992085745239775,2.1152573502243386,17
213312,1.0074791705725372,0.6427970437152319,3
213316,0.7147789880778003,0.7758056330733218,3
213318,0.43326903034068676,0.11306805328826565,3
213350,6.76037431551516,-5.590386115455309,27
213410,3.275664059691967,-1.5166118563754905,3
213416,0.43326903034068676,0.11306805328826565,3
213426,0.7056665754717482,-0.5660567947897753,3
213494,0.9721742165985765,1.0211827776395892,13
213531,1.3934483863058955,-1.320234902201503,3
213598,0.8580475665105214,1.0980255135455015,16
213625,1.8280203766159584,-0.8095098607983242,3
213628,2.862308830163657,-2.581984472788787,3
213638,2.862400535936672,-0.13526151957377375,8
213641,4.091629071645416,3.8152802497480764,30
213664,0.6141828585710299,-0.8394026050383261,3
213707,0.6487803334489557,-1.4616076138634333,26
213708,1.846603169882417,1.5637986055768438,1
213760,5.347716687563316,0.5104226981469597,3
213831,0.8637944805343262,0.5105199596715768,3
213839,0.8376722420634777,-0.7801697822273174,3
213873,1.597900210677217,-0.1374275367776786,3
213886,1.4763775991407448,0.917958208088666,0
213915,2.573694915076121,0.26756390859996076,17
213919,0.643898786063652,0.663754850489989,18
213941,2.378016104279536,2.5071472042736347,30
213972,0.2555743028265601,-0.26880524566418473,3
214042,0.7602786336382253,-0.6564394940371947,3
214138,2.4520657288177956,-1.4905566754269621,3
214212,0.36660148378844104,-0.4797128588380006,3
214234,0.4511809070489087,-0.2562174620586556,3
214244,4.2061065207858395,2.0705131428593124,30
214272,5.394369891244539,0.08480070236331207,9
214528,0.6258795856587406,0.07833586976521827,3
214581,0.43910962940453696,-0.3485738245633513,3
214583,1.0387488770454805,-0.9365069921064385,3
214631,0.756350182370009,0.39534329487138736,28
214641,1.2789965753183363,0.5409445683585739,3
214651,2.892919146985388,0.4127137231165162,3
214786,22.012648875576563,-22.884887465955185,23
214809,0.8172294281893243,0.9287826666360471,3
214821,2.168088714596698,2.022185895640944,3
214879,6.1296867430425435,0.34443038017635097,30
214920,0.30499579530646226,-0.045485835429928234,3
214935,0.9488772169235871,0.43999813765669255,3
214941,0.43326903034068676,0.11306805328826565,3
215006,7.295489940085549,2.39685199693669,1
215020,0.676788422984143,-0.07483082661352194,3
215040,1.5462784355119412,1.5512092908030874,28
215071,3.0185960278976993,2.9206651487370405,26
215078,0.7518685694499336,-1.1459804913302265,5
215139,1.3321342988006228,-1.1179265515293342,3
215148,1.1498409933253801,-1.040216487409892,26
215180,1.0347007706965838,0.5259588654458798,3
215256,1.8113407908205068,-1.1265835223133787,3
215278,1.492486260605349,-1.2758290258015568,3
215298,1.9073365176068673,0.5029443107224584,3
215357,1.122898060899677,-1.975438697460941,11
215359,6.253013961780791,1.730130096609638,30
215375,1.4599072948510532,1.512504670380925,22
215388,3.656048794549859,-5.094721563447071,3
215413,0.44665858152198995,0.10932458162221542,3
215421,2.8954366080720093,0.25415491123038386,18
215480,0.6466197241016043,-0.5110630184101057,3
215498,0.3004860677864285,0.37485556523346697,3
215512,0.44620750728036623,-0.2936864219238273,3
215607,0.3808297790917049,-0.40300259218328227,3
215627,1.378914945692867,0.9316639850889676,18
215749,0.24563528535947515,-0.12487362025064348,3
215753,2.30121259104938,2.206564618127604,1
215772,2.654301211232609,0.9903520660075866,30
215787,0.6258795856587406,0.07833586976521827,3
215788,0.5354823616066636,0.5296026259268173,3
215829,2.3368411198444496,1.2373454638829746,3
215937,0.5899474816095137,-0.14161047441297425,3
215942,2.0560265837282143,1.2279964763449778,3
215953,0.29603603288271935,0.0772550438578781,3
215962,1.5156732342486061,-3.259673397795847,29
215980,0.3643909274769022,-0.031723235834728324,3
215986,3.104073503119434,0.8107010221093315,3
215988,5.6426428389363545,4.4596332152885685,0
216012,0.3285481001914289,-0.3235610456956037,3
216019,1.7366143767044124,1.2688029976486892,1
216023,0.3525414836999639,-0.4613147804450659,3
216027,0.5683220742054347,-0.45588466694478547,3
216057,1.6019806880484166,0.6338170833952913,3
216099,8.02526039060756,6.654661125473026,30
216100,1.1772844621594494,0.755482447666654,3
216105,0.43326903034068676,0.11306805328826565,3
216151,1.1128884597996542,0.8949514823882743,24
216155,0.9401276178100998,0.13074709219525338,3
216188,2.167951110619654,1.461626131733078,3
216211,3.7190858343900457,-0.33916795177573933,20
216219,0.732905556784303,0.6835878448960013,3
216260,0.7184663601128937,-0.5678477982334508,3
216283,0.37741951977531296,0.27383663882703946,3
216294,0.37741951977531296,0.27383663882703946,3
216329,0.42807758532387175,-0.36717386988539924,3
216336,0.5719133930747532,-0.2792629342082548,3
216386,5.78647016579725,3.8163652282331824,12
216432,0.9168819532548954,0.545508768873563,3
216435,1.272719161768875,0.9861752285218552,22
216444,4.092672150287357,2.0145963733425916,22
216466,7.5224681635189805,1.1644489682429826,1
216476,0.7008795846809384,0.5256556556408312,20
216495,1.381755215022787,-0.33939023809822194,16
216501,1.865985104054253,-2.735835619372237,3
216520,0.43326903034068676,0.11306805328826565,3
216592,0.39080828631014786,0.2889723498391283,3
216602,1.3327914667556955,0.7273013934500133,3
216613,0.43326903034068676,0.11306805328826565,3
216670,9.027719081780115,0.1550260543227994,22
216679,4.3311629608708895,3.7054936819375284,24
216683,16.539812136551276,-5.377887757314397,25
216724,3.267397947246395,-1.6288000449614157,13
216745,0.5757664517744476,0.3532999130375085,3
216781,1.720423412796415,0.9426073311164928,3
216829,2.8161962365547684,1.4631894374358212,3
216861,0.8837329167780259,-0.0706567223854404,3
216877,2.6319595943217684,2.43031485437497,16
216879,0.4816371858266568,0.5349139127944263,3
216882,1.529416166882653,0.48919782255653477,3
216925,1.9434025355182913,1.3705641027080877,3
216931,1.256072750228891,0.0454248459913133,3
216962,3.9521431024760596,-5.694032442991766,11
217012,1.7979496325292708,-1.368299610494084,3
217056,2.1935351385741435,-0.2293119887941294,3
217089,1.1112488133811111,0.8829025389643258,3
217106,1.2428180712975354,0.8272632908827889,3
217107,1.2869985669583501,0.468466369130104,3
217117,0.5545071541807982,0.5742612875862779,16
217121,11.976463013070372,9.9505564257265,18
217173,1.8224631691252282,-2.3168730131468664,3
217211,0.7261322131531341,-0.8408867730725968,3
217212,0.6824253984122555,-0.9326695611536956,3
217223,1.5542441437926922,0.3282201328804489,3
217262,2.6099558998459456,2.2339423851434606,1
217282,0.9587435192241103,1.1424772155557539,16
217292,1.2322350143111354,0.677081542735352,3
217313,0.3941755848601843,-0.42581138718610095,3
217318,4.300486189469734,-5.671877224861326,11
217375,47.067139226839714,6.736843922767156,14
217386,0.43326903034068676,0.11306805328826565,3
217395,0.43326903034068676,0.11306805328826565,3
217458,1.0361253769636123,1.3259079607494537,16
217468,7.335690211996659,-3.185287633430821,30
217512,1.0041043733557284,-0.4099384058629872,3
217513,0.6350628058087244,0.38638807039600814,3
217516,1.318303880471405,-1.5048385559570825,3
217526,0.9577943559871767,-1.4598477596563395,5
217566,0.8449400607723592,0.1543880254794978,3
217595,0.4537039463378909,0.5144717681893662,3
217617,0.6423235635389587,0.40799737531338176,3
217673,3.520178033993263,0.06234490981710869,0
217681,0.721298308565287,0.7286305877983099,26
217701,0.22342078489718414,0.028570986576118968,3
217705,0.2435431964385415,0.12943606491764023,3
217740,4.229085106824616,1.2935804471825272,22
217811,2.5857557470902703,1.3296582684571612,22
217818,1.3733686156286888,1.6633707057237601,16
217845,0.25458583947186303,0.23313377708569727,8
217895,1.620283831046612,0.34753350361009533,3
217986,12.467651520439421,-19.62084181651267,25
218010,1.6374803692656383,0.9719190300353099,3
218051,0.43326903034068676,0.11306805328826565,3
218068,7.734920891263772,3.7487115920405114,13
218113,1.0980308073713272,1.0212384600162234,3
218121,12.027289820682261,-1.3915705163326508,12
218160,0.5193541294285713,0.4018801308918289,3
218182,1.0374201310571312,-0.0016812719009984365,3
218197,0.43326903034068676,0.11306805328826565,3
218221,0.914177968115995,-1.8961420994196363,29
218241,1.1916787118194205,0.1235280287610939,3
218271,0.45184985759089996,-0.06263504538385473,12
218276,2.184964736431155,-1.474991801587835,13
218286,1.4488552056785282,-0.15929600184506348,3
218290,0.09867867762757311,0.025751681285959366,3
218325,0.4120571092241805,-0.6257512478029538,3
218344,1.6780499883723208,-1.8707607118045462,3
218379,1.271931069100356,-0.23339473278040918,6
218411,0.6653078078447382,0.6458766075876433,3
218450,1.213972466425373,-0.6236733754833408,3
218491,0.39442694440682247,0.13630864423931083,3
218497,1.6365614667734314,1.3062671804206096,28
218514,0.8645748369552171,0.6762426201746167,26
218519,0.416160130231528,0.26104638557960974,8
218526,0.6005470566793476,-0.20743844675750794,3
218552,14.283872321336844,-3.1119136161572234,27
218568,19.578373134024513,-4.1444623252796795,27
218569,3.0868662746934556,-0.6444598469181055,1
218608,20.405906651574842,3.1566576720403967,21
218615,1.142627188233825,0.2807428986991122,3
218636,2.990292135089195,2.3389018988847594,1
218638,1.259236154552852,-0.3245494840412753,6
218640,1.409085229378293,1.60761684052557,3
218676,0.5475801669857149,-0.5392684094926727,3
218689,0.4392860937278754,-0.8279438688738066,3
218714,1.0341836335949532,0.6292231492143807,3
218721,0.9752342676582234,-0.0005252753596757184,3
218746,0.45040181240964716,0.37192988087328765,3
218760,0.9502802338132716,-0.33370315302182274,3
218831,0.43326903034068676,0.11306805328826565,3
218836,0.7980079123893904,-0.5234423272251044,3
218844,1.7224440080461225,1.384743580185021,3
218848,1.1443202660163365,0.5108237326439958,3
218875,1.9545298391147499,1.094436600957599,3
218930,0.14285603412969292,-0.07985572103163056,3
218935,0.8883221271192276,-0.17054156009887417,3
218976,0.5369187627827567,0.5455140129516916,24
219008,2.1604289129668963,1.1763316673489048,3
219013,1.942046468730271,-1.682066020122856,3
219035,2.8193876118922283,1.5777250228532007,28
219065,1.5423659489792778,0.7390027723375917,3
219132,0.29603603288271935,0.0772550438578781,3
219149,0.8457275449776495,0.4278765150703082,3
219209,2.528539624436614,0.4581391752178114,3
219219,0.6165381305587602,0.700696657794009,3
219254,2.0179201996109035,-3.696516602343605,3
219259,0.45882000978057647,0.040690095024801,3
219260,1.0072192094856305,0.6073539551603437,0
219278,4.312658411765608,0.3726884112057622,3
219294,1.1948433942996224,-2.1733302326539743,3
219301,6.988477704566353,5.3255906240222775,16
219321,3.4901923446775935,-1.0841491532339667,3
219353,0.6196941046579318,0.3759648135622032,3
219387,0.5316390460736878,-0.21701746325034518,3
219420,1.6030909024505424,0.5096012713663942,3
219482,0.9002412224127561,-0.7670571518591002,3
219546,23.273851984732868,-2.7373775466001184,21
219590,0.9474911830590492,-0.41675205570080065,3
219593,2.765848990851936,3.4928555141932165,30
219597,0.4363809170343891,0.45387156058766814,3
219608,0.4117037600244763,0.05621933800999738,3
219609,0.7056665754717482,-0.5660567947897753,3
219611,1.103204014084956,1.411747088844216,16
219631,2.6610651184032164,2.2571905640744045,3
219683,3.553143318259459,-2.8377087695484953,12
219703,0.3542275555883813,0.12241627642115564,3
219726,0.6812807296261171,-0.7282970600211971,3
219729,0.38020948310072245,0.12648098888015916,3
219798,0.4481821301499268,-0.21884547248050737,3
219813,0.09867867762757311,0.025751681285959366,3
219830,0.6399645775948314,0.6596993218719239,18
219887,1.3283004928855924,0.5524497711634964,16
219921,0.47034165881645545,-0.5287398580990987,3
219924,2.833654078881194,1.5817719176121572,20
219925,2.907033353407077,2.0582184402197976,20
219938,0.9348462435857926,1.0211855884695649,3
219949,2.3316478267525595,2.522424838853864,22
219951,3.489758182738112,0.057672043483563,18
219952,1.2184560432900007,1.1878904122027882,1
219993,0.43326903034068676,0.11306805328826565,3
220091,2.6017842449409185,-4.555514133650101,3
220095,5.261238807547966,5.089016784666221,30
220122,1.0718587528789025,0.7215032174328495,3
220158,2.9509208936414715,-3.940264628929469,11
220240,15.182441497992166,3.9057034566203,21
220278,16.489228290453163,3.1351884482714194,21
220301,0.6569661265989709,-1.269118256471733,3
220316,1.849602333590397,-0.8573696281900682,3
220370,3.0348672284228693,0.40341668276121945,12
220371,0.3209460232624707,0.32223759342027775,3
220399,0.7066018774413874,-0.2527854025603936,3
220435,1.1501814254716758,0.8018875309581438,3
220471,0.24484662437432061,0.2274749678388633,3
220479,0.3798794117208939,-0.6244831007082481,3
220484,0.6569562034386949,0.4296938016423442,3
220485,0.4481821301499268,-0.21884547248050737,3
220490,0.43326903034068676,0.11306805328826565,3
220503,2.152411570732935,-0.8419086577005591,3
220512,0.45882000978057647,0.040690095024801,3
220564,1.7292987963126905,0.8445148123371002,3
220586,2.682556495359741,1.2442892745647989,0
220597,6.3333211255210005,-3.192299230531236,6
220608,1.5422545209418472,0.9885558849005767,3
220626,3.0096715379775865,-1.3601031398420058,27
220635,0.4876451297727679,-0.10174775064817378,3
220660,0.9806257902977387,1.2548863011948588,16
220661,0.27027755887228916,-0.3980078969805074,3
220664,2.5758806234648675,2.308216785954539,16
220666,0.3222263829802241,0.1712538705064163,3
220683,0.3020755503582222,-0.057374662594632045,3
220688,17.240735731012656,7.2423941026963385,9
220699,1.4143473119179928,-0.007783602381603869,3
220717,0.9728563185337268,-0.9440907503156271,3
220753,0.4227742652976265,0.3606532008549074,3
220757,0.2075114401728142,0.21490396638538034,3
220759,0.20699198621503206,0.15018298418428763,3
220867,2.0355434116302105,2.6089755680772404,30
220892,0.46677028794080727,-0.5405364947084887,3
220911,2.384047237689969,1.246769964678895,0
220945,0.5747730880903149,-0.45427823858676064,3
221008,3.005801843786478,1.2992350955846157,0
221050,1.8834108403841912,0.7740149897147908,3
221103,3.0326751206514744,-2.961042645033952,3
221114,1.070630464176468,-2.2503574309631933,3
221115,1.2184560432900007,1.1878904122027882,1
221117,0.9584019226961248,0.62286374040933,3
221186,0.47034165881645545,-0.5287398580990987,3
221232,2.1802850593930203,-0.01805809879762689,3
221257,1.1794131912380381,0.6406266961980726,3
221262,2.067680810017844,-2.2271678661960754,26
221309,0.5314340942392822,-0.6353227195603532,3
221327,0.7231228256064947,-0.7811593241794842,3
221346,1.0951717214480436,0.9410147345924242,18
221370,1.674747431729908,0.20092151203974695,3
221445,45.46295763873843,-4.494560645084249,7
221495,1.3188648836929253,1.128122981498493,16
221505,0.31631144403441824,0.3293699358607534,3
221510,0.517717991795176,-0.21338249646594784,3
221543,2.08674038493644,0.833832744150506,16
221550,0.7894294210205849,0.20601345028767493,3
221557,2.990888763493202,-1.196083543616974,0
221655,2.155490863208512,1.7065573930178193,3
221687,3.0247165119526525,-2.243890436115366,16
221690,0.5146830063776736,0.33235311959568004,3
221698,0.15761529283257777,-0.13187759779933253,3
221701,0.6569661265989709,-1.269118256471733,3
221705,2.0064074922369417,-1.080361546531581,3
221732,3.5826192151557286,-2.4623220456271175,3
221753,0.7487359127479266,0.8681188596686192,3
221777,3.857957276534138,2.177083212194625,30
221867,0.4631299092356314,0.04648496871513616,3
221870,1.9683968621799737,-0.9702566410528806,3
221871,2.6452910925268736,-1.3775448112510544,29
221903,2.796016137867341,3.748434738620399,30
221948,7.308429078341509,5.674348592699039,16
221967,2.6854362794032993,1.013648126849746,0
221981,2.1858132678932796,-1.9167882951910828,17
222019,0.5639522971710826,-0.39323246911712617,3
222034,0.8682064696994467,-0.4223128722162273,3
222035,6.074324251136053,-1.0766989377213887,0
222050,6.210728479880061,-3.7423814511351483,5
222138,0.5145887880395904,0.05164996523904018,3
222140,0.43326903034068676,0.11306805328826565,3
222152,1.5886907877757515,1.2034844368006588,16
222190,1.536436502195047,1.1268894442937627,3
222204,0.4730880548250219,-0.7777086261316699,3
222207,1.0386652426001415,0.8644160893363443,28
222210,3.2529331103986636,1.2983562662833863,3
222217,0.33060680948111465,-0.5161238667251741,3
222220,8.559032447421979,-0.16647196699776395,27
222293,0.43326903034068676,0.11306805328826565,3
222296,20.35592381515757,6.668150385972163,21
222353,1.498420290927157,0.037669543894301966,20
222363,2.5382204774868473,1.8067441947402316,16
222372,2.101766203334038,-1.0335940070618046,3
222391,0.43326903034068676,0.11306805328826565,3
222488,0.3808297790917049,-0.40300259218328227,3
222492,0.9403720164453362,-0.9204403838291433,3
222501,0.43410323484972335,-0.21115643610811366,3
222506,2.001896062801865,-1.5269027830392146,29
222563,5.194209929664238,3.268677742694055,30
222614,2.1740694698407452,1.6233365169780283,16
222622,0.19735735525514622,0.05150336257191873,3
222638,0.9193321326021537,-1.7636503744526741,3
222677,1.5704259296795335,-0.9112383304511442,3
222683,0.6907507433930118,0.18026176900171556,3
222688,2.6547151023054494,-1.9372714228695753,3
222716,6.082225401843351,-0.39139199413362297,30
222737,1.1668792723995514,-0.0816800008589686,3
222743,0.6883434344599999,-1.1788175780758232,11
222819,0.6685074291478196,0.1260251223563859,3
222834,1.8762310444664123,1.2862922861718917,3
222836,0.43327395634470345,-0.28517377201299177,3
222941,4.092870490915507,-5.6101833204388765,5
222970,0.40861471409466216,0.46439133331802357,3
223036,0.9278346294710951,0.21703710520070707,3
223066,1.3620977746580045,1.2630544605244225,8
223078,0.2768158002751208,0.2948569892153322,3
223087,8.20046757007852,1.9485112175136101,13
223105,0.6910275261000794,0.43721120393564045,3
223143,2.1406450981169636,-0.036656174771250584,3
223154,18.755208051740077,6.822761557868983,21
223156,2.9294531293427846,-3.0037027916929224,3
223164,1.8302820641277002,0.5990537789446931,3
223190,5.136461830426441,-3.2982021323741564,11
223201,3.6353663001632475,-0.900252593538838,6
223210,2.2510976445458852,0.16710310204802215,0
223211,0.5707543782885978,-0.31518561784475885,3
223231,4.219031362645792,-1.0919102940556853,17
223238,1.2922247962450615,1.1964835713773225,3
223253,3.3456914252823866,-2.1976395445289088,3
223286,0.4078077399583974,-0.24884894631903992,3
223291,1.0993318698047223,0.46987619901470373,3
223315,1.5054603775898767,-1.3167919128745957,3
223321,0.5580088730210141,-0.4410284566279801,3
223325,2.540042059376632,-3.484323726523727,5
223326,2.101486146049993,2.9690104198868035,30
223331,3.3774996938741655,-6.199625661565547,3
223391,0.5872514191662485,0.9147779227349948,3
223402,1.3464010361979315,0.21166119950449114,20
223431,7.628563307066751,1.2214685845496431,16
223438,3.2306020147685834,3.2138308820155177,22
223454,0.3725880311641917,-0.3590837700806949,3
223501,6.763504741331121,6.546301063386631,30
223530,2.5288843685818767,2.101524083630319,22
223544,0.9004506469940821,0.7256412027682706,3
223554,1.8682195467107743,0.42216458226793235,17
223566,4.166668628714398,3.083374399906075,1
223587,0.588915866925443,-0.9396088859963461,3
223590,0.4966038747221635,0.3041592038790471,3
223607,0.708777148623746,0.7733517764642152,3
223608,0.6422979755873274,-0.4829012083545358,3
223644,7.159555846920114,-10.035033863269819,11
223698,0.9038966994133052,-0.6531880749894097,3
223701,0.8563384388969788,0.43324485424637627,3
223768,0.9571629086782598,-0.0701883102726881,6
223784,0.9980502366214178,-0.3452374167302769,3
223787,1.774455720768808,1.7146695635417557,1
223814,0.749580474375105,0.44243798914901905,3
223879,0.47034165881645545,-0.5287398580990987,3
223892,2.5073890845257054,-0.039339559829093214,0
223927,1.008464269206699,-1.6078765301327658,3
223942,2.303986337258011,-3.6528698553103798,29
223954,5.503759086014906,1.6813872194037267,28
223958,1.867099738268702,-2.607664301093274,11
223977,0.5354823616066636,0.5296026259268173,3
223996,0.6945651757595573,-0.33785029777298187,3
224013,0.7699158526715694,-0.6414157580803512,3
224085,0.5764394610020009,-0.867560041560021,3
224115,2.095686245854898,-2.97766036462193,11
224122,0.8014425650725411,0.809589541998122,26
224138,16.269932439296838,-0.55232121826672,18
224146,3.78072423761377,-4.7823898504069575,5
224159,3.7453345537863902,3.2507744465712944,18
224199,1.3058723530523284,1.2145443113764371,3
224209,3.936800178591095,2.1867705401713953,0
224217,1.022795367092504,-0.8135447033884814,3
224226,1.143113050455704,0.6954985267128146,3
224236,2.877238748951125,3.5167787339574317,30
224249,17.15348554415324,9.759659710507373,21
224269,0.43326903034068676,0.11306805328826565,3
224303,3.8262471463879573,-2.211452602905559,3
224308,1.0709380465367881,0.7367040248648172,3
224340,4.804377370183179,1.8175096944312534,1
224342,1.1081920832455368,0.532157606442804,3
224349,37.062222629414144,10.896793370149023,19
224360,0.43326903034068676,0.11306805328826565,3
224393,0.8417921162359566,0.7265153227847658,16
224430,21.905367739528874,11.688591636861771,21
224435,10.430934827514552,-14.122815080815592,25
224439,1.1165416619535213,-0.6863697677906674,3
224479,1.6821817625874838,0.6845393288348309,3
224525,4.769813322873403,-1.271033510718938,3
224580,0.2098685351779891,0.19497854386188285,3
224606,0.19735735525514622,0.05150336257191873,3
224612,0.43326903034068676,0.11306805328826565,3
224626,0.7813255590219579,0.14729327585997706,3
224646,5.269602605365974,-1.3220813156963303,28
224657,2.7887993112891403,1.073172039936114,1
224754,0.43326903034068676,0.11306805328826565,3
224764,16.5132870531526,0.2346882142976322,25
224768,0.8001926749040055,-0.20165240661350511,3
224809,9.904801161894554,6.075451150316594,30
224830,0.6752163473095292,0.629547939447506,3
224904,1.175266468411306,-1.456575935435661,3
224923,3.207016772087456,1.50031084991321,3
224924,0.7184663601128937,-0.5678477982334508,3
224927,8.180195492244462,1.359085961140513,20
224944,1.125901526649577,0.22124597370761842,3
224985,0.30490697005298534,0.32093860220242876,3
224992,0.8984603969987917,-0.23415379309574302,3
224997,8.299501136223883,-5.804019699932547,27
225002,0.36523432408992923,0.015401698428403988,3
225010,0.4345251235436828,0.14454970157732475,3
225066,1.2271451608813,-0.7893783098876421,3
225078,6.292546212179204,5.060486143575325,1
225087,18.619426885829718,-11.821773372304719,25
225177,0.5174216328226541,0.7243022705014032,3
225186,1.2299015124593762,-0.14814766072461016,3
225187,0.4918465988452788,0.15013006240615176,3
225191,2.774072292988185,-1.8220021854309916,3
225199,2.6893235025403777,1.3727377557691143,1
225274,1.5660037844433292,2.4394077939599863,30
225366,0.9651861871221327,-1.1724280527234936,3
225378,0.4704609304844442,0.3747218026742687,3
225379,3.0338244780394192,-1.6164811231517366,3
225411,0.3383942114920715,-0.03741541330676097,3
225593,0.29603603288271935,0.0772550438578781,3
225595,2.8512995053288748,2.5656902533910966,1
225612,1.7455231253918515,0.9849769272282292,1
225617,4.813440113747905,-5.533660766340017,11
225634,1.0852060578460685,-0.5575201612148203,3
225659,0.4758358461592514,0.5395679520034816,3
225666,0.7635766025381413,-1.4750669285075027,3
225683,1.617741209845954,-0.7157353020296836,3
225686,1.0529631349986186,0.4890328668504688,3
225687,4.215301817174094,3.3564571655468547,30
225710,1.0648306186378886,1.116991536186028,18
225717,2.3209611972066893,-1.2862140899852181,3
225731,3.137826929250694,2.163543614137635,0
225763,23.92078732440415,2.580170699908899,21
225810,31.187133797505485,-10.80294954522027,23
225815,0.27475811193912375,-0.231360429332066,3
225834,0.3929536249108067,-0.09432424237849292,3
225855,0.43327395634470345,-0.28517377201299177,3
225867,0.25873998276879007,0.18772873023035955,3
225886,3.3521180557943464,-2.4575317742120344,3
225887,4.10308303991789,-1.0674990024523578,3
225902,2.645327537612547,0.2381571017754254,3
225910,0.5666070269825602,0.42934161724556213,3
225935,0.5145895521691766,-0.09788300221969683,3
225938,3.3763773586388637,0.7379003429809736,3
225939,0.511328053725901,0.02156237779976558,3
225969,0.43039688954188926,-0.36917499621538674,3
225986,4.891414464020409,-1.2919319641271096,22
225989,20.483008064276095,-11.328661841877022,25
225996,1.0830265343067855,-0.9985500990971232,3
226006,1.4587603018487625,-0.14326186941464394,3
226007,1.9873072598060295,-1.0795996885367878,3
226026,1.2533982618809685,0.19481464030734763,0
226031,1.7426037683774978,-1.4658227019445624,3
226069,0.2778094931231141,-0.004982162824382049,3
226108,2.0197011970451513,2.7664929311712614,30
226126,2.3999408679376977,-2.17392804252817,3
226139,0.26964252432052,0.33637832732061373,3
226205,12.68175269752534,4.704977589555604,27
226267,2.7882767164759583,0.5405744499869596,26
226306,0.39353051051487625,-0.5976166955761544,3
226336,0.44620750728036623,-0.2936864219238273,3
226341,0.781385822729502,-0.3800815849946046,3
226349,3.5226752658531257,-4.6778275245169,5
226374,2.084546766286051,-0.5330717636019904,3
226393,10.033053666612906,2.1469283606428267,12
226394,0.9908954826217247,-0.20672286943681376,3
226454,0.2197028968366511,-0.16912876235240487,3
226482,4.7042666414519045,-2.5557735933233627,30
226491,1.1027798122404098,1.0880056235979505,28
226523,0.3725880311641917,-0.3590837700806949,3
226545,15.883154390147917,-7.227222162625276,25
226548,1.5693431091471601,0.4487245140955619,3
226553,7.220596758584135,-1.4475027930565127,27
226610,0.6297330202422474,0.6993915000468154,3
226616,3.417384325586306,-0.08224067843525405,3
226638,1.293726579179461,-2.263191147708681,3
226702,0.8618992906505057,-0.4200580028922638,3
226713,0.45184985759089996,-0.06263504538385473,12
226728,0.989801968191772,0.8732168356455752,3
226743,0.4233425123903434,0.20425604851430604,3
226745,3.035560289010977,0.5983026983078303,13
226772,7.7350733399435265,4.901576306150198,0
226775,0.3222263829802241,0.1712538705064163,3
226809,0.8014425650725411,0.809589541998122,26
226847,0.6186130417446181,-0.04945970566980827,3
226874,0.8721506215148924,0.9307003619528251,3
226879,9.453029555903935,-5.7411464407938375,27
226926,1.8511594383048566,0.5625810082840037,3
226965,9.593745228589672,3.641093297303881,0
226975,0.8229360257604624,-1.0866561355074624,3
226976,0.6455214515169931,-0.31399445613634,3
226987,2.336819032696254,0.41921369795485725,1
227013,0.5945144717593256,0.37292340797087103,8
227025,5.939266428035682,0.5373371936753166,3
227072,0.8443306348633652,-1.4911055962755286,3
227097,4.07739310971527,3.8450639417700163,30
227146,1.6712483166120642,0.22836193365670304,12
227161,0.49400294064535466,-0.5060431429623596,3
227192,2.8260089269389517,2.223842132060406,30
227202,1.393770345229056,0.4845836386847648,12
227250,0.45882573065522114,-0.37535448611854916,3
227275,2.483646234455489,-0.4648063420658345,3
227276,0.43326903034068676,0.11306805328826565,3
227282,1.4487590021138181,0.444329108544453,3
227292,0.2814943365719592,-0.21669622676401876,3
227295,1.0009223774202154,0.13700563277337546,3
227313,0.3929536249108067,-0.09432424237849292,3
227327,5.2531539115695765,5.135476173707462,30
227377,2.1652388967559926,-2.712366480662094,5
227392,0.9007882995721748,-0.7319628962626383,3
227397,0.6815344333852192,-0.026140320806466093,3
227413,1.31368535984137,-1.65005244871656,3
227422,4.604733027576985,2.6322602662113885,6
227438,1.6022743812895237,2.495907514788975,30
227447,34.9681255967701,6.283622048284908,19
227467,3.6963920380741238,2.2811615071194242,3
227520,16.52452019035631,-7.489031180088283,27
227538,0.2670987269212698,0.3332049468741929,3
227544,2.521821776418888,3.1523658019731284,30
227591,2.1234969816393923,1.416005958217233,3
227641,2.32962713310837,0.7406447432095806,3
227654,1.0970302462164794,-0.07816209211222537,3
227672,0.9059482650342232,-0.7694381330457253,3
227681,4.37680539150323,2.686529055996987,17
227702,7.421041505611552,2.0724013824503316,27
227705,20.905975742773094,-5.030786641254423,25
227768,0.2905193664610374,0.0711077980037429,3
227771,0.43326903034068676,0.11306805328826565,3
227814,0.6730509581043838,-0.8430825927484166,3
227836,3.7581516717255234,0.21853673521244543,17
227859,3.851052940498962,2.5684222806801915,1
227861,1.099855717161824,-0.7773759448476507,3
227884,8.64717597426984,5.542215671378714,30
227886,1.429310632205021,0.7477674453973535,0
227925,1.5371068334741536,-0.706171984369405,28
227930,2.8082752547624037,-3.499106922389975,12
227976,0.8837329167780259,-0.0706567223854404,3
228021,5.12025286010417,-0.449495487625795,24
228024,0.9571629086782598,-0.0701883102726881,6
228096,0.4258465267462017,-0.21353187502533633,3
228108,1.0299627631230082,-0.04500937106130772,3
228181,0.7081346934182327,0.023333256238404914,3
228206,0.45572182963739655,0.41067969939660715,13
228223,2.222735358768996,3.1839537825759714,30
228245,0.550385466844978,-0.47208068985265617,3
228255,0.27405108691963564,-0.5259890281081306,3
228311,7.962979361952852,4.1828887892647915,9
228313,2.330780293049168,1.562268823414767,1
228351,0.680854154855954,-0.14333106696663683,3
228372,0.4078077399583974,-0.24884894631903992,3
228374,1.2184560432900007,1.1878904122027882,1
228382,0.5189257654762083,0.7264078003575118,3
228442,0.6487803334489557,-1.4616076138634333,26
228445,0.47176899284432716,-0.0653962190782706,12
228455,0.6630424199063405,-0.5318654447689164,3
228477,1.7617542574987453,2.7443337682049846,30
228508,0.5874514894663798,-0.679317579530258,3
228579,5.823461529215716,-0.8124651334508535,1
228633,1.0280963161037102,0.5824960353632764,3
228641,0.6258795856587406,0.07833586976521827,3
228652,1.5974238966392036,-1.008580803365751,3
228681,10.104799669408369,-3.5413907137404785,16
228738,2.5593870538396373,2.1100544036537427,1
228764,14.264364039452364,-6.700978133391518,27
228768,0.43326903034068676,0.11306805328826565,3
228789,1.436085337787657,0.7862864469868968,13
228868,7.745197201571379,6.0210481223910275,12
228883,0.4756115774074605,0.29833872637669684,8
228891,1.2696894045166456,0.3882438784053136,22
228913,0.5501350748751294,-0.1320539393298901,3
228947,0.939236829574099,-0.6552962695953614,3
228978,1.7024034609102985,0.422307517746774,3
228998,28.487503848106535,-14.873139561795627,23
229011,10.728306092156538,-0.11914434028242596,26
229013,0.360124454604894,-0.14855279814474465,3
229055,0.5074082461864566,0.05528243956084408,3
229064,1.5415378272221467,-0.045545592787241726,6
229076,0.3670605845241769,-0.3002835888948393,3
229091,0.9571629086782598,-0.0701883102726881,6
229102,0.36692364456331866,-0.3147204599017708,3
229140,0.4428215875975284,0.17122952875138145,3
229177,0.15531539753855278,-0.06401474893978436,3
229244,0.9093306324829044,0.6195031428867033,3
229255,0.8213171488923321,0.011900029930573573,17
229258,0.4981742860472194,0.19263321984530413,3
229313,25.800588420919816,3.29674368092116,21
229329,3.375535270868657,3.577550865460257,30
229331,2.3125719829827345,-2.6981178587098746,3
229334,0.9180420193146571,-0.4709227468635605,3
229340,0.8959136282058813,0.018499603836144265,12
229386,0.6258795856587406,0.07833586976521827,3
229405,0.29603603288271935,0.0772550438578781,3
229409,4.456236684352988,1.99642194521135,1
229412,0.8484184472646015,-1.6389632538972252,3
229417,1.1279488593520148,0.8043388706303696,3
229448,0.5707543782885978,-0.31518561784475885,3
229454,1.618923123657726,0.7718816458390456,3
229498,0.18879577867162015,-0.158975733605367,3
229499,1.1613633327905366,-0.42276451737469284,3
229501,0.43326903034068676,0.11306805328826565,3
229513,0.2334114798293661,0.216851136923312,3
229551,16.353270473321242,8.04523302463741,21
229607,0.9711779731402985,-0.49893870038667265,3
229632,1.1794121011523295,-1.533133696418809,5
229703,7.340583266775319,3.9379755376340606,6
229734,0.4415452307256521,-0.49636803005221514,3
229741,19.735812164294323,-1.9046920281251254,9
229742,3.8262159721981,4.872191315885506,1
229757,0.43326903034068676,0.11306805328826565,3
229767,2.950235529023444,4.079006015504662,30
229768,2.7775789739901824,-0.6152528026986699,3
229816,0.5452119568360159,0.31459733353225205,3
229863,0.43326903034068676,0.11306805328826565,3
229899,1.9043752589475547,2.6572178955227366,30
229921,0.15761529283257777,-0.13187759779933253,3
229922,1.2610700272724944,-2.2579253553173904,3
230013,1.4244204742587243,-0.2668388694221339,3
230030,2.4752466627311573,2.088907916255513,3
230050,0.46697219207206925,-0.8801252051473658,3
230105,1.2135670030613028,0.41442859248080705,3
230115,2.454801301044381,-2.7004893520578706,26
230133,0.9022926445689076,-0.04494102472149302,3
230180,1.4072380322713414,-1.733218733101133,3
230241,1.8518502462867932,1.743530604792233,1
230249,10.142751463624133,-6.046791988768574,25
230293,3.4084518034150015,1.1123482816133086,16
230374,0.7219207277439741,0.20917674327433705,3
230402,1.1112977375188027,-0.7101440374445889,3
230405,0.4333831103553182,0.3526775143895552,3
230427,0.43326903034068676,0.11306805328826565,3
230458,0.5752231587261742,0.2543138163173198,3
230459,2.4768483279530735,0.7692015508664443,3
230474,1.7908726333178167,-1.1235769560045956,3
230490,2.5183346078729403,-2.3517698145637835,3
230496,10.303303148968391,-9.338645779693202,11
230522,59.43081652694474,-9.343327182070393,10
230626,0.2843265670509696,-0.06507373079443339,3
230627,1.0577710965411244,0.011103544076885906,3
230672,0.4241623140145506,-0.7294730950249191,3
230687,1.8451468669132627,0.8817825036325734,0
230699,5.886320895125371,0.9163878721110238,17
230708,15.629562388636911,-7.364647150994429,25
230776,1.2184560432900007,1.1878904122027882,1
230825,2.500486305121201,3.08912971340758,30
230878,1.2350880786752234,1.341437603438937,3
230930,0.409939793411515,-0.03568864031406936,3
230968,0.37579470397255255,0.2807709571967417,3
230971,0.9371411707585231,-0.34775768565307574,3
230997,1.5462935620104852,1.5784976824955281,3
231081,1.5599985581750355,-1.028228130752376,3
231149,0.8746798309029257,0.3936728634897547,3
231177,0.4421775415026081,-0.03729735937190525,3
231183,0.37521157165385843,0.19885299748650986,3
231210,42.38326573987217,-7.385103298117426,10
231237,18.631113970119767,4.526519891033799,21
231251,1.1025572651342919,-1.9259820643253276,11
231252,1.0689935488412177,0.9143487720145523,3
231255,3.7684499826053184,1.1189471275840237,3
231263,2.539638460812533,0.27182761042598164,3
231264,4.782058323236145,2.20491529077899,20
231265,0.7518685694499336,-1.1459804913302265,5
231290,0.43326903034068676,0.11306805328826565,3
231299,0.46882724561525774,-0.23690575530897579,3
231313,1.444469554727922,1.4082342520515043,1
231337,0.9958397978732664,0.7489304124536622,18
231340,0.4537039463378909,0.5144717681893662,3
231346,0.412943157589699,-0.33781903750669423,3
231351,1.8719723241031718,-3.355989859075976,5
231354,2.277654543583008,1.69348230758919,26
231374,1.2741853481033625,0.47143745328503955,3
231393,1.3051650576923377,0.572910977565342,3
231395,0.6436363962861337,0.6501792118259254,26
231430,0.4816371858266568,0.5349139127944263,3
231462,0.5764394610020009,-0.867560041560021,3
231490,0.3209460232624707,0.32223759342027775,3
231510,1.9404102846696198,0.45709916143048457,3
231518,0.4892315260844249,-0.4196272798690277,3
231532,0.45184985759089996,-0.06263504538385473,12
231560,0.9107427614486958,-1.1245833202378916,3
231603,0.23621500350634345,-0.1976424156992635,3
231613,0.7542150536031574,0.4353056467085434,3
231638,0.23371138605611108,0.2915543285149188,3
231639,0.4511809070489087,-0.2562174620586556,3
231694,0.8303414187939779,0.6227512863006026,20
231727,0.8135431490357196,0.10398446544420167,3
231735,1.3321642085945258,-2.00960836289911,3
231795,0.46697219207206925,-0.8801252051473658,3
231821,0.6099947186879733,-0.7906751654491951,3
231823,0.4890541865746463,-0.3448745991405421,3
231827,13.824758085119594,-3.2075424012077813,25
231838,0.643898786063652,0.663754850489989,18
231848,0.4770741033696535,-0.018298224564526264,3
231854,1.4869854796816822,-1.7397127949675644,3
231857,11.121817387625851,0.33561544083991673,1
231865,2.637473560015518,0.4427951543598222,3
231897,0.5365813475283808,-0.808005243375596,3
231982,0.6196941046579318,0.3759648135622032,3
231993,5.716416378928883,0.09957084851250628,0
232030,0.4101496466736569,0.3696117294569464,13
232047,0.47235524261352485,-0.3819795111020036,3
232052,3.037743779771445,-2.289736686113441,24
232066,2.7224242561503615,0.012992250376776756,3
232067,1.6989486940938234,0.9916916865845917,1
232093,0.5339821939742341,-1.035829811464595,11
232099,0.6156968837523753,-0.02361511505865699,3
232106,5.895093616949988,3.5483599342904357,1
232107,0.5470808956127962,-0.8217159181201158,3
232131,53.54110937562746,5.460620103613236,7
232154,0.37019647795084004,0.38503437389853845,3
232171,2.7496709388336695,2.2078296915266633,0
232199,0.9873205751924039,0.9174438938249793,24
232211,9.969554639485798,0.25775660289230895,17
232222,1.5704094189292954,-1.7482048240570929,3
232247,0.7056665754717482,-0.5660567947897753,3
232271,0.6367604525804901,-0.9940728912369476,3
232292,1.802388834221568,-2.999693121488464,3
232320,3.968028979620212,2.9098865652720196,1
232343,0.724360897502173,0.3555941057667387,3
232368,1.3955049657360674,-0.495801279504301,5
232449,3.4957655698176087,-0.0037620066080044623,6
232461,0.6945116080195182,0.13092735631997962,3
232492,0.3775915573432403,-0.317951467210734,3
232541,0.910771665529937,-1.1636689681238122,3
232579,0.829274897490978,-0.41497134470446656,3
232599,0.4504157283316166,-0.1789768506931075,3
232611,0.5621864435926803,-0.8537381365373633,3
232624,0.7231228256064947,-0.7811593241794842,3
232688,0.3525414836999639,-0.4613147804450659,3
232704,3.3826886671065437,2.6873917884529366,26
232708,0.36757276513839077,-0.7054861327766099,3
232752,0.4966038747221635,0.3041592038790471,3
232756,4.88173558124471,2.3156484621513727,16
232777,1.1320123654282066,1.053683338789279,1
232820,0.9437000483204948,-1.983562477807763,3
232838,5.993950688961735,0.996614390449753,16
232853,1.220967114182274,1.0438425168542336,3
232925,0.46698620663144197,-0.1855612833273021,3
232929,4.326614187311989,-2.454491542338341,22
232945,17.594159098281434,-23.739437741772136,23
232959,10.820734498782365,3.7859016762379714,0
232964,7.742951497790261,2.6481439822602932,16
232990,4.928079421758002,2.5171080720293255,0
233041,1.3702533113879132,2.134481819714988,30
233077,1.2627104823474662,-1.1883520752001695,3
233117,2.583344351628402,0.7205282146519976,6
233119,1.2236200551522012,-0.2300439617940741,3
233193,1.3058723530523284,1.2145443113764371,3
233196,0.8800109738926435,-0.24618114210617079,3
233242,0.8668929007996505,-1.7980657839324137,29
233250,2.016258353719588,2.79627348315755,30
233299,0.8092090508230648,-0.026598576642851774,3
233312,2.5324371785933364,1.0076640675721744,20
233361,1.054481193050809,-0.11150075561470586,3
233366,0.32367278020782475,0.27309608846279193,3
233383,0.27475811193912375,-0.231360429332066,3
233392,1.8314674260541903,0.41282866525873374,3
233427,1.3727260882642554,-0.8269800568867556,3
233430,1.302466918599037,-0.5297413881250523,3
233451,2.1257873321696032,-1.1142616396984713,29
233480,1.6616425719622645,-0.8561602248104815,3
233481,0.7231228256064947,-0.7811593241794842,3
233526,3.4753679437272478,-0.842558847826399,24
233534,0.6685074291478196,0.1260251223563859,3
233543,0.39379305843684254,-0.41417951117644786,3
233564,1.318708277209214,-1.4621881814494095,3
233578,5.748105597671196,-4.765969703649165,29
233648,0.2635611436146628,-0.06032115494989612,3
233649,2.2156178526934767,-4.516314115184282,3
233656,0.345270479491126,0.2750076958609463,3
233697,0.9160909448162067,-1.4622241576381148,3
233711,14.642467893795127,-2.637654094278505,27
233714,0.43326903034068676,0.11306805328826565,3
233719,1.6159652315057111,1.1132617252862689,3
233731,0.5785619165919507,-0.9032167667690546,3
233738,0.5639522971710826,-0.39323246911712617,3
233747,1.0241925809259762,0.6916410414965585,26
233821,0.4981742860472194,0.19263321984530413,3
233829,0.7468324607052916,-0.864858391533582,3
233845,1.7250280299200842,-0.8510466638669386,3
233853,1.3917344294607492,-0.5365250079907019,12
233856,7.001980066701896,7.336090725603393,20
233867,3.395723265673711,-4.7863118470519055,3
233889,7.015027509746579,0.5226950028713461,6
233903,1.1335830338950226,-0.02065543047427551,3
233909,0.3977289398715827,0.3069200770530413,3
233911,7.312515041925072,-1.6550961206406467,18
233917,2.310763363689926,-2.819117222273409,3
233941,0.303923367635819,0.19636789173002683,3
233955,0.851496185279818,-0.7913976258658686,3
233976,0.43326903034068676,0.11306805328826565,3
233983,0.6487803334489557,-1.4616076138634333,26
233997,2.040956705960213,2.4815286236903007,30
234023,0.4120894702809136,0.21109480320089652,3
234108,4.032048327249636,0.5673607446777029,3
234141,0.4504157283316166,-0.1789768506931075,3
234147,1.618761470249584,-2.9440462752626404,5
234165,5.9279602602744115,-5.578164546365263,3
234174,0.6812807296261171,-0.7282970600211971,3
234205,1.3170019471187127,0.04241133090282526,3
234359,8.095575878390896,6.050057652387517,22
234399,2.4471824755341727,0.5691068692755429,3
234544,0.9437000483204948,-1.983562477807763,3
234556,0.39442694440682247,0.13630864423931083,3
234565,2.2657509589491482,-1.0500981921222146,29
234597,7.420714208234822,-3.241920472249235,8
234614,0.3624025942566232,-0.1493677475261635,3
234623,33.58989601469102,-6.1320751438474845,23
234647,0.9901833190772165,-0.40630343907858985,3
234672,1.6172605694309619,-0.43370451095610985,18
234675,1.5077101081353308,-2.0550468196520666,3
234683,0.5145895521691766,-0.09788300221969683,3
234685,1.0612504711092978,1.1384703547986168,22
234714,0.4314173690446307,0.19073536223798987,3
234721,1.0381400683962783,0.28865555324410364,3
234743,0.9984744471658638,0.08411399014881288,3
234755,0.550385466844978,-0.47208068985265617,3
234765,7.145398841617926,3.992034955376821,0
234784,0.39471471051029244,0.10300672514383746,3
234828,18.471593488461053,-15.204810318469962,25
234879,0.18346182228165933,-0.1573602299508854,3
234885,1.4202571903515513,1.1924923305226398,3
234925,3.2958920207536813,2.427533567598468,1
234948,2.1000210552068395,-0.4161698437266057,3
234954,2.0464529536980134,2.090000196376969,1
235004,0.7367193426099704,0.09220871202480622,3
235011,1.1791339415244209,0.15896411403810107,6
235037,0.7231228256064947,-0.7811593241794842,3
235059,5.173242094644634,-1.0271307353867167,1
235099,0.8593212503642766,-0.13951688181696587,3
235105,32.379330602179934,-13.447338908816402,23
235117,3.248635899993331,0.526416994979041,18
235146,1.6964948138530311,0.38101215337196226,3
235173,0.4808655390435247,0.4857537251988733,26
235221,0.6312679889413633,-0.1767236476791232,3
235282,14.072344390648666,10.654347104858074,21
235375,0.4727012527303581,-0.23083743057150574,3
235384,0.4086129308025117,-0.16236612291138933,3
235392,20.71363124454291,-3.067687801054785,25
235394,0.8542010909239774,-0.2495507951262628,3
235429,4.08038494591842,1.339370178503285,13
235438,0.43326903034068676,0.11306805328826565,3
235442,1.276709353552497,0.980829791209953,3
235494,0.7261322131531341,-0.8408867730725968,3
235498,7.215876440371567,4.8434227610587826,1
235506,0.9790896290541793,0.12764944262928385,3
235543,4.45871480228415,2.543043532789993,30
235569,0.3556360860398164,0.3204861198455801,13
235619,1.0341836335949532,0.6292231492143807,3
235671,0.4554354286136331,0.15739235539862867,3
235677,0.7468324607052916,-0.864858391533582,3
235684,3.984123171747621,-6.9183751343867295,5
235705,1.6752380480016873,-1.7068731567083457,3
235710,0.3946575969431148,0.10159746679248706,3
235805,0.2575705927005929,0.21732294363588373,3
235812,0.9530492172562764,-0.00559127379248226,28
235842,27.36319225914613,-12.347346574646329,23
235864,0.5676533470795285,0.02393757948510981,3
235884,0.4892315260844249,-0.4196272798690277,3
235888,1.455175951912758,0.6716499490272807,3
235895,0.24461576304221244,-0.20981363993451385,3
235925,0.7762893716502953,0.474123980765998,3
235929,0.8577799479891751,0.5427149999201099,3
235935,16.56820176226399,1.0246152574534246,16
235952,2.636296305736698,0.7537591214793385,24
236017,0.4022689034314913,0.4038877379813153,3
236033,1.8260460114302217,1.4068277338869741,3
236044,0.6998916185790468,-0.7300771385808967,3
236058,8.987458706041611,4.151883173698927,0
236097,0.732610891986488,-0.1590728268624393,3
236112,1.3058723530523284,1.2145443113764371,3
236113,0.5059439840225974,0.09354054173994522,3
236164,0.588915866925443,-0.9396088859963461,3
236172,17.498019132340243,-1.484999247972293,25
236235,0.7339880866568314,-0.73738560881042,3
236247,0.9437000483204948,-1.983562477807763,3
236267,1.1078833501999377,-0.23987662688232533,3
236269,2.876268100885359,0.9511089399586923,3
236271,0.5683220742054347,-0.45588466694478547,3
236280,1.0641533121843838,0.705495543712339,3
236283,23.868387012232784,-16.368550095330015,23
236322,4.696654116336954,1.9564351575933936,0
236323,0.3946575969431148,0.10159746679248706,3
236340,23.72020707971029,-23.844583774379707,23
236355,0.05037363821043028,0.045579638979850616,3
236380,1.509449237907123,-1.9529452568889112,3
236399,3.343363501671543,1.4174541140039738,16
236480,0.5616183496215288,0.17683945855653557,3
236550,0.34567632949901,-0.19323112743456283,3
236583,0.43326903034068676,0.11306805328826565,3
236587,1.6580694742092021,0.5253055054338384,13
236606,1.0476960511445577,-0.7601965360550073,3
236618,3.5079255018574456,3.0629121274387225,18
236621,0.7214179003606652,0.8280922509295061,3
236625,0.29186637914465124,-0.11597580207956382,3
236655,2.9263100911276796,1.3603948654160969,17
236668,1.0987202443173258,-1.1999705431532919,3
236727,0.43326903034068676,0.11306805328826565,3
236754,0.4428215875975284,0.17122952875138145,3
236757,19.97065704242656,6.003486054468205,21
236827,0.20728864632220328,0.04351642437270938,3
236855,0.42522680000255464,-0.17526135383888525,3
236860,0.8889908599780834,0.5237477526848728,13
236885,0.4182002319501911,0.03070754493945672,3
236913,0.3946575969431148,0.10159746679248706,3
236943,2.3688715511755296,1.8432222213671614,26
236948,1.1373522759277372,-0.1783628838808194,16
236955,0.71812745560211,0.21766853409488782,3
236959,12.085901377371224,-4.102438924013961,12
236961,0.7261322131531341,-0.8408867730725968,3
237064,2.239066764765219,0.30982681613747115,3
237091,2.0573621342207336,1.023467441276294,3
237173,1.834152927042376,1.1642752971441312,1
237175,2.1693933217515005,-3.837941049218555,3
237210,0.4078077399583974,-0.24884894631903992,3
237242,0.936563915606895,-1.0161128397047656,3
237264,5.3117189968159275,1.5154407905518894,3
237271,5.4284633065387355,-2.7193100945761346,29
237275,1.8222718413061492,1.7500815444003839,1
237283,1.726876120356624,1.5061697297511694,16
237299,0.4683549574100524,0.35489195382957633,3
237313,0.4182002319501911,0.03070754493945672,3
237381,0.17171372846706195,0.14488196242392248,3
237397,3.3415625712239336,2.731656646017843,30
237411,2.233049480716477,0.30086916075582426,17
237429,0.7635766025381413,-1.4750669285075027,3
237433,2.997126656456989,2.104795785175685,3
237434,1.963398493410459,-0.4804531204002438,6
237451,1.0111286883095454,0.985763976436053,1
237474,11.841875274627863,7.674875071987508,6
237486,3.533124930859221,1.5769870948238092,28
237534,5.846936286295037,-5.494201953379132,5
237536,0.8095490409568485,0.7141952375945233,3
237612,0.3669314388789211,-0.05086372594976602,12
237646,2.9976788269751777,3.0449788601388588,16
237748,12.108202401951544,10.352225984284738,22
237805,1.9331529718382578,1.4441172259133412,1
237856,2.326465297096152,2.9940000367094877,30
237898,0.2834378025722289,-0.010891947669131255,3
237914,0.8686860124409961,0.29132729163340265,3
237917,0.2524420820119026,0.26889473859259855,3
237941,1.30002259925513,1.2674108268463538,1
237990,4.048549085191549,0.7934885466256019,3
238008,0.3209460232624707,0.32223759342027775,3
238010,1.9683792711028159,-1.3908140338083739,3
238065,8.92137917008597,-2.874181049384695,5
238079,0.39997786099676963,0.41231207616995247,3
238120,56.935514852086165,13.642773554653905,19
238131,3.510773935725271,2.543950287862777,26
238177,0.6272135602816539,0.7174401701056712,3
238179,0.614757278346629,-0.2407593167715539,3
238186,0.48013683745849645,-0.4118265163330009,3
238194,0.7757417229900122,0.011239689484659735,17
238222,0.5544644653370258,-0.6659503114621972,3
238231,1.823186316265193,-3.348659689911879,3
238235,0.960038477564584,-0.5193859009984574,3
238319,1.553817496311438,0.26107934665112564,3
238321,1.5284804283530302,-0.06686040988037145,3
238347,0.8531300996382254,0.27897130583734975,3
238350,1.9190772771237312,-2.0619387087167413,3
238419,1.3557571575446754,-2.6093137256107166,3
238456,0.8332417282355558,0.2847015649239442,3
238472,0.46697219207206925,-0.8801252051473658,3
238475,0.42093206058329063,-0.36261884841452846,3
238524,0.2524420820119026,0.26889473859259855,3
238526,15.046440570624675,-6.173938846260596,9
238527,0.27475811193912375,-0.231360429332066,3
238540,2.3745053706963244,-2.1664253712993466,5
238541,8.71312096468107,-4.634074515909789,6
238545,11.104760275855195,-9.700283530887328,25
238557,10.01086273799523,-0.823080799395592,22
238568,2.3130211777586887,2.220647503351316,3
238607,2.4325899026482287,2.4250378419877787,24
238610,1.4823786165891286,0.8213254361722455,1
238613,8.999112833218078,4.464231610695347,22
238630,1.047802244550073,0.9220254575838949,28
238639,1.2340527021250263,0.38182646413996946,3
238644,0.7859072498216134,-0.18864848475698584,3
238652,0.34567632949901,-0.19323112743456283,3
238699,3.478684883958327,1.759142790116691,20
238731,1.1986085568538347,0.7799673421061456,3
238733,1.7617542574987453,2.7443337682049846,30
238739,1.2332076768618105,-2.048003412872437,5
238740,1.3742344850914512,1.3359027434865285,26
238757,1.0020440177613519,-0.9365466729410219,3
238779,4.649885408092115,2.67578361295246,1
238781,32.5628555347784,8.724851591611865,21
238836,0.6148687584021343,-0.9253973776640224,3
238849,2.601029903886205,-0.047132511834243246,3
238864,7.05351666290883,1.9130737762022696,20
238889,5.901262710144896,-7.50192920444281,11
238890,1.7132053115896824,1.0976605714575356,3
238961,0.5837327582893025,-0.23195160415912763,3
238966,0.9831207030086794,0.5928225372878551,0
239020,3.155081503331807,1.1638647118114742,3
239033,0.2132449252882272,-0.04880529809582504,3
239063,0.4449406203321811,-0.5344045709264545,3
239067,4.909784207961972,-0.2912850228257235,0
239070,1.8013166612156324,0.41013056938189074,3
239074,1.9787589255156097,0.5514348433296146,3
239106,0.49339338813786554,0.12875840642979683,3
239147,0.4184459637383465,-0.08730926031809959,3
239161,1.0341836335949532,0.6292231492143807,3
239220,0.30490697005298534,0.32093860220242876,3
239279,0.554492949618983,0.4836635148398295,28
239310,0.5059677992334123,-0.768364322883627,3
239407,0.4422423583502487,0.22654076441071822,3
239413,1.751940528176161,1.5734779342450824,3
239423,1.0341836335949532,0.6292231492143807,3
239431,0.43326903034068676,0.11306805328826565,3
239437,1.0341836335949532,0.6292231492143807,3
239449,3.1924525678689433,-4.588599542690258,29
239460,0.8580475665105214,1.0980255135455015,16
239467,0.5867472780982539,-0.5428040733642502,3
239468,0.3518687922413357,0.2329531896962417,3
239481,2.9862658270487534,0.28481585695811207,3
239486,0.956203889970554,0.24106208969500287,3
239535,5.173798842374036,0.6391740560703386,24
239552,0.43326903034068676,0.11306805328826565,3
239554,3.9338905985838153,2.478464228627765,3
239567,0.43326903034068676,0.11306805328826565,3
239569,1.3470216077536827,0.44237705882430073,3
239584,9.42010484749247,8.05900031559401,30
239594,8.16557057271532,1.3956126789134484,18
239609,1.1250891693065845,0.14537270054218585,3
239619,0.3341960868444237,0.08088099581424428,3
239623,0.9831207030086794,0.5928225372878551,0
239626,2.3687586225858865,-1.779832681564202,3
239642,0.524560609572245,-0.6773617543203877,3
239670,0.7031974580095215,0.40856310760363646,3
239688,1.295672153997955,-1.233229619593263,3
239692,2.1828923315116247,0.893347065274266,1
239708,2.075186761087304,2.9021427573294933,30
239718,1.6296141147703453,1.6146998361568798,3
239736,1.2924167297350895,-0.8114284020375079,26
239740,1.888113064639331,-0.40414405904994893,3
239783,0.5444505500197875,-0.2658752548546807,3
239801,0.3223879832388605,0.33592495915499293,3
239808,0.9697050425595235,-1.8194544639525427,3
239847,0.6907507433930118,0.18026176900171556,3
239879,0.2834378025722289,-0.010891947669131255,3
239912,0.44665858152198995,0.10932458162221542,3
240008,0.24605848913344072,0.26209510152473975,3
240024,1.070029482921177,-0.881004837948682,3
240035,9.60894874569503,-1.439953651726043,30
240049,0.45274392871982233,0.6337644866887278,3
240051,2.621989529493689,1.5944712911349601,1
240098,1.6335073218258174,-2.7287324053834396,3
240107,0.3427468011825344,-0.3627023329649541,3
240113,5.54100764714426,-1.4750448067303223,27
240131,9.267497918267226,4.872682000134267,9
240144,12.286367131419869,3.2788157439121317,18
240177,0.44665858152198995,0.10932458162221542,3
240219,5.588687454141061,4.038131938997368,20
240224,2.64518398678311,-0.04681017467781515,3
240225,0.9134916565189696,-0.3152796256735101,3
240236,1.4895617248303423,-0.3805023582286653,3
240267,7.303289947771312,4.905737080738851,30
240272,1.9050881706317382,1.9346975379620104,3
240280,0.5452275467081754,-0.020912256645172874,3
240318,1.2582468529101631,-1.5245860958750954,3
240330,0.6776688820144573,0.0936333847537133,3
240333,3.162300991993792,-1.5553936235452313,26
240348,2.1014112877082014,1.332919263660986,3
240367,0.9521824259244251,-1.0051222665251383,11
240370,5.197362042827789,-1.02718654603639,13
240375,0.43326903034068676,0.11306805328826565,3
240394,1.737929137476559,-1.2140571269353608,3
240401,2.7010131886420563,0.5592182908899939,28
240403,2.6050818543736947,-0.577224917186839,3
240445,0.49210908952739174,-0.6446208174977749,3
240484,0.4543622438366478,-0.4205468381368538,3
240490,1.0371368710690558,-1.1482094244029601,3
240495,0.30210087765803095,0.16131038073376155,3
240528,0.6815344333852192,-0.026140320806466093,3
240541,0.832954795665476,0.6227690568095696,24
240567,27.59056575701821,-4.2669145371684465,23
240568,14.702523077729735,9.089132076894426,21
240643,8.688492206210235,6.506364765355481,1
240677,1.2117677946350656,1.1081327455012955,3
240700,0.9268771848553613,-0.3288127179419344,3
240704,0.5535269844969105,0.2140369109392268,3
240710,2.41222088684325,3.2582596387496614,30
240745,0.4245354005322504,0.19189089920955096,3
240756,0.978716377813099,-0.24522033936233462,16
240789,0.38746888914783734,0.14982583765745877,3
240822,0.09902511273250397,0.09068100019057466,3
240829,11.077332699743442,4.541729210389233,1
240883,0.8377784985185915,0.5722547438135513,18
240897,0.360124454604894,-0.14855279814474465,3
240906,3.903109343791469,-7.49315038173973,29
240932,1.0667433987491421,0.3098277176622264,3
240951,0.8265170237027866,-1.2903096668129352,3
241012,0.43326903034068676,0.11306805328826565,3
241033,1.8787179309297255,-3.1025807077176064,11
241042,1.2342259695198274,0.21110551231831204,3
241048,0.4887094611551609,0.4606798660080248,3
241051,0.8668929007996505,-1.7980657839324137,29
241080,1.919299811374055,-2.708039332380697,3
241086,1.0769054266268205,0.763247265114191,26
241204,0.9890843513069888,0.5728397840903492,8
241214,0.6287257998572907,-0.15091878780558868,3
241239,0.3556360860398164,0.3204861198455801,13
241265,2.280711646828981,1.3387451474089964,1
241305,0.525132892355438,0.5097956871210644,3
241306,4.831905294319035,-7.574061556093546,25
241332,1.4675667439502715,0.9819006636039359,3
241344,0.5535269844969105,0.2140369109392268,3
241357,6.464025328224739,0.8317547062867012,11
241367,3.560814206805519,2.700302165462093,20
241401,2.684480439769866,-4.445482652883756,11
241414,0.6662568699035354,0.2744537492769294,8
241432,2.1155154499177526,1.450491901138229,1
241491,0.4209318325742367,0.4532366856960392,3
241495,1.9946249435475158,1.6137724154461193,3
241503,0.4535197766666105,0.3002507778307115,3
241513,0.6898072735053224,-0.7451699275756767,3
241527,0.6725619084354136,0.22994836780888578,3
241531,0.5369187627827567,0.5455140129516916,24
241548,11.399740259025705,-12.127411162520158,25
241565,2.276296749978255,-0.01832774973593003,1
241597,1.5130528398519152,1.326527402930726,3
241614,14.543999686221573,8.459835407538943,21
241666,8.338397518043056,-4.485259299825156,5
241749,2.1626880450747654,-1.001546023405043,3
241752,0.6201328764747307,0.6596983403979647,3
241791,1.568987415058767,-1.130217385599773,3
241799,0.6225343205184426,0.644711899156141,16
241802,0.6138843845836008,-0.16969655502941552,3
241874,0.3643909274769022,-0.031723235834728324,3
241885,0.8620149203884591,-1.3138629836907054,5
241901,0.46683766360090345,0.2864593889493312,3
241933,0.7182301297996894,0.7774144273208845,22
241944,1.5013946096082267,2.2010689121244087,30
241949,0.9223998004979163,-0.47275169246270843,3
241952,0.593892913085221,-1.1472742777280576,3
241980,15.177368953051154,-7.996343605604465,27
241992,0.43326903034068676,0.11306805328826565,3
241997,0.8688847370438406,0.587693421995044,3
242006,4.065200019147434,-0.2546133544592928,3
242007,1.4115823867033053,-0.16867351188792748,8
242037,0.6422545380295545,-1.3266274254159118,3
242065,0.7742518960637929,-0.1470573876211928,3
242073,10.0117207764511,0.8668083604376737,6
242083,18.039392126309856,-13.642398699756484,25
242097,1.0446978824418627,0.9716354491011496,3
242098,1.962304548569356,1.3403960603238083,3
242103,2.826844632836049,-1.6954563056133107,26
242106,15.057783157393064,-2.3973216793784458,9
242113,1.5299353207059911,-2.32993122870133,29
242118,1.148958600125038,-1.7984347723626297,3
242143,7.565388292574828,0.6561503923194691,17
242214,1.558887154783127,0.9461224503253636,0
242216,3.1868553720207027,2.096763508441502,20
242233,1.51449207617272,1.2651454560606663,1
242247,6.914370345899935,-4.509935669897205,5
242249,0.35431542533930965,-0.28985707539154626,3
242268,0.4966038747221635,0.3041592038790471,3
242269,0.45882000978057647,0.040690095024801,3
242273,0.43326903034068676,0.11306805328826565,3
242299,28.939890751597716,7.233386848055888,21
242309,2.586930946391194,3.1458056384908257,30
242361,11.503232417684448,0.5623954281691466,6
242364,0.9724397208814148,0.8437271558825287,3
242381,0.5429033552945381,0.602040484313622,28
242397,0.8401865182934531,-0.9729656904752798,3
242409,2.454520414576731,1.082803864375527,26
242445,1.0341836335949532,0.6292231492143807,3
242458,4.018264711624599,-2.8368172769397897,11
242477,1.2718402460916023,-2.670232244284951,11
242499,0.3308154886245517,-0.6349375194989488,3
242515,0.7182301297996894,0.7774144273208845,22
242528,5.15944462705051,3.605029116361271,18
242618,0.7286653035220734,-0.3201607031127651,3
242637,1.427691528387532,1.411653230629588,26
242639,2.468222001893709,-1.2391685869082143,3
242640,3.304650136859064,3.792019522198925,30
242642,1.3353813110371762,0.040786716452297804,3
242646,9.820944903976514,-6.368109980375411,1
242742,0.43326903034068676,0.11306805328826565,3
242752,1.0631650260909344,0.22762258914887298,3
242763,0.9085613698560845,0.9525823561869572,18
242775,2.5848143041146776,-0.9921197324923176,27
242781,0.851496185279818,-0.7913976258658686,3
242790,1.3609777422947502,-0.7388430703162017,3
242815,1.6468481795792467,0.8900554602533235,3
242824,8.302973577297813,-7.540945973531826,27
242843,3.7340160321298956,0.20515273997051928,3
242878,0.8303414187939779,0.6227512863006026,20
242884,0.5708342769597637,0.062192744505949596,3
242891,1.2965499464144514,-2.274332558105562,3
242914,3.598881116598193,2.1267534817798723,30
242964,1.3354574339077983,1.5621204993191597,3
242999,2.295970342053889,-1.8055691650266104,3
243050,1.8463149135301307,2.6409169093134257,30
243058,1.7720738993950251,0.34130450217346914,17
243065,7.30285562241947,7.956216863518192,1
243075,0.7894294210205849,0.20601345028767493,3
243077,5.530366566360982,-0.928374147982726,18
243088,0.6091095806857286,-0.06734774395216975,3
243142,4.129813605575256,-0.1194529012928079,20
243173,0.3778022865782271,0.3418472923488796,3
243200,1.86316396736167,0.908357042521908,3
243236,5.342714355995919,3.0181165270946093,26
243254,0.26964252432052,0.33637832732061373,3
243290,0.936312750140267,-1.8910163316371997,3
243294,12.922049634761041,-6.378737650507219,25
243312,0.9184722585483943,-0.8791876358442399,5
243328,2.6724386905842454,2.034871528437204,3
243360,4.360871987758663,-1.357840639025251,28
243387,0.8303414187939779,0.6227512863006026,20
243471,1.337991584008629,-1.7065567018435066,3
243490,0.8908217713725949,0.7858951520810177,3
243491,3.3049024898542405,4.178319701542448,1
243544,0.31631144403441824,0.3293699358607534,3
243563,3.1571959542819124,-0.8956641711969267,3
243584,0.5890380438060671,-0.38637141272293724,3
243585,3.531376904516881,-1.3123252537371703,11
243607,4.212085125484093,2.577544500740266,20
243651,0.45868943233189696,-0.6408897873548745,3
243700,8.003333986655921,-4.620959657758655,6
243720,1.589965347230299,-0.6476076052508192,3
243745,2.2919992228890087,2.8605934485895013,30
243759,1.567523015466981,1.1100061107941923,3
243781,1.1837764229277474,0.4574472618459437,3
243785,0.45882000978057647,0.040690095024801,3
243876,0.8248108907807072,-0.8151350917866375,3
243879,6.189680166573241,5.235770766878941,1
243888,0.43326903034068676,0.11306805328826565,3
243891,8.480614255817983,6.710784304872367,18
243899,0.4117037600244763,0.05621933800999738,3
243929,4.17067895690549,3.3081119817640867,16
243930,11.768906015166447,-4.125031367031335,25
243942,3.2449627755633172,0.02872122857206022,8
243951,0.4567641512907889,-0.22903487417101143,3
243967,0.7284720043493311,-0.3341958373569298,3
243984,1.6616754788860204,-0.21803273083678276,3
243996,1.5358654606851787,0.2873084027228677,3
244020,1.0980308073713272,1.0212384600162234,3
244039,3.0375555395018545,3.5416383416038983,30
244056,3.522169486090322,1.986998047334975,30
244070,1.0691978479639155,0.4339201750837829,8
244092,2.4803719790736327,-1.2305488754769116,3
244148,0.4048314921010072,0.13990431590989216,3
244171,10.378661924890007,4.881672862869068,18
244189,4.62641192921543,5.460294139651129,1
244277,10.246071949266977,8.168287652855808,18
244285,0.44406377061498126,0.081134649219999,3
244286,1.8985301269031984,1.5365933413327157,26
244349,8.800722522983142,-13.349920547848425,25
244359,3.227738868193474,1.3148419956086224,26
244400,0.45208223319804014,-0.5227791807689377,3
244420,10.45746931210473,0.4324490333107932,22
244445,0.4504157283316166,-0.1789768506931075,3
244453,1.6368262984352653,1.1010397362993092,0
244456,4.039015916260392,2.2766612892724067,9
244471,2.473568441419366,0.9478348214019618,30
244484,1.2732852457257378,-0.9538471383471292,3
244485,1.4279518199093297,-1.2671601819315879,3
244494,4.643871098439197,3.3196240997403144,20
244517,1.9373871217363021,1.1118992431121615,3
244572,1.112258466352804,-0.5065253677836898,3
244593,5.174882292383869,4.18004570004918,30
244602,0.43326903034068676,0.11306805328826565,3
244622,1.339981370694879,1.4388644901778869,22
244627,5.0592561017246185,-3.029097507791875,17
244641,2.2630480545603744,-1.3999392485425255,3
244657,4.330675693406485,-1.9255456997065832,5
244662,4.828064907941813,2.368996656010887,16
244676,0.49382703998021443,0.470695069700215,3
244685,4.457154753285705,-6.348503316130868,11
244688,6.972520625569402,4.745724219896128,20
244696,0.5444505500197875,-0.2658752548546807,3
244708,3.79956016245139,-0.39915976741910353,22
244710,3.638448117905747,1.0813816394944193,30
244727,0.6099947186879733,-0.7906751654491951,3
244736,21.12874811316573,8.356177166088136,21
244742,1.4347629366509704,0.390101916306042,3
244761,0.9204456147539224,-0.5822949008782101,3
244779,0.46996119157310384,-0.5434540636242063,3
244781,1.5591816926248134,-3.140982039956322,11
244814,1.3050306853973828,0.4109063304515671,20
244873,2.129240343550986,-0.5680598401934479,3
244874,6.304646237906679,-9.442224587392905,29
244881,2.0198225985031004,-2.0567778005079096,29
244915,2.31501123433493,-4.1602274146743525,3
244923,0.09867867762757311,0.025751681285959366,3
244925,0.3578040239571841,-0.37632734392985856,3
244964,2.9484455634399684,4.114268657568907,30
244993,1.0927737853438746,1.2782469046648166,3
244994,2.0136956085220112,-1.1688201342217641,3
244995,0.4537039463378909,0.5144717681893662,3
244998,0.36692364456331866,-0.3147204599017708,3
245088,0.5745825828763461,-1.1022814840329214,3
245102,1.5939997606485325,0.8712985753299485,3
245150,0.6534784031171301,-0.7567510925918842,3
245157,0.992453221870892,-0.4081540075795729,3
245194,0.29827118120755064,-0.011461964732437982,3
245203,2.370548132217252,2.0160186549044865,22
245215,0.36660148378844104,-0.4797128588380006,3
245224,0.574676613592306,-0.8759086557938036,5
245295,7.3764040999899905,-0.4290370500950962,24
245311,1.8961682942892315,-0.46569655628642526,3
245312,0.9358580049567351,-0.21627145879424017,3
245328,2.393655481809506,1.333068942606627,3
245346,0.5664375953933839,-0.003109251867831536,3
245352,0.35225288197985694,-0.10809469560091213,3
245362,0.7868583578596433,0.8368063104162544,3
245371,10.3094632568296,-2.4882007947449987,6
245410,10.139548575016047,-3.4679051206057356,27
245446,1.9128342234629079,0.7087655420318151,6
245534,4.575071302533759,-3.628863863262153,3
245568,3.744668588711842,1.69588577924544,30
245578,1.009219008578828,-1.377212952072645,3
245592,0.6730179086536203,-0.7723703462573326,3
245604,1.0872053116036882,-0.4270115409465184,3
245616,2.887015221081721,-4.551906286441327,3
245645,6.390771121862907,1.408056828894455,6
245649,10.516419838016397,4.866810101051584,16
245650,1.0507165454639382,-0.4334547588728632,3
245655,1.289618826251336,0.44378729065850386,3
245660,0.41398397243006413,0.30036596836857526,3
245703,0.43326903034068676,0.11306805328826565,3
245740,1.0035826900671387,-0.62732596167168,3
245750,0.5707543782885978,-0.31518561784475885,3
245782,0.6455214515169931,-0.31399445613634,3
245790,2.1904363348262548,-1.2734418642028185,3
245827,14.720569042908858,-6.016342392488585,25
245828,0.7904041134173558,-0.06319484422697799,3
245829,0.39471471051029244,0.10300672514383746,3
245851,1.0862758312382979,0.7601572427643022,28
245864,6.620775608792973,-9.62681744620421,29
245925,1.0818358124102272,0.7261835537747687,3
245963,16.253977471026648,-12.01266482365034,25
245976,0.4391153097022689,0.027388477216386937,3
245978,0.9614513425347986,-0.5183672020789736,3
246000,10.264415637496723,-6.592661281544009,5
246013,0.6574217833618726,0.027723057171127177,3
246036,0.0911443659274793,0.08213593987932143,3
246088,1.7978037344208342,1.4265921436862936,3
246104,0.5425701392589597,-0.23028128490702632,3
246156,7.901798308247496,0.911963299059108,1
246175,0.9663125929676473,0.6056152766857139,3
246196,2.164900072058079,-3.405895505375312,29
246216,3.372036540524636,-0.11493899488402867,0
246218,1.1837764229277474,0.4574472618459437,3
246230,2.0450343310864474,-1.5625194056244571,3
246247,6.126158418897795,0.0005860141783339091,6
246268,0.5459403187298044,-0.7461356489229565,3
246304,0.6928613777342404,0.6112517849519027,3
246311,10.263931593167987,8.396922079492096,30
246333,4.069586600989248,2.8385494188094382,24
246388,1.7398884494478544,1.6487304449261329,3
246448,0.7933934849455808,-0.035484744856479,3
246470,1.007851613217033,-0.9892134307446557,3
246495,0.5890380438060671,-0.38637141272293724,3
246507,9.775907940462215,7.857419480798766,18
246512,1.239896157692756,0.6644227424864969,26
246513,13.09904106787736,0.32352556959982054,9
246528,1.5473528992173147,-3.1165124370551394,29
246617,4.858065845655617,3.728070124991532,24
246634,12.182027400132615,9.199027779837987,21
246655,17.33011254422787,-9.783156804267357,25
246678,0.8574313443552374,-0.6164050417366534,3
246691,0.5920720657654387,0.1545100877157562,3
246740,2.456102440710443,-0.07925852473102536,3
246757,1.30002259925513,1.2674108268463538,1
246759,3.1446370513446373,0.9715152268292336,3
246766,0.6369065747454006,-0.07910842170272239,3
246776,4.035321277779293,0.7414619950322064,3
246798,1.3177361613603198,1.2903953468643554,13
246915,1.2792504401991895,0.7853915502981746,3
246959,3.384702053266473,0.8375320942162173,22
247010,7.213161909500634,2.2280198484896196,1
247055,7.948920338326477,3.1761027969810818,30
247060,3.3941403279037528,-0.8700076945587737,3
247129,13.006841734354587,-0.4647764135532653,12
247141,1.6431091813071304,-2.2001463676839474,3
247166,3.391275457033164,3.8987042917607035,22
247176,0.4971469027433282,-0.6794497753004672,3
247201,2.1368461941598182,-1.4500278470812455,3
247211,1.5310786067165487,0.7972340395457795,22
247240,9.71503778527937,7.300415829515419,9
247241,1.510778639231941,0.5163274521419244,3
247278,1.2385129407493742,-1.2761370361414484,3
247423,5.691675905386835,2.390219422389387,17
247429,2.29272877720231,-0.7203436001209093,3
247444,0.6933643294790777,-0.7788325215639454,3
247447,17.987694951923768,0.6949822856024898,27
247517,0.43326903034068676,0.11306805328826565,3
247518,0.3818815683064518,-0.15588578346151555,3
247583,0.09867867762757311,0.025751681285959366,3
247609,0.5538310334601303,-1.0743330048191266,11
247664,1.9979335784932464,0.6769136373559274,6
247674,0.43326903034068676,0.11306805328826565,3
247726,0.7089018005453517,0.4592249010287047,3
247751,2.0990309561606084,-0.5921440188656794,3
247752,12.556294567878412,-11.587746717955714,25
247755,1.0341836335949532,0.6292231492143807,3
247760,0.35031252076305885,0.2892787962347793,3
247790,0.3765055448557062,0.2010396436444506,3
247795,0.4804926508038228,-0.1961987256181966,3
247829,5.890741888169787,2.936856039893452,13
247840,5.382458626949978,5.926496192777192,30
247852,2.5960364751090843,-2.9513113857804516,3
247855,4.051666334400609,3.3762393593820224,30
247859,0.43438525965363173,0.031895976766077395,3
247868,1.1212484936205096,1.0813110274902915,3
247869,0.7182301297996894,0.7774144273208845,22
247887,0.5580088730210141,-0.4410284566279801,3
247890,1.220338247065653,-0.203805191070032,18
247897,0.5545071541807982,0.5742612875862779,16
247916,3.045793005810488,1.8149162827917613,30
247918,0.7144031922051088,-0.39451228074781386,3
247927,1.174502838332497,1.8295558454699896,30
247966,0.2524420820119026,0.26889473859259855,3
247998,0.5090099189734506,-0.15619821742842802,3
247999,0.4301072876330278,0.27773891314526633,3
248003,3.0880368385017896,1.6404360026491003,28
248064,2.142872110826693,-1.7285084858863238,3
248098,2.237590103657997,3.2839017202084664,30
248131,0.5145895521691766,-0.09788300221969683,3
248138,0.44921718788991954,0.4234871109261581,3
248170,0.8868872298499686,0.835619276025535,28
248221,2.408275294495699,2.584976040669836,18
248259,1.9301993170545904,0.9087237847723848,1
248280,2.7028110785337014,2.00772516551837,3
248312,0.8668929007996505,-1.7980657839324137,29
248373,3.1649387680082817,1.9933586809834698,3
248397,0.6597514279413339,0.22323791110668706,3
248403,0.40924802730517823,-0.7038235487863496,3
248464,2.91783149931514,0.7647808821502307,16
248468,4.16462769331832,1.244741877388832,1
248477,5.147281741333605,4.6093215363384,30
248479,1.9644664907918876,0.5160177841459239,6
248492,0.7190289484077178,0.31789227039664975,3
248496,1.8818781964656826,-3.843313401538567,11
248531,2.8020403698968033,1.268660675746566,3
248539,0.7304686481798585,0.030803396856807976,3
248540,0.7182301297996894,0.7774144273208845,22
248547,0.6905699659375603,-0.3807722396553613,3
248570,2.201376777501117,2.9227902267313937,30
248580,0.9261474605985054,0.32628912368074336,3
248615,0.24830063896398605,-0.3656449153430054,3
248656,3.359954297448584,-0.8904997600298686,18
248704,0.27405108691963564,-0.5259890281081306,3
248718,3.59960507607216,1.3637370609585147,3
248727,3.569935834441522,0.5549074345572201,30
248749,1.7066838362463823,0.9525030787315992,16
248752,2.9881614267033054,-0.054388970729267974,20
248775,0.5157035398269793,0.06454609841736436,3
248815,1.048965914093062,0.08945293822960866,3
248821,2.1939013978132613,0.450326487832897,28
248850,2.35895287628753,0.8931472984125997,26
248901,0.7006282317709911,0.04776897611133435,3
248922,4.234582364524553,1.629590758726229,0
248965,1.7179479617042546,1.6372174847489331,3
249048,2.973278838904817,2.873559776357731,16
249052,0.47606160214221754,0.5064350895984376,3
249058,0.6115394076055312,-0.5245340998362846,3
249096,1.9554470994744821,1.7167608116807647,3
249103,0.44355473592136535,0.17151302134865193,3
249111,1.8585851385356749,0.012472459576410709,3
249140,1.4283189104870737,-0.7593155656718965,5
249146,4.865900471068528,3.6497280253434226,1
249150,1.6741109667713163,-0.9896557113035261,3
249163,0.5027328504874542,-0.9393292588051769,3
249178,1.0760036505974946,-0.4119185474056526,3
249187,0.9133133771957104,0.7104458758714214,3
249223,0.7083555087952643,-0.35504390381121004,3
249246,1.2678173121051397,0.6798338811904882,3
249256,0.3527562441123416,-0.39655489357432405,3
249294,0.7742518960637929,-0.1470573876211928,3
249352,0.7355064853703919,0.8359043999724425,3
249353,0.7008795846809384,0.5256556556408312,20
249359,0.7635766025381413,-1.4750669285075027,3
249384,0.4079915852228573,-0.5268369200269681,3
249386,0.43326903034068676,0.11306805328826565,3
249401,0.39471471051029244,0.10300672514383746,3
249405,1.4361752266941679,-0.7284520049393557,3
249407,1.1394561126109495,0.9089733458221919,3
249446,0.43326903034068676,0.11306805328826565,3
249536,1.6000108948103589,-1.2072720244733366,29
249598,0.32367278020782475,0.27309608846279193,3
249612,0.3578040239571841,-0.37632734392985856,3
249620,3.523489577984854,0.635136093762479,1
249628,20.494692794354492,-12.450603761941682,23
249632,2.02079259547839,1.1474885467651563,3
249634,0.7121307365552357,-0.1936200923241048,3
249639,0.42093206058329063,-0.36261884841452846,3
249658,0.43326903034068676,0.11306805328826565,3
249688,2.881137001627929,-1.9229305045528542,29
249695,4.811237044967946,-0.038663656215018535,3
249723,4.606074170421181,1.0093654075397875,17
249732,1.2531243179355789,0.8746372542076413,12
249826,0.8336261969270398,0.4436723918422991,3
249827,0.19735735525514622,0.05150336257191873,3
249848,1.3321742850562301,0.9728128062498579,3
249862,6.592936903978266,-4.295313312168987,3
249894,4.7471091949189415,1.8987772412846817,18
249924,4.5762438664760845,1.3028851924920688,3
249939,0.400357166586353,0.3306043385540335,3
249958,2.4198674519810237,-0.8423249331056359,3
249963,0.37356558851933697,0.3084805633730186,3
249989,5.097988148142808,-1.2917181428986404,3
249994,1.2184560432900007,1.1878904122027882,1
250006,2.1404133071536697,0.10479915656954096,3
250015,1.7992689960002968,-2.372620091756844,26
250016,1.2682384732887455,0.07330545023964885,3
250078,0.7662354847897414,-1.1678782077250716,5
250101,4.811852724875463,-6.142722899185687,3
250105,0.41167103043167236,0.041319972191232145,3
250153,0.6907507433930118,0.18026176900171556,3
250163,1.3001619311403374,-1.684997730644148,29
250184,24.656521873876788,-4.376976384943388,23
250196,0.5147220537672779,-0.25133664078742934,3
250223,0.6472143787656197,-0.2815139506707844,3
250300,6.450270456807745,1.5841269358318235,6
250301,1.0504015780878866,1.0634705880958781,26
250322,0.43326903034068676,0.11306805328826565,3
250330,0.7813954448882265,-1.1706857932926344,5
250341,1.7332043458118875,-2.1875644543671133,3
250342,0.8004005751058507,0.645014402460685,3
250353,0.9342873171501003,-0.06851085380076223,6
250359,4.964792350486816,-1.0610675599209174,24
250367,1.0090702755195904,0.1651236446697564,3
250368,1.6556156368549093,1.92038021757661,3
250405,5.0829308478344215,2.7308781272199063,16
250406,3.235579768842625,4.04634318541795,30
250407,1.700400126431723,0.2635757601329466,3
250454,1.6456225270685907,-1.6796253478174137,3
250456,0.6358097619112688,-0.506553302155565,3
250459,0.9147763943218803,-0.5038039256873845,3
250477,0.5020412499747148,-0.9462215644272075,3
250506,0.7327546097160481,0.5313021145758571,3
250510,6.65946762351881,2.201792861894629,30
250533,0.47443312151367806,0.4472587366954019,3
250609,1.2071430298951618,-1.0510406852913496,3
250645,3.7100157158088765,-5.896889982987562,3
250683,1.726499731142751,-2.491387799770241,3
250695,0.2927264081049924,0.30811760134124927,3
250705,0.6487803334489557,-1.4616076138634333,26
250709,1.0670004716179535,-0.6155175530256675,3
250725,0.15761529283257777,-0.13187759779933253,3
250739,0.43326903034068676,0.11306805328826565,3
250750,2.997688974415522,2.9792282271900468,30
250764,6.17123564332169,-2.8897479313414265,3
250794,0.6685074291478196,0.1260251223563859,3
250832,2.370771050540672,2.8484869115290037,30
250851,3.1346906708046087,-1.4711501666995426,6
250876,1.2050146860216686,-0.2460825683937037,3
250925,3.6244217572628616,-2.4295217718216433,28
250933,0.5357736474770852,-0.14810434103821749,3
250935,0.35687688461943856,0.4046759640026112,3
250936,4.598474130045554,-5.859477755800537,5
250939,0.38746888914783734,0.14982583765745877,3
250962,5.369469551969169,-0.8253495188451082,24
250984,0.15761529283257777,-0.13187759779933253,3
250987,0.8130668136659047,0.49551667090002927,3
250989,0.8589445270823531,0.5383246903873012,3
251003,1.6114096682008074,1.0935661698242953,1
251019,0.9075708925441679,-0.5624332255623481,3
251050,2.1890216593877776,1.9531034414247248,30
251085,0.3572015961025544,-0.19725614037390693,3
251093,0.5953897002916235,0.4317022405143354,3
251097,1.965101633059946,-0.7297393969605936,3
251122,3.120106606306173,-5.452999233717529,11
251140,16.94022115939151,8.66898870851065,21
251149,1.8486547205356985,1.855758249359644,24
251150,0.2927264081049924,0.30811760134124927,3
251157,0.7757417229900122,0.011239689484659735,17
251164,2.3693624595673946,1.6889435156316681,28
251199,0.8998106177751855,0.9739576872249027,22
251223,0.763478279233849,0.5058886903209274,3
251242,2.3451252172782855,-2.083696979924181,3
251243,0.7261322131531341,-0.8408867730725968,3
251325,2.426406633395958,-1.7592081450223918,3
251339,2.1635765140761434,-2.541487538643975,3
251342,0.2927264081049924,0.30811760134124927,3
251352,1.6061290226206562,-0.9109808956220861,17
251362,1.0927737853438746,1.2782469046648166,3
251377,2.707627585873567,-2.8516105485216685,11
251391,0.9999378187000618,-1.054314963633909,26
251394,14.520241640384778,5.862583720386741,21
251398,0.4254017583346805,0.3282746799585053,3
251422,26.236290700384256,-2.231640410119096,21
251423,2.450152856242886,1.4562101517725805,28
251483,0.6529361765261642,0.6072721556882186,3
251495,2.9346439860192266,1.1742975822197184,20
251499,1.0341836335949532,0.6292231492143807,3
251518,1.385748231229418,-1.6405653446722284,3
251522,0.4554354286136331,0.15739235539862867,3
251527,2.586230530411452,2.8983409546443943,30
251541,0.5227553314008366,0.22046227693668455,3
251560,2.3519617632316225,1.5947129606103931,18
251575,2.1132403172973975,2.830113804955243,30
251580,2.3941159558429415,3.194480983305435,30
251606,3.781428010549124,2.540669166170404,0
251613,23.246442774969893,-7.069833546359067,23
251620,0.7468324607052916,-0.864858391533582,3
251637,0.40020028755292536,0.3225072012303425,3
251642,11.729199539586256,-19.042792728019105,25
251698,0.5764394610020009,-0.867560041560021,3
251721,0.17735759925999003,-0.26117493953071813,3
251730,0.43326903034068676,0.11306805328826565,3
251744,2.8448221212178595,3.8495648075736284,30
251754,0.1444469554727922,0.14082342520515043,3
251811,2.011808457066032,1.936719306089958,28
251843,11.541068179727825,1.3755474448918075,22
251844,12.380398820970525,4.620929863041805,22
251851,3.229880080382815,0.45294793784717136,30
251890,0.655624803914398,-0.30077625362123683,3
251975,0.43326903034068676,0.11306805328826565,3
252006,0.34180204591232444,0.2574089280375842,3
252007,0.4078077399583974,-0.24884894631903992,3
252034,0.3470502834402848,-0.22842277260742128,3
252071,19.657227856569477,-4.871385723258171,23
252126,0.5890380438060671,-0.38637141272293724,3
252222,8.428118917981985,-1.9471197108302227,29
252229,3.888288609413913,4.752459933011712,30
252233,0.574676613592306,-0.8759086557938036,5
252268,0.9105245076385302,0.18222534238627458,26
252279,1.440817029898212,0.5374715899154001,3
252287,1.2877378916764097,-1.262663001106923,3
252292,0.43326903034068676,0.11306805328826565,3
252347,0.5908843231732646,-0.018809544511066877,3
252351,0.43326903034068676,0.11306805328826565,3
252356,0.36641532151844053,-0.031899476033810145,3
252385,0.43438525965363173,0.031895976766077395,3
252409,1.4728591170990644,-1.5496134635134473,3
252419,0.26964252432052,0.33637832732061373,3
252507,0.2635538813989943,0.14072775055111542,3
252510,1.6022743812895237,2.495907514788975,30
252559,2.474881742735503,-3.9815441618723986,29
252560,0.6091095806857286,-0.06734774395216975,3
252573,0.17455236681375563,0.18154862423506726,3
252601,0.6702946514137306,-0.7840117677032984,3
252622,1.122807107437829,-0.38280827627451264,3
252642,1.628735232737365,1.2612292820098816,24
252654,2.313178908856912,-1.6602173241722404,20
252676,1.1822369873765415,-0.7918507056253944,3
252695,13.074608323375198,-2.875675284368314,9
252698,1.9243917118538443,0.5543921265995347,24
252703,0.43410323484972335,-0.21115643610811366,3
252719,1.3132653076913352,-0.19073327723158515,3
252775,0.4537039463378909,0.5144717681893662,3
252783,1.0920889689415754,1.1463418570530195,18
252785,0.7261322131531341,-0.8408867730725968,3
252806,2.360159797572241,1.9969489466778638,3
252820,6.531191221435136,0.3682860875264666,6
252827,2.088699285408935,1.4307832102547355,18
252829,3.0751598112088323,-1.2402269957053924,3
252843,1.0361253769636123,1.3259079607494537,16
252846,0.7264312358871197,-0.014429638923324786,3
252848,6.256593155291444,-9.089898869334998,25
252865,7.304443248482654,-9.821092314152418,25
252900,0.7852100421503011,0.19824361525193884,3
252909,1.0345930892140702,0.7944893170435751,3
252948,0.43039688954188926,-0.36917499621538674,3
253005,5.1277813271010295,4.130421061587594,1
253080,0.5369187627827567,0.5455140129516916,24
253082,0.34585240028802366,0.3581732773089672,3
253106,12.104321327870231,4.276913215982223,30
253226,1.8839721233555682,1.4749349244812866,26
253310,4.454053791617549,2.5613583937977284,30
253322,1.8585933272787796,1.1232590188895493,0
253375,0.9258070813420138,0.5539479390080502,3
253386,1.9862411730571623,2.143406842162918,30
253403,0.36641532151844053,-0.031899476033810145,3
253482,3.2011535008408654,3.1524721723414504,30
253556,0.35194101180961435,0.08517556196367318,3
253563,0.3300837091083466,0.3022700006352489,8
253580,2.3593061725917184,-0.4862680558064673,3
253602,1.8778889930560707,2.78910677718807,30
253626,1.7725222148194044,2.5383695576963032,30
253629,4.00376601850466,1.6637665930753416,1
253714,0.43326903034068676,0.11306805328826565,3
253771,3.1681934091103074,1.457891585441711,18
253773,1.0203456545049163,0.30086382767587655,3
253780,0.9922544349027249,-0.2369482008674914,3
253797,0.676788422984143,-0.07483082661352194,3
253821,8.937645936050032,-0.673778639764621,6
253828,1.6956135922702884,-2.585074966946213,3
253829,1.0361253769636123,1.3259079607494537,16
253855,4.597122893394841,4.088210491939752,1
253867,7.095784082942042,5.104062992533283,30
253871,9.65212655287423,3.734404863817232,9
253949,1.851041811711502,-2.2321521346681688,5
253964,2.8004327117339365,2.6670536071047004,30
254022,0.5074082461864566,0.05528243956084408,3
254038,0.3020732458745922,-0.2543611737685872,3
254042,0.4022689034314913,0.4038877379813153,3
254053,0.43326903034068676,0.11306805328826565,3
254064,0.5354823616066636,0.5296026259268173,3
254144,5.5551479345447055,-4.41185521344121,3
254153,1.1304950642193192,1.036432831014801,3
254159,0.8481308907447134,0.650780412428677,3
254160,5.491563937415664,3.955002809970165,1
254196,1.035128893333898,-1.5084498289148953,3
254201,5.707229658393473,-2.409737598627016,20
254206,2.6424918708573215,-1.739072931216038,12
254214,0.2677231836605354,-0.22964084480222519,3
254224,1.731690458220549,-0.8370558719492887,3
254241,2.676518916341154,-2.3576471088169018,3
254268,0.735469342723304,0.9411647258961441,16
254289,0.9501500889408624,-0.2090974415041203,3
254299,5.2995364332100054,3.8379571219096245,20
254370,0.3209460232624707,0.32223759342027775,3
254377,3.258603923826069,3.653979589435429,1
254405,1.2736314687574986,-0.17914375839369517,3
254417,0.28645378872379174,0.06932656784078081,3
254442,0.2671175266318935,0.240125338809985,3
254450,1.1513070322501087,0.7190372900508331,18
254465,33.94662638782689,-4.005435884309648,23
254467,4.553664447111545,-0.23927522719774852,0
254481,1.0132003578206177,-1.1158445077478563,3
254502,1.4545873361796517,1.050659542605294,18
254676,0.6099947186879733,-0.7906751654491951,3
254690,0.47291237979778,0.4062352425405186,28
254716,0.6226771036288674,-1.16343863676212,3
254751,0.28377215881598405,-0.41787990324914903,3
254754,2.8436260134942715,-1.706685662948964,8
254755,0.5037363821043028,0.4557963897985062,3
254769,0.2352304652422221,0.18736090133713434,3
254777,1.471776299457449,1.3873254144913583,18
254822,1.493301294798846,-1.13655033626879,3
254859,1.213972466425373,-0.6236733754833408,3
254867,0.4258465267462017,-0.21353187502533633,3
254899,7.3741302378972815,-0.8054947695884371,12
254971,22.94179309447943,-5.370054187171994,25
254995,1.1103124417131471,0.9582758865268199,26
255014,0.471544349892968,-0.11318909085419152,3
255078,4.542760379453422,-0.9721270339842548,5
255092,6.0052892875411015,-0.48867890990854623,8
255133,1.6022743812895237,2.495907514788975,30
255161,0.9831207030086794,0.5928225372878551,0
255218,15.888481950193324,8.352380785634763,21
255267,1.6973403986652336,-0.8795313036940954,3
255275,0.43326903034068676,0.11306805328826565,3
255289,3.7213647199185043,2.866340410401345,16
255376,0.7904041134173558,-0.06319484422697799,3
255489,26.454351634572102,-3.483770371614245,21
255544,0.8944078115458788,-0.06039272556642099,8
255546,2.156772019381468,0.18291027909811983,3
255582,1.3554764820617045,0.8362969335863678,3
255607,0.8497807264977613,-0.4365713628383386,3
255618,11.586474713243998,5.028782308869478,30
255625,1.0111286883095454,0.985763976436053,1
255655,0.43326903034068676,0.11306805328826565,3
255661,0.925288519001089,-0.27423797450548637,3
255677,0.3990039561946952,-0.2617211636125522,3
255697,0.3645774637099172,0.3285437595172857,13
255719,10.294825374152072,-11.775962149919007,25
255728,0.31631144403441824,0.3293699358607534,3
255786,1.835452865514713,0.46429083739377647,24
255814,1.4594815196007875,-0.44399272553570907,16
255846,2.8735889310518004,3.097023040061845,20
255858,0.989801968191772,0.8732168356455752,3
255936,1.30406672627115,0.9150601307081327,0
255943,0.43326903034068676,0.11306805328826565,3
255979,0.43326903034068676,0.11306805328826565,3
256023,1.1516815282642512,-1.2407448188956076,3
256072,1.005397281113277,0.6570735007469488,3
256110,0.8538595048546772,-0.9644929639891501,3
256133,1.374797085443367,0.33462588960397494,3
256157,0.35194101180961435,0.08517556196367318,3
256167,17.786846720381565,-1.5645776976973789,27
256185,0.5066076310632887,0.31778174166406703,8
256247,4.52715808094621,3.458049400435012,22
256264,0.6839157849290693,0.7385740188856533,28
256270,1.30002259925513,1.2674108268463538,1
256303,0.3915009461108323,0.6098519484899966,3
256392,1.1272940613790947,-0.315809539172269,3
256402,7.885762835711888,-0.3894124183112122,1
256407,17.908102646948073,-8.76860158430841,25
256440,0.5670705318799311,-0.6914793344915499,3
256486,0.7554144071142228,0.4555154663702578,0
256507,1.9830513175991609,1.032425535793701,18
256526,0.47176899284432716,-0.0653962190782706,12
256544,0.27405108691963564,-0.5259890281081306,3
256545,0.3222263829802241,0.1712538705064163,3
256603,4.858571285371968,3.0631289981374046,20
256630,0.43326903034068676,0.11306805328826565,3
256633,0.7182071211504514,-0.47109809450259393,3
256732,0.8114297672623011,0.3644155203992406,3
256809,0.5899474816095137,-0.14161047441297425,3
256843,14.051900281519643,3.527044361895139,16
256844,1.3086196152745624,-0.4244797524968073,3
256864,1.4623148853800259,0.437663680989733,3
256889,0.7405324675931539,0.4492767464184635,3
256915,0.5298850119314243,-0.5664532689053756,3
256925,1.1458157732398433,-1.972289112667084,11
256927,1.402955283271666,0.7286798595903309,17
256941,1.1071061905213218,-0.45073079554891743,3
256971,0.3820426059739037,-0.02012328912281061,3
256983,0.29274353980151263,0.018258984810924625,3
257024,5.943590645005436,-5.625354882645416,29
257025,1.051073231793863,-0.07707471052585751,6
257028,4.001287027707625,-0.3703631504891557,3
257031,1.0885138884680527,-0.7210546812917424,3
257103,2.6568104617835075,1.3116223056861178,3
257145,0.4648309863376598,0.11377247680598863,3
257161,0.4241623140145506,-0.7294730950249191,3
257197,2.2287561889375573,-3.7347214407118354,5
257204,11.333013568832532,-11.775696429429727,25
257212,2.288378010462708,0.07868556150899042,11
257262,1.2569025957420508,0.4471368736413615,3
257312,3.5211550169288826,-0.374317767789786,27
257362,2.0312512520461996,0.7790630008747531,3
257419,0.6812807296261171,-0.7282970600211971,3
257454,3.1315971429615805,-1.2138265927781366,27
257483,0.7540992757311813,-1.4089938882077655,3
257492,1.477611674667092,0.7094632184384074,3
257495,0.25458583947186303,0.23313377708569727,8
257512,1.2536073334007591,-0.47179212873933934,3
257548,1.5413294424930888,0.347228157008897,17
257554,0.9124584479621257,0.6032496992569117,3
257591,1.3600242585767375,-1.2498771335482626,3
257605,0.20728864632220328,0.04351642437270938,3
257625,0.7592208945043444,-0.9841021372543629,3
257655,0.5696307367239399,0.37257703864285063,3
257676,2.3302899749158956,0.1449525327959845,3
257699,0.4665976504402811,-0.4772649833365715,3
257700,5.912647931717082,-1.854449804555515,16
257703,0.7461641415323724,0.2560669797292936,3
257707,1.8784704943971369,-1.825501196614339,5
257777,0.7010455631365295,0.3865576652971284,3
257784,0.44667238533022335,-0.4132197954158565,3
257791,0.8731975795926759,-0.07401290477382352,3
257804,2.443463155060388,1.5317610795213579,20
257809,0.8589655606267201,-1.2623109975394726,3
257820,1.6651533734742818,-0.8798908375419964,3
257931,0.39080828631014786,0.2889723498391283,3
257962,0.27027755887228916,-0.3980078969805074,3
257969,1.2184560432900007,1.1878904122027882,1
258011,0.178786179302885,0.17950566132502901,3
258023,0.39471471051029244,0.10300672514383746,3
258084,1.4608929688483068,1.368534001234467,16
258107,1.049140713732359,-1.0983974721315268,3
258109,7.961263805066734,6.281373992909415,20
258121,0.9571629086782598,-0.0701883102726881,6
258132,0.43326903034068676,0.11306805328826565,3
258151,2.996230968163676,-0.8543850479550418,1
258152,2.691615224075422,-0.006405534836186319,28
258160,2.5141725286025505,1.4185157440544112,3
258185,5.350753732530935,-3.0001385067030317,11
258240,2.7688618580262396,-4.427221200435236,3
258270,7.110480309509115,-4.465344008128781,6
258275,1.5524899057774135,1.726502273069361,18
258277,0.7859072498216134,-0.18864848475698584,3
258280,0.3585553895562149,0.305870436168086,3
258323,0.4209318325742367,0.4532366856960392,3
258329,5.391312077100155,2.796113995025028,3
258334,1.9606144529620417,0.6355515296371477,6
258352,3.388268808170347,-1.0437673440143713,1
258378,1.0341836335949532,0.6292231492143807,3
258425,1.0648306186378886,1.116991536186028,18
258459,1.5281109847144168,-2.867877757971748,3
258460,1.01230049360038,0.8529043374170641,3
258482,3.1843549969561034,2.5019595701255724,0
258520,0.4092475260298537,0.4157989544973805,24
258534,35.380983491285846,-3.3523338675847953,23
258553,0.58393635275766,-0.06456440223056925,3
258588,0.7246421836987602,-0.049871538325181264,3
258614,1.6937429731836906,0.5233060501347452,3
258622,0.6569661265989709,-1.269118256471733,3
258673,0.58393635275766,-0.06456440223056925,3
258690,3.543037261326719,-3.0063464065466574,11
258717,1.6144262721140699,0.21234584402409065,6
258879,1.0980308073713272,1.0212384600162234,3
258884,3.3430190405936373,-4.97853334006994,3
258938,19.180382228766295,-0.36817267311058843,9
258952,0.7904041134173558,-0.06319484422697799,3
259004,1.0200163084389406,-0.42973602007598455,3
259006,4.314197567909833,0.3292223768200046,26
259028,1.049807160899447,0.8137647110822747,3
259035,13.209004887477002,5.302869292684181,21
259057,2.335202687323077,1.037434470263476,13
259064,1.853526220692238,1.3055603838109056,3
259066,1.2885843005655868,-0.1638809807467977,3
259078,2.477805381441761,-2.0000973275593963,3
259111,0.5227553314008366,0.22046227693668455,3
259114,0.8299791881469211,-0.5292446655900594,3
259118,7.7128803230991645,5.840220321243064,30
259166,1.0254912715080757,-0.2563299227029096,3
259199,0.35078561368040745,-0.417830569817348,3
259205,1.122898060899677,-1.975438697460941,11
259208,0.2974716715202441,-0.19579094794921822,3
259223,1.094482649302916,-0.9191796801620825,3
259234,2.5128983020744986,-2.1799697933491484,3
259258,0.8095490409568485,0.7141952375945233,3
259259,5.279763560525181,1.1501638455886565,30
259260,3.4145376022641885,0.8880926555308065,16
259264,4.91459331952232,1.067927022844191,18
259265,1.9545134406573335,-0.3354421539311965,3
259279,1.7963701669803191,0.6094295484308027,3
259286,0.24563528535947515,-0.12487362025064348,3
259305,0.5037864161937979,0.5595132000374523,3
259309,2.0722422368212934,2.969608244481416,30
259316,0.43326903034068676,0.11306805328826565,3
259320,0.9160252522716954,-1.2850898464035687,3
259371,1.531299837712014,1.1343065133044892,3
259378,9.394805239993108,1.7069271765595713,27
259379,1.7669382433110015,1.1605252637902377,3
259380,1.7359871465116754,-1.240576066338087,12
259388,1.7762801963559653,-2.8173515115557297,3
259400,1.3819071933007145,-1.7487871965242539,3
259430,5.352580123502775,-2.76025033069978,29
259447,0.92024525399234,0.014895702342061026,3
259452,0.9335405758816145,-1.0810729894169775,3
259495,0.42209142271939065,0.14041349023700972,3
259502,0.6138712890447806,0.6236984317460708,24
259542,0.7118092087644143,0.7079961328365939,24
259543,1.4457297202458106,-0.19133105939410375,3
259584,0.7859072498216134,-0.18864848475698584,3
259622,1.0361253769636123,1.3259079607494537,16
259624,1.0545723266034923,-0.36445066283092503,3
259625,2.2003987138214427,-1.047355667453501,3
259626,3.385309169657036,3.302490563308876,13
259628,0.02952687543829293,-0.024705301962407937,3
259629,20.456597460315386,-8.525313785393658,25
259669,0.22154462422841772,0.030252558570402176,3
259734,0.3234500938211109,-0.5236974781098539,3
259757,0.3493873263414928,0.3002787658303799,3
259768,1.679455829862277,1.581152401561756,1
259778,0.6367604525804901,-0.9940728912369476,3
259829,3.78484563802717,-0.8442912292636157,6
259856,1.1331216106713342,0.6832731995553867,0
259901,2.9140198371782007,-0.10088641465789148,3
259929,0.5890380438060671,-0.38637141272293724,3
259930,4.534058713629371,1.2347513883020618,24
260067,3.48060003898726,-3.3694541398759643,5
260093,0.7056665754717482,-0.5660567947897753,3
260099,1.477796231439554,1.5706987879246301,24
260102,1.1631890007244179,0.45670870509441364,20
260108,2.607530143078638,3.0266980479597843,28
260183,6.860645651967474,4.589539231888319,30
260194,0.5920720657654387,0.1545100877157562,3
260202,1.1710505915651017,-1.6507391561186182,3
260217,0.7331179940107083,0.5907937594590772,3
260316,1.1484542062600824,-1.2449737524471582,3
260317,1.034656371939341,-0.06825417101484295,3
260332,1.9314267629174677,-0.39486562753261223,5
260363,3.063578277590305,-1.4094336171968285,27
260388,1.1331216106713342,0.6832731995553867,0
260406,0.5074082461864566,0.05528243956084408,3
260419,0.9677425057483955,0.09885055570612905,12
260447,1.5301940653201016,1.1066773906682845,20
260484,0.43326903034068676,0.11306805328826565,3
260531,0.48013683745849645,-0.4118265163330009,3
260573,0.7518685694499336,-1.1459804913302265,5
260590,0.8305853850893382,0.22616900452952404,3
260631,0.30210087765803095,0.16131038073376155,3
260655,0.7904041134173558,-0.06319484422697799,3
260662,1.0891627955714915,0.4255542553373676,3
260678,3.1143501151628725,3.4309154640207575,30
260699,7.153146753819136,2.937204957159681,17
260735,0.7350446798233535,-0.20451415758191363,3
260771,1.1397762414692076,0.422352906577245,3
260877,0.36599495436775475,-0.054583002515913887,3
260897,37.97967576554955,-5.611657103339961,23
260936,0.6076976570170785,0.11456143677998216,3
260944,2.6198017765505055,0.6468025476945785,3
260961,0.39943617921699914,0.18054599807385116,3
261015,1.6430609111340697,0.7131571458141077,3
261093,0.6230599126426466,-1.2086246304215176,11
261105,5.590632458491599,1.930347948179489,20
261120,1.4989968493462111,0.9036607553512008,26
261185,0.8785294034603293,-0.6287585964128702,3
261208,0.48013683745849645,-0.4118265163330009,3
261237,0.5270035422470268,0.30409074319482,3
261272,0.49271948107523034,-0.5322642339826262,3
261291,0.40979438775570054,-0.23271480764425262,3
261314,1.1185843566734877,-0.07055746212752656,3
261327,2.709672971224585,0.8588387012016766,3
261355,0.345270479491126,0.2750076958609463,3
261379,0.43326903034068676,0.11306805328826565,3
261397,0.4151289813244683,0.3913513946084767,3
261430,0.4151289813244683,0.3913513946084767,3
261460,1.0990532961132606,-1.2702584577440235,3
261528,1.2825376357884786,-2.0051595402521896,5
261567,1.22862865544091,0.049477003141369304,3
261590,0.8055348009552592,-0.1529991002523521,3
261601,0.360124454604894,-0.14855279814474465,3
261603,2.965340405730878,-3.5995164731282614,5
261611,0.8837329167780259,-0.0706567223854404,3
261685,1.3646315147663104,-0.48551464964945784,3
261724,1.3292508186947587,0.8394800967868948,28
261768,2.7181861937647165,-0.9466295233556109,17
261769,0.5740803453535164,0.2658813322913063,8
261780,0.6787347578116811,-1.31117060311778,3
261825,0.7997644746986075,-0.010061998519514448,3
261829,31.529336476348444,-6.49689536473366,23
261862,1.0161004892939591,0.618220912633613,3
261886,0.43326903034068676,0.11306805328826565,3
261956,0.24563528535947515,-0.12487362025064348,3
261998,2.7203230004379733,-2.424721483433098,3
262040,4.84438913824914,3.109443323873784,30
262051,1.4543256089138035,1.3566155056889104,16
262066,0.578959223699328,0.10703983274906267,3
262070,1.0769054266268205,0.763247265114191,26
262107,0.6226771036288674,-1.16343863676212,3
262118,1.4120030815650777,0.004663076050341883,3
262151,4.79674001254793,1.8771814328891976,30
262186,1.1801014910459784,-0.7517903382453164,3
262219,0.9854389621504607,-1.0645284679652525,3
262271,0.3518687922413357,0.2329531896962417,3
262281,2.2826490853756214,2.255957657872821,16
262298,0.46500483245937196,-0.5559073796153091,3
262310,0.7518685694499336,-1.1459804913302265,5
262311,0.3946575969431148,0.10159746679248706,3
262391,2.959382616561596,0.5786821859351374,3
262399,22.10386436085725,-15.561663454259623,23
262402,1.1858034129302446,-0.9778833111227763,3
262407,2.144902216035796,2.8224185732218396,30
262426,0.920521276667004,0.180573390485364,3
262459,4.345646599648272,-0.052630980582790934,6
262467,2.4286157924121183,2.0235233080593398,3
262469,5.143256963161857,3.6691714003120643,30
262491,0.22342078489718414,0.028570986576118968,3
262525,4.271515254217657,1.004672200509128,20
262541,0.3833061168900004,-0.377487886644871,3
262569,0.47291237979778,0.4062352425405186,28
262574,0.467712031205918,-0.8043697700415423,3
262607,0.722777120032282,0.1336293453427789,3
262666,2.0770772793464145,2.7094163305877177,16
262679,1.3566043347999406,0.907655276211673,0
262715,0.43326903034068676,0.11306805328826565,3
262736,1.7250280299200842,-0.8510466638669386,3
262795,2.3338148572312725,3.3944816348502176,30
262846,3.73628491842894,-6.432037572802606,11
262849,0.3784892942367317,-0.404609477789554,3
262859,0.35225288197985694,-0.10809469560091213,3
262902,2.2659886201119135,2.619658022990421,26
262912,0.5357209400203852,0.6127860535489724,3
262915,0.7518685694499336,-1.1459804913302265,5
262940,2.005143899088604,-0.25895568786787587,3
262952,0.08118106547951383,0.04314535497254674,3
262974,0.58393635275766,-0.06456440223056925,3
262998,8.669636355896312,7.246069606867728,22
263078,1.1035840063298128,-0.12062062521197739,3
263104,0.7231228256064947,-0.7811593241794842,3
263107,0.43326903034068676,0.11306805328826565,3
263163,15.711983235095397,3.284795108406699,12
263186,0.19056685628311584,0.20058662637651797,3
263219,1.7617542574987453,2.7443337682049846,30
263238,0.39310431853355443,0.20136956836508285,3
263321,0.2834378025722289,-0.010891947669131255,3
263325,18.85541023072659,13.071747143175353,21
263326,6.950554521157411,5.351355854694263,20
263344,5.088469919385014,3.2607472898218854,30
263353,0.43326903034068676,0.11306805328826565,3
263357,0.491380398166943,0.2517119604563536,3
263383,1.9867458995106337,-3.01236460766095,11
263393,3.4676429182554376,2.435341284799602,16
263418,0.9831207030086794,0.5928225372878551,0
263445,0.61698205614519,0.39949263727815587,3
263460,12.977211275859432,3.163416287461166,30
263475,0.572060599732527,0.6501478666452329,3
263480,0.7874695394021968,0.648130041327258,3
263500,1.2657597427673344,-1.219651598132004,3
263537,1.4337213321336764,-1.7807835319492356,3
263560,1.6545736866187222,1.6554667711022957,16
263582,2.524270041571877,2.167318539403582,3
263601,5.691249688034603,2.7667966369544037,30
263606,0.4966038747221635,0.3041592038790471,3
263641,0.8391320645244278,0.4839442306354959,3
263644,0.6367604525804901,-0.9940728912369476,3
263645,4.0038994062779985,1.2711802577359226,30
263663,2.9012925936769127,1.5800766553146275,1
263691,0.4981742860472194,0.19263321984530413,3
263793,0.4511809070489087,-0.2562174620586556,3
263829,0.5781271318345217,-0.002178099643114755,3
263852,1.0033980509667215,-0.7327198428436908,3
263872,0.7755762218493402,0.8600578347337458,28
263877,19.220456911188887,-5.183644544630288,23
263979,0.9867867762757311,0.25751681285959366,3
264029,0.7274531064244554,0.40116775606421956,3
264031,16.684588711167457,6.6674842978916775,21
264082,4.340723245271242,-5.34290151698376,3
264085,6.638376553735388,5.908167189663525,1
264107,0.47291237979778,0.4062352425405186,28
264124,0.37356558851933697,0.3084805633730186,3
264149,0.43326903034068676,0.11306805328826565,3
264152,2.265115110299362,-1.107451512381926,6
264191,0.43326903034068676,0.11306805328826565,3
264248,0.5601243455289687,-0.6486437936501865,3
264284,2.1116296191155874,0.9934655557809949,3
264300,2.342831374861143,0.09292815642907994,3
264311,1.2587261348219807,1.0338450604429783,24
264317,26.787714736389308,3.4501429609325545,21
264321,12.2984392005832,-1.702218781322976,17
264349,2.984074969457805,-2.1895198620393272,3
264355,1.0737232480484973,-0.5043675993890202,3
264390,0.6975880464849716,-0.5077397990605056,3
264428,1.2701256116174489,0.7727761407920163,3
264464,2.6659077802152695,-4.432510809388737,5
264525,6.393852085490178,2.948605599664996,17
264543,20.668079008021646,9.540636470858349,21
264553,1.6730079842871022,1.059558412319005,0
264555,2.4120583611342896,-1.5484612015834631,3
264600,1.039985885443049,-1.551762278689371,5
264627,1.7032661401368407,2.046265360484002,30
264637,6.03295405132567,-1.606240284402956,30
264655,0.7098636416281977,0.4429023962667358,13
264657,8.453103883269446,7.499725843753431,30
264763,0.6073767156034755,-0.7872817098034903,3
264861,0.5367954062227189,-0.27199468404224914,3
264862,1.0100670972641015,-0.6220381897752918,3
264903,0.43326903034068676,0.11306805328826565,3
264947,5.938940958504111,3.1813296833004903,18
264985,0.8837329167780259,-0.0706567223854404,3
264996,5.935109533398773,5.062320586301358,1
265004,0.30120443588456497,0.16083171491556048,3
265014,0.596877858712249,-1.2328983138376137,3
265075,0.643898786063652,0.663754850489989,18
265083,4.762144349038532,4.354476067917323,22
265115,41.01050651742677,-5.709519188004106,7
265168,1.9843169872634274,2.4757842256661644,30
265185,1.6022743812895237,2.495907514788975,30
265205,3.9799089682344415,3.2442993917540206,18
265206,0.7231228256064947,-0.7811593241794842,3
265276,1.7071046821253055,-0.4298826402289032,3
265281,0.588915866925443,-0.9396088859963461,3
265300,0.39080828631014786,0.2889723498391283,3
265313,36.33424034687523,-17.221142116602778,23
265348,2.3019689498116738,2.3099188329644127,30
265383,1.412658225975305,-0.5658112494012764,3
265403,1.8074430349602546,-0.3269636191451238,3
265439,1.0852060578460685,-0.5575201612148203,3
265444,0.46882724561525774,-0.23690575530897579,3
265446,1.6022743812895237,2.495907514788975,30
265447,0.7008795846809384,0.5256556556408312,20
265487,0.4864606841407115,0.015070560817299248,3
265498,0.520742135877031,-0.2730168962753604,3
265504,0.8014425650725411,0.809589541998122,26
265522,0.3295543452549766,-0.25369314352860733,3
265546,2.349671234912468,-0.30622156696256236,3
265553,1.7833560933575165,-1.2721664823705232,28
265591,1.6022743812895237,2.495907514788975,30
265595,1.5462664360722889,0.07937871203909479,3
265607,3.0897673364915086,-1.0462379644497486,6
265620,0.5459403187298044,-0.7461356489229565,3
265622,0.6685074291478196,0.1260251223563859,3
265656,2.5823158591610755,-3.2779009916059376,3
265676,1.796584946294916,-0.23655735505654146,6
265751,4.754297062482968,2.246840472066658,13
265784,0.5963317758490699,-0.07218191220652717,3
265827,5.365601720639156,-3.5886712717051714,26
265834,1.5201395093224956,-2.851122519367784,3
265881,2.3598721149064117,-0.13131049186905616,16
265889,8.68718835767171,3.6179410916008488,18
265904,1.1274693202263406,0.6343088397196945,3
265918,2.1249443003152035,-0.6171601213181764,18
265932,1.88927013277996,1.3274248840077634,26
265940,1.5660037844433292,2.4394077939599863,30
265972,2.4468091564614562,-2.50945559898632,6
266045,0.6569661265989709,-1.269118256471733,3
266056,21.837515931811044,8.205110855673949,21
266109,2.18407140565904,-0.6911597191774905,3
266146,0.39471471051029244,0.10300672514383746,3
266164,1.781861593043982,-1.7863476410951202,3
266171,0.4816371858266568,0.5349139127944263,3
266176,1.0852060578460685,-0.5575201612148203,3
266226,30.403895301515558,-11.695045660860497,23
266228,0.5270035422470268,0.30409074319482,3
266229,7.432826552574727,3.983060854747805,12
266250,0.6436363962861337,0.6501792118259254,26
266268,4.51103801648892,-5.65799178043143,11
266283,12.58109441604867,4.828049626392422,22
266299,0.776324922870645,0.5717973976043489,3
266312,1.5938308963697878,0.8059468461297424,3
266331,1.8151936707880494,-0.7640583885306416,18
266355,4.258940307308163,1.9721510103281594,12
266419,2.6364847497871224,0.8707574970794711,3
266429,0.9016239877507392,0.46796000711784197,3
266466,1.51485724681599,0.12794193570090187,3
266478,0.2968455759480523,0.026325518581446494,3
266522,1.230193899948419,0.38536089438802323,3
266566,1.1475380858548736,0.5723164146728157,3
266588,0.4657154654913167,0.45211362531135035,3
266614,0.45208223319804014,-0.5227791807689377,3
266650,3.2766176637126447,-0.39100305537064034,3
266667,0.7056665754717482,-0.5660567947897753,3
266678,0.9575864834944773,-0.06473532603945137,3
266697,3.038916292035095,2.1413976018760597,20
266741,0.4227742652976265,0.3606532008549074,3
266753,1.7848662214783422,1.2283440783737827,28
266764,0.8098295559976669,0.8765619185024124,22
266807,4.284160276728531,-1.8520058016860819,27
266819,2.0352919757390016,-1.0207908757281188,3
266840,2.173209073164331,-2.2289862839416203,3
266842,0.35225288197985694,-0.10809469560091213,3
266865,23.3602737094353,14.472747603895208,19
266866,5.611845614253841,1.6631053298626266,18
266872,1.008070779206073,0.08112907371006031,3
266881,0.7111659572973671,-0.7028701777549797,3
267033,9.392550736515576,-2.824959804811578,6
267061,7.888672563355381,-8.393151575013437,25
267180,0.6856334760869963,-1.4221065745647272,29
267184,1.7050882092779476,-1.3236370525622574,12
267249,11.53808354932867,8.316007393043499,1
267251,0.989801968191772,0.8732168356455752,3
267256,1.247432695757153,-0.6710854042056663,3
267259,0.9962214494686072,-0.21562958360978188,3
267272,0.5339821939742341,-1.035829811464595,11
267293,0.4535197766666105,0.3002507778307115,3
267297,0.5586055386725733,-0.36640962905757307,3
267300,0.4683549574100524,0.35489195382957633,3
267326,0.6230599126426466,-1.2086246304215176,11
267328,0.6041511007164444,-0.11474932518926409,3
267334,0.32516470696899025,0.2404340254520872,3
267354,0.4801512301420342,-0.29501721016557103,3
267356,2.036676904938368,-3.5198789973532993,11
267372,0.7231228256064947,-0.7811593241794842,3
267387,1.143113050455704,0.6954985267128146,3
267409,7.759423573509601,-3.1107137976252943,9
267453,0.8459110700215096,0.08807460457253394,3
267502,2.05102839235569,1.41692489759746,3
267506,0.5867472780982539,-0.5428040733642502,3
267510,7.737919793430215,4.036064885552779,1
267529,1.4111057611097333,-2.188430069785093,29
267538,2.5950710189389543,-1.795521523657808,3
267540,1.3058785726216757,-1.03250968267692,3
267545,0.7056665754717482,-0.5660567947897753,3
267549,1.2923155593762625,-2.40345505407785,3
267559,0.29603603288271935,0.0772550438578781,3
267596,0.6295120059285191,0.3795962219752148,0
267621,0.9910388196672639,-0.2888609690461944,3
267635,3.3135120844861636,-2.724872373603334,3
267642,0.9263591690936566,-1.0671239159465369,3
267645,0.6091095806857286,-0.06734774395216975,3
267713,0.7842042186990161,0.35028404939642904,3
267722,2.1128655048541187,1.4967260972040914,20
267738,0.5890380438060671,-0.38637141272293724,3
267759,0.9388569517671833,0.3784619780425598,28
267788,0.7662354847897414,-1.1678782077250716,5
267802,1.367556347490787,0.044557199487503425,6
267830,2.7016232488682492,-0.645106240054141,3
267851,0.36641733065155996,0.02285416265500732,3
267895,0.5764394610020009,-0.867560041560021,3
267920,3.247383220672193,2.601237870741887,9
267981,0.3695944546908543,-0.3780441052218632,3
267984,0.7685859480026679,-1.156746722080028,3
268013,1.799225045113618,-2.1833022605278245,3
268025,1.466005798181552,1.1051997562460643,22
268026,0.27027755887228916,-0.3980078969805074,3
268030,13.78128127054256,10.746829431884489,21
268032,21.572998714804026,-13.007680288640971,25
268035,1.1837764229277474,0.4574472618459437,3
268074,0.6077587535104604,-0.2967909821633645,3
268110,10.86983104603803,8.179852665286461,9
268147,0.5676533470795285,0.02393757948510981,3
268156,0.9356289198438374,-1.2017379875721523,3
268171,1.2184560432900007,1.1878904122027882,1
268191,1.7828808437581867,-1.034399301362068,3
268231,1.1968091897821147,-1.680385062256681,5
268239,1.5339532139986773,1.4237826214017795,16
268262,1.5951061789916048,-0.22250012273030487,3
268282,1.4621246981974902,1.2422208654834364,3
268292,1.0306686888517247,-1.6902755567890881,3
268300,6.888770903121373,-2.520080071791941,30
268330,24.984249386031593,-11.244565074191502,23
268434,0.8589445270823531,0.5383246903873012,3
268451,2.140578323808824,0.10404903794868262,3
268492,0.4392860937278754,-0.8279438688738066,3
268521,0.44921718788991954,0.4234871109261581,3
268544,5.636055949061182,-2.801755416977221,11
268579,0.5850546378710157,-0.6254302436340224,3
268584,0.4420316055659822,0.05532522721488374,3
268589,1.2760384411121577,0.7525559192207509,3
268593,0.4858083035469551,0.1482869478007191,3
268618,0.46099978657227636,0.3932619893589678,3
268622,18.645154841472177,1.3820394456314897,9
268639,0.34776977807973386,-0.17679573656946543,3
268657,4.592269441252505,2.886150356659706,1
268682,0.4481821301499268,-0.21884547248050737,3
268691,0.6122525028804402,0.7003269183416828,3
268692,1.6170336393612739,0.60840795196973,3
268704,0.46594619261565834,-0.19204424681935306,3
268746,1.6022743812895237,2.495907514788975,30
268751,4.056920050668923,4.412714839261975,30
268761,0.7042972490705184,0.055750744697227544,3
268774,0.9342873171501003,-0.06851085380076223,6
268786,0.3974111963812705,0.0556233022406934,3
268833,3.494279701722152,3.5870772720200055,30
268882,2.28273082701405,1.2226200421807958,1
268927,2.2720991604832856,3.3320644502764645,30
268932,9.616260907718065,1.4610265613673852,0
268984,0.834388248287316,0.190721266969964,3
269011,1.346899803934746,-0.6577325702368848,3
269076,0.3778022865782271,0.3418472923488796,3
269105,1.0072192094856305,0.6073539551603437,0
269114,1.602425284152253,-0.529263004881176,5
269140,1.7165795791742235,0.1645981368545402,3
269157,2.6247178451596147,-0.5097823832418967,18
269244,1.7647356526795617,-1.0908003786082805,3
269273,1.660565936045486,-2.6557751556251623,11
269308,0.9711779731402985,-0.49893870038667265,3
269309,0.7720019531902576,0.4884434999280989,3
269313,0.8012744603446789,0.9372722995914959,3
269340,0.6225343205184426,0.644711899156141,16
269344,1.5006362542235312,-1.121069958975892,3
269349,1.4522790926637936,0.9034267902161773,0
269373,0.35431542533930965,-0.28985707539154626,3
269386,6.172447378713011,-2.4172218334645117,1
269391,0.49339338813786554,0.12875840642979683,3
269397,1.1514991601403761,0.8904824806091501,22
269410,0.45868943233189696,-0.6408897873548745,3
269438,2.9531147779881675,1.3074418018606813,28
269439,2.939628774634701,-0.32028932705555774,5
269478,0.880752371202173,0.46726724964703753,3
269510,0.42460108782319633,-0.26088578035260124,3
269550,1.2249780903706537,0.8211399394813518,3
269554,1.1447890244423806,0.6321137316503094,3
269556,1.8713230026724166,0.11523278684629254,3
269557,0.6099947186879733,-0.7906751654491951,3
269565,0.5573256889406204,0.4535392219596967,3
269566,43.28429022941912,-18.681639242105188,10
269607,0.49339338813786554,0.12875840642979683,3
269614,3.4092315828186965,-1.6976898467995785,3
269692,1.1895442222767425,0.6566965892137427,3
269702,0.4150228803456284,0.4298079327707607,16
269719,14.210001038523936,1.403497179446354,6
269728,0.9093306324829044,0.6195031428867033,3
269752,0.3725880311641917,-0.3590837700806949,3
269759,2.633460367371004,-0.050897853452355715,3
269799,2.5198407996437124,-0.1213839823728533,1
269808,2.185422717668115,2.1513842688911273,16
269835,9.058722323557653,1.2796579429986574,9
269838,1.0633576260933624,-1.3745747651180147,26
269841,1.4937203942213149,-1.3072195883839355,26
269852,0.7894294210205849,0.20601345028767493,3
269890,6.053652542518753,1.31631158262912,1
269905,1.1050801681730913,1.1072635153801,28
269916,0.7353699079987177,0.2743784340220272,3
270026,0.5747730880903149,-0.45427823858676064,3
270046,0.3811337125662317,0.40117325275303595,3
270051,0.4282330228825497,-0.22794146224264797,3
270069,2.3160547290300904,0.1656250767577909,0
270070,1.719392270282294,-0.2776152178823836,3
270084,0.5444505500197875,-0.2658752548546807,3
270087,0.39442694440682247,0.13630864423931083,3
270091,0.39943617921699914,0.18054599807385116,3
270121,1.6005829132313656,-1.5872406508964185,3
270128,0.4333831103553182,0.3526775143895552,3
270131,1.2480733872572383,-0.9434386210422943,26
270156,3.5457314859659483,1.827230024233623,1
270211,2.070656686596829,-0.4400383330044811,3
270226,1.7536576658579894,1.5928280442586165,3
270234,2.222709881128136,0.9599445897003156,30
270264,3.267802554204115,-4.379541106311502,29
270326,3.52512022494949,-0.5787016667264023,3
270329,1.2337486675191807,-1.1743923921027941,3
270339,0.26132135971267173,-0.004686468950146608,3
270352,1.400537208183099,0.8273097433067872,3
270370,0.6569661265989709,-1.269118256471733,3
270401,0.7537785047451067,-0.2686997590150851,3
270416,0.2487857461695984,-0.056939514445129215,3
270418,2.091891673754555,1.8475066739054327,3
270537,1.7825387773602512,1.8432255904499455,3
270551,0.5667597182180226,0.6294523500421338,3
270554,18.74603756177056,15.661204824686155,21
270605,11.471969671980222,3.5400435820068052,6
270629,1.1972131553151941,1.1178635426458907,3
270658,0.49339338813786554,0.12875840642979683,3
270713,19.41276868196193,7.148038573866228,21
270715,1.574959302837031,-0.13970265602604565,3
270728,1.0383558512640965,1.088665549927951,18
270737,0.29827118120755064,-0.011461964732437982,3
270776,0.31299280027176046,-0.1591161629125189,3
270801,5.544063554487564,4.524718064961776,22
270820,15.316396761906566,-2.048199383517622,25
270828,0.38746888914783734,0.14982583765745877,3
270829,1.0945212954091261,-0.9444493771798809,3
270838,1.3586233951531823,-0.8369314078731721,3
270863,0.5037864161937979,0.5595132000374523,3
270896,0.6411540520580329,0.6476716335984977,26
270897,3.399804213238892,-1.3516270682673566,3
270906,1.6360346242043868,-0.014126302412834413,0
271000,1.357063064896039,1.6262371783446183,3
271004,0.43039688954188926,-0.36917499621538674,3
271016,0.6928613777342404,0.6112517849519027,3
271020,0.7518685694499336,-1.1459804913302265,5
271038,0.8505567147023194,0.6167174864490506,3
271083,0.3410396050248781,0.3464991287478171,24
271086,0.8474225663379003,-0.8770475253750092,3
271110,0.4258465267462017,-0.21353187502533633,3
271135,0.9831207030086794,0.5928225372878551,0
271144,4.195290025468831,1.725875347247304,8
271156,1.2696975978370788,1.3590908219187394,18
271173,0.7299513371541054,0.47743755738038246,3
271176,5.260061218299555,0.36204583218364633,12
271195,15.12490812930344,5.032308405732194,21
271241,0.3967101578062343,-0.6423127188783251,3
271245,1.122898060899677,-1.975438697460941,11
271271,0.43326903034068676,0.11306805328826565,3
271284,14.29407389411229,-20.743585888144974,25
271306,2.635248987836776,0.14156711197681734,3
271354,0.24395294983459384,0.01521582067577052,3
271364,0.9690049655453261,0.42709713280649364,8
271375,4.626559842521664,0.2556030298309084,11
271410,0.3809494243458478,-0.2129485894176815,3
271438,0.5177462219071206,0.40063591996027526,3
271448,29.016722125647753,11.024979638529707,21
271460,0.5184586465463884,-0.09861896464240132,3
271466,1.0501453534901086,-0.21588418999440684,3
271503,1.7664211076297618,0.5377505183379896,3
271516,0.9002412224127561,-0.7670571518591002,3
271531,1.5499300969864276,-0.5309402388764843,3
271538,18.528753330111577,8.18370277129425,21
271542,0.7380812611502026,0.5535566989338689,20
271557,0.4481821301499268,-0.21884547248050737,3
271558,7.478222868390038,-5.380436431614628,25
271587,0.39943617921699914,0.18054599807385116,3
271588,0.6292731776728915,-0.2852895524364178,3
271593,1.7956223633950046,0.1426704359562494,3
271622,1.0623170563608977,0.6104381200941995,3
271659,0.4801512301420342,-0.29501721016557103,3
271674,5.209311239293834,5.938013055955694,30
271705,20.16739324371231,9.629288283952587,21
271711,0.31480280276698364,0.29246781579282427,3
271720,0.30546664192407236,0.3177100924113677,3
271746,3.013334088770071,3.0375828063570456,30
271752,0.42807758532387175,-0.36717386988539924,3
271792,0.39471471051029244,0.10300672514383746,3
271800,1.1405714635066502,0.8327646213046889,3
271833,0.8095490409568485,0.7141952375945233,3
271859,0.8837329167780259,-0.0706567223854404,3
271894,1.560554381621538,0.5024272557252827,3
272002,0.43406975501219885,0.08182959769998727,3
272073,0.43326903034068676,0.11306805328826565,3
272077,3.1843367203358173,2.1713226510707875,1
272080,0.7592208945043444,-0.9841021372543629,3
272120,2.0855664069153343,-1.0897908270088936,3
272140,0.670008577995335,-0.6198296931237848,3
272144,2.0013031887599873,1.5544639167115117,1
272202,1.3627651893892117,0.6015956176248548,13
272225,5.637709121631376,-0.2726861159815422,1
272233,1.5861597591357786,0.39756049804449267,0
272373,0.3890313863340862,0.23871615745777602,3
272385,1.3984323152745486,-0.9265983210592976,3
272395,0.35431542533930965,-0.28985707539154626,3
272407,2.891112727136813,-0.48077473697528444,1
272423,1.0952265484317563,-0.3229016171840777,3
272434,0.43326903034068676,0.11306805328826565,3
272445,2.7114672211886077,2.9486330173762774,22
272482,0.2524420820119026,0.26889473859259855,3
272516,0.5314340942392822,-0.6353227195603532,3
272546,0.5545071541807982,0.5742612875862779,16
272573,13.161084481609992,-2.3101801431422304,17
272626,1.5542487464754335,-1.7472701180398185,3
272705,2.333166947222136,-0.149945438474527,1
272706,0.4981742860472194,0.19263321984530413,3
272708,1.1199078014307504,0.6283781567758528,3
272715,4.035194635108587,2.0216143326416596,13
272722,0.2876115793630871,0.1271569081586599,3
272786,7.024202255617899,-0.6514156812600945,5
272810,0.6815344333852192,-0.026140320806466093,3
272885,0.8827202438493091,-0.9263705991543373,3
272890,0.895368373780209,-0.6193299062770415,3
272961,0.4350068963295919,0.01222435956177148,3
272975,1.8286067056213688,-0.26809022316113446,3
272980,0.596877858712249,-1.2328983138376137,3
272982,0.6342956587332371,0.3209073863027312,3
272988,0.3209460232624707,0.32223759342027775,3
272989,0.41457729264440657,0.08703284874541876,3
273030,1.7132597204860254,1.9039677916680393,3
273038,1.423432796022344,-1.1272042079614624,3
273063,1.5612582693190502,1.8357036478705182,16
273071,3.4299053020000505,2.5081478677184106,20
273075,0.45184985759089996,-0.06263504538385473,12
273086,19.74957075775446,-5.33597160582181,25
273089,0.9577943559871767,-1.4598477596563395,5
273110,3.027830492499699,-5.004797129781127,26
273113,1.7123410979827693,-0.7517023811745801,3
273140,0.9744340514713455,0.07034170252869773,3
273190,3.3894649598404465,-0.49861075899127794,8
273252,1.3557571575446754,-2.6093137256107166,3
273307,7.988898024672166,2.822132630826229,0
273318,1.7032827880404504,-2.1004011752544787,11
273380,0.43326903034068676,0.11306805328826565,3
273440,1.496529132781066,-0.09041548331789875,3
273470,1.3407465073507696,0.451786621681612,3
273507,1.9188142548173506,-0.5300792104249429,26
273535,1.1164241109007087,0.21330587281420624,3
273587,0.8033517779772913,-0.8052173958874074,3
273635,0.7401533113318604,0.27952612177701547,3
273707,0.46697219207206925,-0.8801252051473658,3
273718,1.999272814784016,2.552475847248252,30
273737,1.1390482340865031,0.7778449444540321,3
273770,1.16818675172412,0.36879036527256837,24
273805,1.3511880269887413,-0.8800512509261154,3
273806,1.0562618501900087,0.45261290236404444,3
273813,4.497305349349657,-1.7211102233687385,6
273857,0.44665858152198995,0.10932458162221542,3
273869,2.9414158407051234,1.3877910490943353,0
273886,0.596877858712249,-1.2328983138376137,3
273905,0.49400294064535466,-0.5060431429623596,3
273906,0.43326903034068676,0.11306805328826565,3
273976,1.461164519433056,-0.451191886598353,3
273978,0.43326903034068676,0.11306805328826565,3
273979,23.737898686844975,9.131307751435106,31
273993,1.0852060578460685,-0.5575201612148203,3
274004,13.966409062102885,-2.9755356192993307,12
274052,0.2940582121107126,-0.5643889062212879,3
274056,8.102935144011958,-0.369044677303171,9
274061,8.572981071648028,-7.5685464853124715,5
274117,0.7353699079987177,0.2743784340220272,3
274120,0.43326903034068676,0.11306805328826565,3
274135,3.1978893163704423,2.066678149352263,30
274144,0.43326903034068676,0.11306805328826565,3
274199,0.3300837091083466,0.3022700006352489,8
274220,0.43326903034068676,0.11306805328826565,3
274301,8.601136247642774,-4.235131573601811,29
274308,28.323046983727696,-22.38046134570748,23
274325,4.573954679302452,1.4175311954974419,6
274338,0.4241623140145506,-0.7294730950249191,3
274339,0.34567632949901,-0.19323112743456283,3
274363,1.5357796761836209,1.638386808895994,16
274368,0.7874695394021968,0.648130041327258,3
274380,3.227523251154423,-0.16584502552118266,6
274393,4.635138480556352,3.327987005675162,1
274414,0.6321677883753113,0.7010282728395815,28
274418,0.39310431853355443,0.20136956836508285,3
274423,2.811027103268049,-3.922486214625712,12
274466,2.6288266641036526,1.1414345701861548,3
274549,6.5021002427460965,-4.819671863792467,11
274618,1.2058949855556507,-0.21865155762229513,3
274634,1.2439474338234717,-0.25974672888843875,3
274644,0.9577943559871767,-1.4598477596563395,5
274656,3.490921781996448,1.9260856767251437,22
274692,0.9963198402168911,-0.2687350523336187,3
274701,0.4748911739238766,0.21245906534211775,3
274772,1.7092529161618135,-0.2480642357847418,0
274779,0.45184985759089996,-0.06263504538385473,12
274803,0.43326903034068676,0.11306805328826565,3
274808,6.21288455147232,1.4218462466794592,16
274823,1.647399644558795,-3.1396386721375236,26
274856,0.43326903034068676,0.11306805328826565,3
274881,0.727428873384435,0.13129232289257817,3
274925,0.8668929007996505,-1.7980657839324137,29
274979,1.3137046297289467,-0.7262274328264794,3
274983,1.2185633105875406,0.18246921823604118,17
275020,1.628272850292477,0.6270588887785816,3
275074,0.4704609304844442,0.3747218026742687,3
275075,2.1406377761687403,-2.2445707100747274,5
275087,1.6277637508525022,-1.8754085901734427,3
275111,2.169927728369052,2.5198450942740847,30
275154,3.4106580041284045,1.1047488050793626,1
275175,3.2313521314977534,-4.39739077419604,29
275179,1.4422102600230937,-0.5020032730760069,18
275195,0.2573009355968735,-0.4938402929436269,3
275210,3.684461291658117,-0.7207015208925399,18
275220,0.2778094931231141,-0.004982162824382049,3
275274,0.8999052469617986,0.42927742616934045,3
275276,0.6752875039005115,-0.3297677579592939,3
275281,1.817099722066736,-0.8038485584609637,28
275305,1.3940811389977874,-0.2696008519005336,3
275306,2.851281620078707,-0.974183100934427,5
275317,0.7182301297996894,0.7774144273208845,22
275318,0.7577627656072463,-0.6078462225930473,3
275322,0.7875844556799965,-0.1767890221032806,3
275357,5.352853910148227,-0.07455911555179731,11
275358,0.42968068308568763,0.10398985176117122,3
275374,0.6287257998572907,-0.15091878780558868,3
275377,0.38008710219692776,0.027908979670317722,3
275383,0.9514434880998557,0.48136107945409673,3
275401,1.7634025726450286,-0.7570625296641983,3
275439,6.223517458551656,-11.999445854056418,25
275520,2.9203870755351113,-3.593245162705472,26
275573,1.2184560432900007,1.1878904122027882,1
275610,0.8563384388969788,0.43324485424637627,3
275611,0.989655060110183,-0.7419923411495923,3
275638,5.186757385419873,2.4865639265241777,28
275659,0.43326903034068676,0.11306805328826565,3
275673,1.7552967299119906,-2.4727349216663477,3
275677,1.0142284556311336,0.9543027703001042,24
275704,1.191793706153327,-0.0666965721471819,3
275761,0.24563528535947515,-0.12487362025064348,3
275793,0.43326903034068676,0.11306805328826565,3
275800,2.8044092362727113,-4.854251526370458,29
275815,0.44620750728036623,-0.2936864219238273,3
275922,10.042310341533042,0.9710069233614229,16
275923,0.23057578440080034,-0.3470240166240084,3
275933,3.3721306523291608,1.2943782707234808,30
275956,0.5867472780982539,-0.5428040733642502,3
275970,11.500573780010289,3.441168427076648,9
275994,1.9904597856328505,-3.2972867913271204,3
276017,0.7883511697203686,-0.8516227743722019,3
276018,1.655972400423765,-0.46286845907935176,3
276020,0.38429297400133394,-0.578373361040014,3
276038,1.6594869907358218,-0.4152473157834832,3
276050,5.5607079960847665,1.948732606846474,9
276071,1.9371104858628765,-3.0648461843769796,3
276077,0.6815344333852192,-0.026140320806466093,3
276094,2.421422335642888,-0.8102789029904091,3
276147,0.7762893716502953,0.474123980765998,3
276161,0.4258465267462017,-0.21353187502533633,3
276165,6.187495618110786,3.9423116685663246,1
276167,0.9989964617720848,0.6344291260051749,3
276181,1.0498013922909597,0.6537037267074696,3
276203,2.2340144107543947,1.0710523072862732,3
276231,5.7963150729483415,-1.0027081403827223,20
276291,0.45004375300021926,0.1091606064350876,3
276307,0.2334114798293661,0.216851136923312,3
276313,3.3310270356417884,-0.6623930029160021,3
276328,1.9043749915091277,1.8271632288391955,28
276369,0.5429017086019724,-0.891209014540755,3
276401,0.5573256889406204,0.4535392219596967,3
276463,1.8978631185079784,1.1344546520015142,8
276487,0.43326903034068676,0.11306805328826565,3
276498,0.3525414836999639,-0.4613147804450659,3
276521,0.258858995897588,-0.10669124823297392,3
276545,1.7617542574987453,2.7443337682049846,30
276563,0.45184985759089996,-0.06263504538385473,12
276641,4.1215583035563075,0.8037284566162491,3
276670,3.4761077951695043,4.171684905664655,30
276680,5.801966390479353,5.753170670584658,1
276681,1.3965752886563318,1.2203411753535167,28
276688,1.808580867325282,0.443977449337703,3
276704,0.5707543782885978,-0.31518561784475885,3
276847,0.6099947186879733,-0.7906751654491951,3
276925,4.148281964090808,3.665374659445756,1
276939,1.5184750881867553,-0.44445210792655465,3
276954,0.43326903034068676,0.11306805328826565,3
276964,0.7540992757311813,-1.4089938882077655,3
277042,3.6352560420640834,-0.5997712048061292,3
277143,0.9968392474510547,0.014048941395578825,3
277157,0.8514692622908779,0.14377559822772237,3
277168,0.9414573506254068,-1.400923666441412,3
277170,0.5850546378710157,-0.6254302436340224,3
277171,0.4858083035469551,0.1482869478007191,3
277187,0.744110689873415,-0.056805363467238586,3
277195,7.308472286870553,1.2189116684893968,30
277244,0.5193541294285713,0.4018801308918289,3
277378,2.8739393407504705,1.3109529851916386,3
277427,21.474283854382627,3.293346829111641,21
277439,3.328720956533357,3.696764182604296,1
277466,1.9234288724094544,-1.6081053561120229,3
277478,5.136824557509361,-1.4585989118085358,16
277523,0.7101234073336921,-0.6036920425544781,3
277554,0.39943617921699914,0.18054599807385116,3
277563,0.863948970831244,0.5414611160198544,3
277589,1.2184560432900007,1.1878904122027882,1
277623,0.39839127366926513,0.42896622805602713,3
277629,1.4089265739335899,-1.9905477049749596,3
277639,5.144959744419381,-7.808865206140296,29
277681,1.0980308073713272,1.0212384600162234,3
277711,0.6258795856587406,0.07833586976521827,3
277722,0.9282275158796679,0.6040016229938199,3
277744,0.518932313710962,0.2871388999239293,3
277873,1.3058723530523284,1.2145443113764371,3
277901,1.6089364223523628,1.3201094483343336,22
277915,0.41051359094822504,0.271778721312282,3
277922,0.4634663331425083,-0.7394555138314439,3
277923,1.0234862045036652,0.1255612758418987,3
277928,0.39442694440682247,0.13630864423931083,3
277937,2.205921366332749,2.4436503505336646,28
277938,1.143113050455704,0.6954985267128146,3
277959,0.6411540520580329,0.6476716335984977,26
277965,7.294999850890375,0.03876807887630777,30
277984,0.6288154147187563,-0.6214802575731782,3
278002,0.5899474816095137,-0.14161047441297425,3
278007,1.87357693672547,0.8080865054765303,3
278019,0.5850546378710157,-0.6254302436340224,3
278026,1.4192226115027997,-0.3639735316000207,3
278137,5.4004344441550645,-0.6554464498127514,6
278144,5.609685809682408,0.6851200573993468,9
278188,2.475689067295359,-0.8388969938922459,3
278194,0.8238325016983198,0.18972645516296954,8
278202,0.4864335674641478,0.3779847177432108,3
278218,0.26679359879636216,0.28082127692712516,3
278221,2.914086498035852,-0.284473797073351,6
278342,0.4691583896551143,0.3106042529283223,3
278346,0.3285481001914289,-0.3235610456956037,3
278356,2.800699001759661,-1.1072346139654858,3
278390,2.465781420315929,0.32564884337270084,6
278418,21.201642102390448,-13.977653496963331,23
278422,0.6342956587332371,0.3209073863027312,3
278535,2.684915797769264,-2.136507556765883,3
278543,0.503459250597037,-0.09562443765772007,3
278552,1.0768560466721928,0.42516568970830443,3
278554,0.3820426059739037,-0.02012328912281061,3
278582,4.086988774780466,-0.9541126268938083,27
278586,0.43410323484972335,-0.21115643610811366,3
278633,8.294107835961238,6.277558167222598,17
278723,0.23517082940822773,-0.26436992904954937,3
278773,0.43438525965363173,0.031895976766077395,3
278843,6.2157325353913775,1.3893283131357987,6
